mechanism_index,mechanism_name,mechanism_digest,flat_trace_digest,oracle_trace_digest,full_canonical_trace_digest,full_reverse_trace_digest,flat_signature_digest,oracle_signature_digest
0,grid_0000_n5_north_west_south_east_h0_open_t12,a3bc3fd55f452bca194821519c097e66fe7addfbcd2f54253a43d2b59e47742e,8f418c58467d108a5d3fca4125729d5443843c0dfbf8ef1632235d88618f26e6,8f418c58467d108a5d3fca4125729d5443843c0dfbf8ef1632235d88618f26e6,8f418c58467d108a5d3fca4125729d5443843c0dfbf8ef1632235d88618f26e6,8f418c58467d108a5d3fca4125729d5443843c0dfbf8ef1632235d88618f26e6,4b329581bd90a739dd5d14c4daafe02b1d30c7ed924ee9d0fe55e4d1c400923a,4b329581bd90a739dd5d14c4daafe02b1d30c7ed924ee9d0fe55e4d1c400923a
1,grid_0001_n5_north_west_south_east_h0_open_t14,3c3ccc5c62182225057cd35a68d16f219ce59d8cb09d0901eac9dccb7db63357,5c3d5078362a3671e59337554afe98f6170e634db03c63400cf48046c4b293f2,5c3d5078362a3671e59337554afe98f6170e634db03c63400cf48046c4b293f2,5c3d5078362a3671e59337554afe98f6170e634db03c63400cf48046c4b293f2,5c3d5078362a3671e59337554afe98f6170e634db03c63400cf48046c4b293f2,4b329581bd90a739dd5d14c4daafe02b1d30c7ed924ee9d0fe55e4d1c400923a,4b329581bd90a739dd5d14c4daafe02b1d30c7ed924ee9d0fe55e4d1c400923a
2,grid_0002_n5_north_west_south_east_h0_open_t16,b5e6af6cd62b3088c7c5960d40e92f904eb5b1c63617a7152176143275fc5add,0f9cbe3ea7ffce1cb4b8b1de50e29e56bb3e7cc8e8670066369b7a559f1a3594,0f9cbe3ea7ffce1cb4b8b1de50e29e56bb3e7cc8e8670066369b7a559f1a3594,0f9cbe3ea7ffce1cb4b8b1de50e29e56bb3e7cc8e8670066369b7a559f1a3594,0f9cbe3ea7ffce1cb4b8b1de50e29e56bb3e7cc8e8670066369b7a559f1a3594,4b329581bd90a739dd5d14c4daafe02b1d30c7ed924ee9d0fe55e4d1c400923a,4b329581bd90a739dd5d14c4daafe02b1d30c7ed924ee9d0fe55e4d1c400923a
3,grid_0003_n5_north_west_south_east_h0_open_t18,c987c64658bbb9ba239926b0ccd63ca47ffd3582aa36a78d273cf163d91ab2c1,c208b8c327d77aaae045129c675a075ffc43259ce8c042a91c4f3b36cf6db242,c208b8c327d77aaae045129c675a075ffc43259ce8c042a91c4f3b36cf6db242,c208b8c327d77aaae045129c675a075ffc43259ce8c042a91c4f3b36cf6db242,c208b8c327d77aaae045129c675a075ffc43259ce8c042a91c4f3b36cf6db242,4b329581bd90a739dd5d14c4daafe02b1d30c7ed924ee9d0fe55e4d1c400923a,4b329581bd90a739dd5d14c4daafe02b1d30c7ed924ee9d0fe55e4d1c400923a
4,grid_0004_n5_north_west_south_east_h0_gate_t12,9e3a7420183d323b33145933bf55781f0c0489ae1f2d3c4a23fdad76f44ea405,ff6d6e846fec40d44dd772c44ae0a75f86c51644f234ae935dd510706d83c302,ff6d6e846fec40d44dd772c44ae0a75f86c51644f234ae935dd510706d83c302,ff6d6e846fec40d44dd772c44ae0a75f86c51644f234ae935dd510706d83c302,ff6d6e846fec40d44dd772c44ae0a75f86c51644f234ae935dd510706d83c302,4b329581bd90a739dd5d14c4daafe02b1d30c7ed924ee9d0fe55e4d1c400923a,4b329581bd90a739dd5d14c4daafe02b1d30c7ed924ee9d0fe55e4d1c400923a
5,grid_0005_n5_north_west_south_east_h0_gate_t14,d8f1fb76495be256ec9c639afaf66be20de74a8e8f5c76d9c6e29abdbe9df292,f0f580967a25a841fd9f1fad6d73321e1763ae78799be68f9cb857697afded1a,f0f580967a25a841fd9f1fad6d73321e1763ae78799be68f9cb857697afded1a,f0f580967a25a841fd9f1fad6d73321e1763ae78799be68f9cb857697afded1a,f0f580967a25a841fd9f1fad6d73321e1763ae78799be68f9cb857697afded1a,4b329581bd90a739dd5d14c4daafe02b1d30c7ed924ee9d0fe55e4d1c400923a,4b329581bd90a739dd5d14c4daafe02b1d30c7ed924ee9d0fe55e4d1c400923a
6,grid_0006_n5_north_west_south_east_h0_gate_t16,71c2f9d5e1bc3d16608c0dfe0b791bc0c8c08fb0f876af42e27b8fb7c8c673b4,b63b3b6f4f4ebc8d26a9ddb8f43e9e10292ba3666211377a54d4377c4b91e266,b63b3b6f4f4ebc8d26a9ddb8f43e9e10292ba3666211377a54d4377c4b91e266,b63b3b6f4f4ebc8d26a9ddb8f43e9e10292ba3666211377a54d4377c4b91e266,b63b3b6f4f4ebc8d26a9ddb8f43e9e10292ba3666211377a54d4377c4b91e266,4b329581bd90a739dd5d14c4daafe02b1d30c7ed924ee9d0fe55e4d1c400923a,4b329581bd90a739dd5d14c4daafe02b1d30c7ed924ee9d0fe55e4d1c400923a
7,grid_0007_n5_north_west_south_east_h0_gate_t18,b43b1fccafa7cda986b004210d6be30ca1e2b9b11976596159b97caed9ba1538,c55a4df1665faf17b18f997265d233b336b3ef97ec6c135c2d6cbd7fb037661d,c55a4df1665faf17b18f997265d233b336b3ef97ec6c135c2d6cbd7fb037661d,c55a4df1665faf17b18f997265d233b336b3ef97ec6c135c2d6cbd7fb037661d,c55a4df1665faf17b18f997265d233b336b3ef97ec6c135c2d6cbd7fb037661d,4b329581bd90a739dd5d14c4daafe02b1d30c7ed924ee9d0fe55e4d1c400923a,4b329581bd90a739dd5d14c4daafe02b1d30c7ed924ee9d0fe55e4d1c400923a
8,grid_0008_n5_north_west_south_east_h0_staggered_t12,af10fb382da5add4001d1635e76120f211605d6c95b47fca7a0b4eb7554b65e0,6d7419f144ffc7b3facaae575411b4453f87916c26bfb76d4cfba4fccbd91ae2,6d7419f144ffc7b3facaae575411b4453f87916c26bfb76d4cfba4fccbd91ae2,6d7419f144ffc7b3facaae575411b4453f87916c26bfb76d4cfba4fccbd91ae2,6d7419f144ffc7b3facaae575411b4453f87916c26bfb76d4cfba4fccbd91ae2,4b329581bd90a739dd5d14c4daafe02b1d30c7ed924ee9d0fe55e4d1c400923a,4b329581bd90a739dd5d14c4daafe02b1d30c7ed924ee9d0fe55e4d1c400923a
9,grid_0009_n5_north_west_south_east_h0_staggered_t14,7f5215e590563a91c4bf3afb75bf6964d7628ef362e8683586cfd4e33be96a68,125de13a56dea76b2c07b1ec02a5a46c962e5083d160d6d3ca94aa87d379bd71,125de13a56dea76b2c07b1ec02a5a46c962e5083d160d6d3ca94aa87d379bd71,125de13a56dea76b2c07b1ec02a5a46c962e5083d160d6d3ca94aa87d379bd71,125de13a56dea76b2c07b1ec02a5a46c962e5083d160d6d3ca94aa87d379bd71,4b329581bd90a739dd5d14c4daafe02b1d30c7ed924ee9d0fe55e4d1c400923a,4b329581bd90a739dd5d14c4daafe02b1d30c7ed924ee9d0fe55e4d1c400923a
10,grid_0010_n5_north_west_south_east_h0_staggered_t16,35e8f0545b526401ac5af01cb2cfc966254454f67ae4f0f317d4a4b7f763ee15,16c16fe4ae84ed368f1cd5c13834a4fac1549dee9d229f4d0b24be0b18190072,16c16fe4ae84ed368f1cd5c13834a4fac1549dee9d229f4d0b24be0b18190072,16c16fe4ae84ed368f1cd5c13834a4fac1549dee9d229f4d0b24be0b18190072,16c16fe4ae84ed368f1cd5c13834a4fac1549dee9d229f4d0b24be0b18190072,4b329581bd90a739dd5d14c4daafe02b1d30c7ed924ee9d0fe55e4d1c400923a,4b329581bd90a739dd5d14c4daafe02b1d30c7ed924ee9d0fe55e4d1c400923a
11,grid_0011_n5_north_west_south_east_h0_staggered_t18,2af14824b165df2a57937dfe5ffadffb60975075f98ba80d9fbf6cdd6a78c1e8,0c19a5ad72defe484f61cbce99a424127aed4ff1736f49727e0a21360fc8a7a1,0c19a5ad72defe484f61cbce99a424127aed4ff1736f49727e0a21360fc8a7a1,0c19a5ad72defe484f61cbce99a424127aed4ff1736f49727e0a21360fc8a7a1,0c19a5ad72defe484f61cbce99a424127aed4ff1736f49727e0a21360fc8a7a1,4b329581bd90a739dd5d14c4daafe02b1d30c7ed924ee9d0fe55e4d1c400923a,4b329581bd90a739dd5d14c4daafe02b1d30c7ed924ee9d0fe55e4d1c400923a
12,grid_0012_n5_north_west_south_east_h1_open_t12,0aed03e01443883b8c75527397ef83023a61e84612b3ec05af42d879049b1391,36279463013be651c40a494f6797232849f6f367f16d3b8ee4bad6bcffae25a2,36279463013be651c40a494f6797232849f6f367f16d3b8ee4bad6bcffae25a2,36279463013be651c40a494f6797232849f6f367f16d3b8ee4bad6bcffae25a2,36279463013be651c40a494f6797232849f6f367f16d3b8ee4bad6bcffae25a2,fee3f18e8344ee0785ce7038711fdc799cb77a500893aff32d973558c7a414d8,fee3f18e8344ee0785ce7038711fdc799cb77a500893aff32d973558c7a414d8
13,grid_0013_n5_north_west_south_east_h1_open_t14,a1736da20349459c5e8ad1a261597da1350c9c84a0710272948bf1abf26272fd,5d814f7fd6e0f9ebce998c69f74dc4a714681fe099041ace479aa2de11367579,5d814f7fd6e0f9ebce998c69f74dc4a714681fe099041ace479aa2de11367579,5d814f7fd6e0f9ebce998c69f74dc4a714681fe099041ace479aa2de11367579,5d814f7fd6e0f9ebce998c69f74dc4a714681fe099041ace479aa2de11367579,fee3f18e8344ee0785ce7038711fdc799cb77a500893aff32d973558c7a414d8,fee3f18e8344ee0785ce7038711fdc799cb77a500893aff32d973558c7a414d8
14,grid_0014_n5_north_west_south_east_h1_open_t16,5d53ec34c08e9a98f4f159fc00090d509e01f436bedc76adffd9224c7bea0d54,5cdbed3b2f4064fd6ca7d175ba317fd801a4b9d6ce5ab1dc4233f58f1e9f128c,5cdbed3b2f4064fd6ca7d175ba317fd801a4b9d6ce5ab1dc4233f58f1e9f128c,5cdbed3b2f4064fd6ca7d175ba317fd801a4b9d6ce5ab1dc4233f58f1e9f128c,5cdbed3b2f4064fd6ca7d175ba317fd801a4b9d6ce5ab1dc4233f58f1e9f128c,fee3f18e8344ee0785ce7038711fdc799cb77a500893aff32d973558c7a414d8,fee3f18e8344ee0785ce7038711fdc799cb77a500893aff32d973558c7a414d8
15,grid_0015_n5_north_west_south_east_h1_open_t18,ef16bffbdd5b0e6091bbf8fee427f6f2dbebe6ca09ec456df02d3b7643136c0c,cace9f359c5ade5b42bb5a673603ea4b343c13d0573d730ad0371e17db4c5aa6,cace9f359c5ade5b42bb5a673603ea4b343c13d0573d730ad0371e17db4c5aa6,cace9f359c5ade5b42bb5a673603ea4b343c13d0573d730ad0371e17db4c5aa6,cace9f359c5ade5b42bb5a673603ea4b343c13d0573d730ad0371e17db4c5aa6,fee3f18e8344ee0785ce7038711fdc799cb77a500893aff32d973558c7a414d8,fee3f18e8344ee0785ce7038711fdc799cb77a500893aff32d973558c7a414d8
16,grid_0016_n5_north_west_south_east_h1_gate_t12,9984a38a0fb2a2bdec86a13c0dc09ba2195445e86c1ef609faaa431370817c38,28fbc9dc5c9f684125f6b7002758ddcf87ed3245b214561d22b771947719fec3,28fbc9dc5c9f684125f6b7002758ddcf87ed3245b214561d22b771947719fec3,28fbc9dc5c9f684125f6b7002758ddcf87ed3245b214561d22b771947719fec3,28fbc9dc5c9f684125f6b7002758ddcf87ed3245b214561d22b771947719fec3,c3a92394718ee444397924038db6626aae52e2c755ed05ebf0132a91eb7dd485,c3a92394718ee444397924038db6626aae52e2c755ed05ebf0132a91eb7dd485
17,grid_0017_n5_north_west_south_east_h1_gate_t14,4d71dac41b005c87772ef36d7c7a5e013c37b0fa19b80c8f1ea55d2043339ba4,0d085644fe71c87a026d7ad0afd17fbaa77d0d7f58f84afb553c853f04c58a7c,0d085644fe71c87a026d7ad0afd17fbaa77d0d7f58f84afb553c853f04c58a7c,0d085644fe71c87a026d7ad0afd17fbaa77d0d7f58f84afb553c853f04c58a7c,0d085644fe71c87a026d7ad0afd17fbaa77d0d7f58f84afb553c853f04c58a7c,c3a92394718ee444397924038db6626aae52e2c755ed05ebf0132a91eb7dd485,c3a92394718ee444397924038db6626aae52e2c755ed05ebf0132a91eb7dd485
18,grid_0018_n5_north_west_south_east_h1_gate_t16,d745cdf0e008705fe347d585a94536a81f18386bf1016d093a33b4aa2f225e50,16bede822357f444ac8b850afa1736c8b4c86c242fe73090efceb937ed45e494,16bede822357f444ac8b850afa1736c8b4c86c242fe73090efceb937ed45e494,16bede822357f444ac8b850afa1736c8b4c86c242fe73090efceb937ed45e494,16bede822357f444ac8b850afa1736c8b4c86c242fe73090efceb937ed45e494,c3a92394718ee444397924038db6626aae52e2c755ed05ebf0132a91eb7dd485,c3a92394718ee444397924038db6626aae52e2c755ed05ebf0132a91eb7dd485
19,grid_0019_n5_north_west_south_east_h1_gate_t18,118efed59a6a926cde80443faf1394c414299e93da2ae3901426c7273fb1140c,4b5f678858580ee4e1d24f04be23245a293963a0740e23b338468d507d33634b,4b5f678858580ee4e1d24f04be23245a293963a0740e23b338468d507d33634b,4b5f678858580ee4e1d24f04be23245a293963a0740e23b338468d507d33634b,4b5f678858580ee4e1d24f04be23245a293963a0740e23b338468d507d33634b,de17f30463cf48ebfb279a037759a65add2ad00b827c5dcb594b4a0b5d63e4e9,de17f30463cf48ebfb279a037759a65add2ad00b827c5dcb594b4a0b5d63e4e9
20,grid_0020_n5_north_west_south_east_h1_staggered_t12,2681ec5fc7b1e2529a79925fb8f89d67a04c3e4f0b3dccb898ba224f9d0ce739,310528115a229fe8973e134be167589d285311d3799259d717ae86e2068f2f8a,310528115a229fe8973e134be167589d285311d3799259d717ae86e2068f2f8a,310528115a229fe8973e134be167589d285311d3799259d717ae86e2068f2f8a,310528115a229fe8973e134be167589d285311d3799259d717ae86e2068f2f8a,fee3f18e8344ee0785ce7038711fdc799cb77a500893aff32d973558c7a414d8,fee3f18e8344ee0785ce7038711fdc799cb77a500893aff32d973558c7a414d8
21,grid_0021_n5_north_west_south_east_h1_staggered_t14,db4e7d21b1561156ae5e67216034aa79f6deeeb4af61883e589e69dc37195cc0,7af84f1ad980126cc66af3dfadb3f319e163b2d3022bfed3557d2dc7ff180ab3,7af84f1ad980126cc66af3dfadb3f319e163b2d3022bfed3557d2dc7ff180ab3,7af84f1ad980126cc66af3dfadb3f319e163b2d3022bfed3557d2dc7ff180ab3,7af84f1ad980126cc66af3dfadb3f319e163b2d3022bfed3557d2dc7ff180ab3,fee3f18e8344ee0785ce7038711fdc799cb77a500893aff32d973558c7a414d8,fee3f18e8344ee0785ce7038711fdc799cb77a500893aff32d973558c7a414d8
22,grid_0022_n5_north_west_south_east_h1_staggered_t16,efafee2e7141e122689767e3d8a95863be912665ebf0d487aa2b08a081b3e5f5,53efa95eb3134f435fb7f3c393bdf7f2f152a5b96dd37ddf7f8e3ee2e63a2ce0,53efa95eb3134f435fb7f3c393bdf7f2f152a5b96dd37ddf7f8e3ee2e63a2ce0,53efa95eb3134f435fb7f3c393bdf7f2f152a5b96dd37ddf7f8e3ee2e63a2ce0,53efa95eb3134f435fb7f3c393bdf7f2f152a5b96dd37ddf7f8e3ee2e63a2ce0,fee3f18e8344ee0785ce7038711fdc799cb77a500893aff32d973558c7a414d8,fee3f18e8344ee0785ce7038711fdc799cb77a500893aff32d973558c7a414d8
23,grid_0023_n5_north_west_south_east_h1_staggered_t18,e6905f5263d829ff487f33b63d6199bfb62f36bdcf886591e2a1542696f72002,5d2358d89a69ac5fa05b2c6426918129fe44624a2fb2ef89177d4be1f79fbacb,5d2358d89a69ac5fa05b2c6426918129fe44624a2fb2ef89177d4be1f79fbacb,5d2358d89a69ac5fa05b2c6426918129fe44624a2fb2ef89177d4be1f79fbacb,5d2358d89a69ac5fa05b2c6426918129fe44624a2fb2ef89177d4be1f79fbacb,fee3f18e8344ee0785ce7038711fdc799cb77a500893aff32d973558c7a414d8,fee3f18e8344ee0785ce7038711fdc799cb77a500893aff32d973558c7a414d8
24,grid_0024_n5_north_west_south_east_h2_open_t12,70b15d397605a590e896e461a158e87d12b63b362887ac470cbe576c5bc66c54,8a83f457fefa97d0d14b239619108dd4730dfd532e50b208cc442d7974ece26b,8a83f457fefa97d0d14b239619108dd4730dfd532e50b208cc442d7974ece26b,8a83f457fefa97d0d14b239619108dd4730dfd532e50b208cc442d7974ece26b,8a83f457fefa97d0d14b239619108dd4730dfd532e50b208cc442d7974ece26b,4b329581bd90a739dd5d14c4daafe02b1d30c7ed924ee9d0fe55e4d1c400923a,4b329581bd90a739dd5d14c4daafe02b1d30c7ed924ee9d0fe55e4d1c400923a
25,grid_0025_n5_north_west_south_east_h2_open_t14,a1b4a2c1a2a96feee4fbd933d45b03d9bc0102a03bf600ea99de9b776fe56a10,ba92b1d42a28330d0a0bf294f34defea0e942e75c3dd4d65e59a8ea733ee0f92,ba92b1d42a28330d0a0bf294f34defea0e942e75c3dd4d65e59a8ea733ee0f92,ba92b1d42a28330d0a0bf294f34defea0e942e75c3dd4d65e59a8ea733ee0f92,ba92b1d42a28330d0a0bf294f34defea0e942e75c3dd4d65e59a8ea733ee0f92,4b329581bd90a739dd5d14c4daafe02b1d30c7ed924ee9d0fe55e4d1c400923a,4b329581bd90a739dd5d14c4daafe02b1d30c7ed924ee9d0fe55e4d1c400923a
26,grid_0026_n5_north_west_south_east_h2_open_t16,91bf28258fecb9a478eaf3c72f00ff00dd2b8954223b4e0f47a7b13ea5bf62f7,192f3d5536aae21c72c2dbb16f5db18ba110deb9ff1b0f3c35a5b9283abc1ad9,192f3d5536aae21c72c2dbb16f5db18ba110deb9ff1b0f3c35a5b9283abc1ad9,192f3d5536aae21c72c2dbb16f5db18ba110deb9ff1b0f3c35a5b9283abc1ad9,192f3d5536aae21c72c2dbb16f5db18ba110deb9ff1b0f3c35a5b9283abc1ad9,4b329581bd90a739dd5d14c4daafe02b1d30c7ed924ee9d0fe55e4d1c400923a,4b329581bd90a739dd5d14c4daafe02b1d30c7ed924ee9d0fe55e4d1c400923a
27,grid_0027_n5_north_west_south_east_h2_open_t18,808a41edd44998c1b73a0650a04803f837aff696b1fdd9d93cac5d5b896dd173,426f81e146c8aa7d3ac6b140e8ed7d28e06460640612861b44bb065d0d318492,426f81e146c8aa7d3ac6b140e8ed7d28e06460640612861b44bb065d0d318492,426f81e146c8aa7d3ac6b140e8ed7d28e06460640612861b44bb065d0d318492,426f81e146c8aa7d3ac6b140e8ed7d28e06460640612861b44bb065d0d318492,4b329581bd90a739dd5d14c4daafe02b1d30c7ed924ee9d0fe55e4d1c400923a,4b329581bd90a739dd5d14c4daafe02b1d30c7ed924ee9d0fe55e4d1c400923a
28,grid_0028_n5_north_west_south_east_h2_gate_t12,aa96ff8f0ac171651f16acfcc8ecd7c565a2c44dc35c85da55d97bfb7a58d4cc,1d318fd0a9c36b3caa157af89a1eabcf43c8717e18e1a8149a42ad3f1773bf28,1d318fd0a9c36b3caa157af89a1eabcf43c8717e18e1a8149a42ad3f1773bf28,1d318fd0a9c36b3caa157af89a1eabcf43c8717e18e1a8149a42ad3f1773bf28,1d318fd0a9c36b3caa157af89a1eabcf43c8717e18e1a8149a42ad3f1773bf28,4b329581bd90a739dd5d14c4daafe02b1d30c7ed924ee9d0fe55e4d1c400923a,4b329581bd90a739dd5d14c4daafe02b1d30c7ed924ee9d0fe55e4d1c400923a
29,grid_0029_n5_north_west_south_east_h2_gate_t14,3efb2e7fd18b2e6c69633f3b69115f8ba0e6e991ddb6def8b033524728a063a3,3e07dd138334b870581631fa8f38c464772192206d11e2e8db3d4b47842d3503,3e07dd138334b870581631fa8f38c464772192206d11e2e8db3d4b47842d3503,3e07dd138334b870581631fa8f38c464772192206d11e2e8db3d4b47842d3503,3e07dd138334b870581631fa8f38c464772192206d11e2e8db3d4b47842d3503,4b329581bd90a739dd5d14c4daafe02b1d30c7ed924ee9d0fe55e4d1c400923a,4b329581bd90a739dd5d14c4daafe02b1d30c7ed924ee9d0fe55e4d1c400923a
30,grid_0030_n5_north_west_south_east_h2_gate_t16,e431790ff6c953dd484a3ed101ecbfc3791a4fafde250fa17cde5db78aaa39a7,33c2b409153062b3bf13d9b241077061eed21d0d0021c583030a4b645984946a,33c2b409153062b3bf13d9b241077061eed21d0d0021c583030a4b645984946a,33c2b409153062b3bf13d9b241077061eed21d0d0021c583030a4b645984946a,33c2b409153062b3bf13d9b241077061eed21d0d0021c583030a4b645984946a,4b329581bd90a739dd5d14c4daafe02b1d30c7ed924ee9d0fe55e4d1c400923a,4b329581bd90a739dd5d14c4daafe02b1d30c7ed924ee9d0fe55e4d1c400923a
31,grid_0031_n5_north_west_south_east_h2_gate_t18,240b1f99f5a5c42cb2c8855da8fff7154c06a0159892244c33bb2f397cd99aef,695e0157ed219aa5e3ae64b82778efea671ffed39fee97d4c1c7e265a8099ff8,695e0157ed219aa5e3ae64b82778efea671ffed39fee97d4c1c7e265a8099ff8,695e0157ed219aa5e3ae64b82778efea671ffed39fee97d4c1c7e265a8099ff8,695e0157ed219aa5e3ae64b82778efea671ffed39fee97d4c1c7e265a8099ff8,4b329581bd90a739dd5d14c4daafe02b1d30c7ed924ee9d0fe55e4d1c400923a,4b329581bd90a739dd5d14c4daafe02b1d30c7ed924ee9d0fe55e4d1c400923a
32,grid_0032_n5_north_west_south_east_h2_staggered_t12,8b607a52ceec49e5768fffe1a336412e6f10d4b94d6e34e2dc6cdc7ba6f62dc0,81862069cc167ee72dc332027ab736145111a1102956e29f1bf3c1cda6eb3c83,81862069cc167ee72dc332027ab736145111a1102956e29f1bf3c1cda6eb3c83,81862069cc167ee72dc332027ab736145111a1102956e29f1bf3c1cda6eb3c83,81862069cc167ee72dc332027ab736145111a1102956e29f1bf3c1cda6eb3c83,4b329581bd90a739dd5d14c4daafe02b1d30c7ed924ee9d0fe55e4d1c400923a,4b329581bd90a739dd5d14c4daafe02b1d30c7ed924ee9d0fe55e4d1c400923a
33,grid_0033_n5_north_west_south_east_h2_staggered_t14,1f93d0dcbec11d8593c5299c5806bb9c7cf909020f304a51b45c65907410495a,a541f6d87e82e979303b575e6745cc0169d193e9b269209f404b0feabd695c0b,a541f6d87e82e979303b575e6745cc0169d193e9b269209f404b0feabd695c0b,a541f6d87e82e979303b575e6745cc0169d193e9b269209f404b0feabd695c0b,a541f6d87e82e979303b575e6745cc0169d193e9b269209f404b0feabd695c0b,4b329581bd90a739dd5d14c4daafe02b1d30c7ed924ee9d0fe55e4d1c400923a,4b329581bd90a739dd5d14c4daafe02b1d30c7ed924ee9d0fe55e4d1c400923a
34,grid_0034_n5_north_west_south_east_h2_staggered_t16,f8044c5c808b63cfd5259a4a631a3c610179059dd8249a62d5232ac5551b30df,296aad35d5069a095b32815193d3f97c9e6228a1ae7774a8bde1762b12031cc2,296aad35d5069a095b32815193d3f97c9e6228a1ae7774a8bde1762b12031cc2,296aad35d5069a095b32815193d3f97c9e6228a1ae7774a8bde1762b12031cc2,296aad35d5069a095b32815193d3f97c9e6228a1ae7774a8bde1762b12031cc2,4b329581bd90a739dd5d14c4daafe02b1d30c7ed924ee9d0fe55e4d1c400923a,4b329581bd90a739dd5d14c4daafe02b1d30c7ed924ee9d0fe55e4d1c400923a
35,grid_0035_n5_north_west_south_east_h2_staggered_t18,8ba63e4a3825c9cdf4e55de555ae2437b1f6d17a72fcb5cce597377137e68181,bab990d155b42091ee520a31d05f4add24b6533e6be5caada87091f9630407db,bab990d155b42091ee520a31d05f4add24b6533e6be5caada87091f9630407db,bab990d155b42091ee520a31d05f4add24b6533e6be5caada87091f9630407db,bab990d155b42091ee520a31d05f4add24b6533e6be5caada87091f9630407db,4b329581bd90a739dd5d14c4daafe02b1d30c7ed924ee9d0fe55e4d1c400923a,4b329581bd90a739dd5d14c4daafe02b1d30c7ed924ee9d0fe55e4d1c400923a
36,grid_0036_n5_north_west_south_east_h3_open_t12,63bab22a8bb3521dd878c7e36b735380f1c181f84ef2d5348a08742d4ea35f54,1b91d7723ff52df16e7e769c3724ecb292f044810396bb6b117ed7721365a453,1b91d7723ff52df16e7e769c3724ecb292f044810396bb6b117ed7721365a453,1b91d7723ff52df16e7e769c3724ecb292f044810396bb6b117ed7721365a453,1b91d7723ff52df16e7e769c3724ecb292f044810396bb6b117ed7721365a453,3834e09b9358c6a39f7e650bf99f92a98656fdab89613e11b1b97f89e35aa3b6,3834e09b9358c6a39f7e650bf99f92a98656fdab89613e11b1b97f89e35aa3b6
37,grid_0037_n5_north_west_south_east_h3_open_t14,bacd6876f36ec687159b67a82c85a9cfa3e74a15ac2eb907061397277670bd6c,0fd287abaf93e0d42478bfd653e8bea649e96d9304b7e5523757c03c2872b48f,0fd287abaf93e0d42478bfd653e8bea649e96d9304b7e5523757c03c2872b48f,0fd287abaf93e0d42478bfd653e8bea649e96d9304b7e5523757c03c2872b48f,0fd287abaf93e0d42478bfd653e8bea649e96d9304b7e5523757c03c2872b48f,3834e09b9358c6a39f7e650bf99f92a98656fdab89613e11b1b97f89e35aa3b6,3834e09b9358c6a39f7e650bf99f92a98656fdab89613e11b1b97f89e35aa3b6
38,grid_0038_n5_north_west_south_east_h3_open_t16,acdb59bce905eda75aa51b4222bd97dcf7a4fbf85c8308904d38ebd22476a2ac,6197ac629e8c3c0b3297f35ef85847d48645a63142f237f8f48edb7f2d0f22e9,6197ac629e8c3c0b3297f35ef85847d48645a63142f237f8f48edb7f2d0f22e9,6197ac629e8c3c0b3297f35ef85847d48645a63142f237f8f48edb7f2d0f22e9,6197ac629e8c3c0b3297f35ef85847d48645a63142f237f8f48edb7f2d0f22e9,3834e09b9358c6a39f7e650bf99f92a98656fdab89613e11b1b97f89e35aa3b6,3834e09b9358c6a39f7e650bf99f92a98656fdab89613e11b1b97f89e35aa3b6
39,grid_0039_n5_north_west_south_east_h3_open_t18,432314e98b6f2dd5e61a05a05be4c1f80af0f334462a1040351c93ea6682b1e0,2ed4f20441fa09d811fb4faa8b484630792f0141f029cb96ead6ef4d995713a3,2ed4f20441fa09d811fb4faa8b484630792f0141f029cb96ead6ef4d995713a3,2ed4f20441fa09d811fb4faa8b484630792f0141f029cb96ead6ef4d995713a3,2ed4f20441fa09d811fb4faa8b484630792f0141f029cb96ead6ef4d995713a3,3834e09b9358c6a39f7e650bf99f92a98656fdab89613e11b1b97f89e35aa3b6,3834e09b9358c6a39f7e650bf99f92a98656fdab89613e11b1b97f89e35aa3b6
40,grid_0040_n5_north_west_south_east_h3_gate_t12,3ad1373f588677377f18f2cf6c544cd5363b2d568814ca8835d3585ac8400409,f5db8e5f594559316aba29b2ce0ac17c26aa24d902781b320bc0079dc2e88992,f5db8e5f594559316aba29b2ce0ac17c26aa24d902781b320bc0079dc2e88992,f5db8e5f594559316aba29b2ce0ac17c26aa24d902781b320bc0079dc2e88992,f5db8e5f594559316aba29b2ce0ac17c26aa24d902781b320bc0079dc2e88992,1063900c3c29a8c5e1f77611b97dd0d747e5af5586ce88a4a291f955eb57e3d1,1063900c3c29a8c5e1f77611b97dd0d747e5af5586ce88a4a291f955eb57e3d1
41,grid_0041_n5_north_west_south_east_h3_gate_t14,7ab22ec57cb481dfd1dc8a0bdb5d978064de46a9ddf93670556d1f8548d2910d,9cfb9c269a65d276ac3c7400dccba1e392670e8a0fd56a16672f3956986c227e,9cfb9c269a65d276ac3c7400dccba1e392670e8a0fd56a16672f3956986c227e,9cfb9c269a65d276ac3c7400dccba1e392670e8a0fd56a16672f3956986c227e,9cfb9c269a65d276ac3c7400dccba1e392670e8a0fd56a16672f3956986c227e,1063900c3c29a8c5e1f77611b97dd0d747e5af5586ce88a4a291f955eb57e3d1,1063900c3c29a8c5e1f77611b97dd0d747e5af5586ce88a4a291f955eb57e3d1
42,grid_0042_n5_north_west_south_east_h3_gate_t16,87605823e7e2a70e9baae27290aee39e10973389c876e4841a1873e019360d51,7229fb30630070dd0d5aaa3b1e5737d39db3701421abe823cfee096eab4529a9,7229fb30630070dd0d5aaa3b1e5737d39db3701421abe823cfee096eab4529a9,7229fb30630070dd0d5aaa3b1e5737d39db3701421abe823cfee096eab4529a9,7229fb30630070dd0d5aaa3b1e5737d39db3701421abe823cfee096eab4529a9,1063900c3c29a8c5e1f77611b97dd0d747e5af5586ce88a4a291f955eb57e3d1,1063900c3c29a8c5e1f77611b97dd0d747e5af5586ce88a4a291f955eb57e3d1
43,grid_0043_n5_north_west_south_east_h3_gate_t18,bb6a609d97298dc8ac46afaaf8c0228bdc2c00f5f115afed26a8a56fbd05b31a,221c77b095864a3f78c682f22c6d261b3b757588e34c9182cad581a8df736c9f,221c77b095864a3f78c682f22c6d261b3b757588e34c9182cad581a8df736c9f,221c77b095864a3f78c682f22c6d261b3b757588e34c9182cad581a8df736c9f,221c77b095864a3f78c682f22c6d261b3b757588e34c9182cad581a8df736c9f,1063900c3c29a8c5e1f77611b97dd0d747e5af5586ce88a4a291f955eb57e3d1,1063900c3c29a8c5e1f77611b97dd0d747e5af5586ce88a4a291f955eb57e3d1
44,grid_0044_n5_north_west_south_east_h3_staggered_t12,a9b778392e892b7f4831d5a295d52024ece6ad7e7a7bf2598f110c8a3969a94c,aa00d676a16f4f43b659d5c214f9c6271b212b4d7f65ecfa2b267369660bbd58,aa00d676a16f4f43b659d5c214f9c6271b212b4d7f65ecfa2b267369660bbd58,aa00d676a16f4f43b659d5c214f9c6271b212b4d7f65ecfa2b267369660bbd58,aa00d676a16f4f43b659d5c214f9c6271b212b4d7f65ecfa2b267369660bbd58,3834e09b9358c6a39f7e650bf99f92a98656fdab89613e11b1b97f89e35aa3b6,3834e09b9358c6a39f7e650bf99f92a98656fdab89613e11b1b97f89e35aa3b6
45,grid_0045_n5_north_west_south_east_h3_staggered_t14,23e342f847fe175df370e9a629c4aede0d3dbd53148a070e1963fa55a6b092bc,69f4ad4110448c53bfe36378dfc0c546bc51fa7128b6b7463288cb29249b8e12,69f4ad4110448c53bfe36378dfc0c546bc51fa7128b6b7463288cb29249b8e12,69f4ad4110448c53bfe36378dfc0c546bc51fa7128b6b7463288cb29249b8e12,69f4ad4110448c53bfe36378dfc0c546bc51fa7128b6b7463288cb29249b8e12,3834e09b9358c6a39f7e650bf99f92a98656fdab89613e11b1b97f89e35aa3b6,3834e09b9358c6a39f7e650bf99f92a98656fdab89613e11b1b97f89e35aa3b6
46,grid_0046_n5_north_west_south_east_h3_staggered_t16,ca5a6bdde5f8fe84cfebfcd8308139378450a38edf6715e047023b9c5a2f648e,2be78a764df06531a9b916b579483ca89b331bd35b1d766fc6f4be3329812c0a,2be78a764df06531a9b916b579483ca89b331bd35b1d766fc6f4be3329812c0a,2be78a764df06531a9b916b579483ca89b331bd35b1d766fc6f4be3329812c0a,2be78a764df06531a9b916b579483ca89b331bd35b1d766fc6f4be3329812c0a,3834e09b9358c6a39f7e650bf99f92a98656fdab89613e11b1b97f89e35aa3b6,3834e09b9358c6a39f7e650bf99f92a98656fdab89613e11b1b97f89e35aa3b6
47,grid_0047_n5_north_west_south_east_h3_staggered_t18,eb84ae605624576c12b00c1a68633ca9afe22149407cef73d8adcd8786eac3ee,6fe65dda4bfa02e8642f909cdb6a624c1f93908ecc34028f3a03af4c7fb82935,6fe65dda4bfa02e8642f909cdb6a624c1f93908ecc34028f3a03af4c7fb82935,6fe65dda4bfa02e8642f909cdb6a624c1f93908ecc34028f3a03af4c7fb82935,6fe65dda4bfa02e8642f909cdb6a624c1f93908ecc34028f3a03af4c7fb82935,3834e09b9358c6a39f7e650bf99f92a98656fdab89613e11b1b97f89e35aa3b6,3834e09b9358c6a39f7e650bf99f92a98656fdab89613e11b1b97f89e35aa3b6
48,grid_0048_n5_north_west_east_middle_h0_open_t12,2cde625f47f804d8b013c9b27fa867fb8b0f83239bc8156574c323913b75b8ee,84453591667c8d7398f173d8af0929cd3a44a25f4b2de211510fd58ecad0cb09,84453591667c8d7398f173d8af0929cd3a44a25f4b2de211510fd58ecad0cb09,84453591667c8d7398f173d8af0929cd3a44a25f4b2de211510fd58ecad0cb09,84453591667c8d7398f173d8af0929cd3a44a25f4b2de211510fd58ecad0cb09,e1808a53054353cfa6629aa8f9184d7457a5ae6984a9655c6240cf84fa50d379,e1808a53054353cfa6629aa8f9184d7457a5ae6984a9655c6240cf84fa50d379
49,grid_0049_n5_north_west_east_middle_h0_open_t14,6f210d35047cdb705be0680b1e8ac4f47a773d3854256d11269fd44760da939e,d47ca7bc97d4c11050c4ce392cc0070fe502800e056e69c700a711974a2eb0ad,d47ca7bc97d4c11050c4ce392cc0070fe502800e056e69c700a711974a2eb0ad,d47ca7bc97d4c11050c4ce392cc0070fe502800e056e69c700a711974a2eb0ad,d47ca7bc97d4c11050c4ce392cc0070fe502800e056e69c700a711974a2eb0ad,e1808a53054353cfa6629aa8f9184d7457a5ae6984a9655c6240cf84fa50d379,e1808a53054353cfa6629aa8f9184d7457a5ae6984a9655c6240cf84fa50d379
50,grid_0050_n5_north_west_east_middle_h0_open_t16,eeaaec6b492e6461c060243ca72b2f33b727602892e6f840ecb43924164894b8,47f9089de257e42525bc5147270ec5e1354e01257a884726371368b80a827af5,47f9089de257e42525bc5147270ec5e1354e01257a884726371368b80a827af5,47f9089de257e42525bc5147270ec5e1354e01257a884726371368b80a827af5,47f9089de257e42525bc5147270ec5e1354e01257a884726371368b80a827af5,e1808a53054353cfa6629aa8f9184d7457a5ae6984a9655c6240cf84fa50d379,e1808a53054353cfa6629aa8f9184d7457a5ae6984a9655c6240cf84fa50d379
51,grid_0051_n5_north_west_east_middle_h0_open_t18,d9deeb94f983a13a2fda1391f70d80efd9143cbff6ad1ed7a66c879d2ab2ee0c,205f16ae5445e2dae1f4b862ba6eaeb015e88f5edc735900b4f0b4e6c9827b34,205f16ae5445e2dae1f4b862ba6eaeb015e88f5edc735900b4f0b4e6c9827b34,205f16ae5445e2dae1f4b862ba6eaeb015e88f5edc735900b4f0b4e6c9827b34,205f16ae5445e2dae1f4b862ba6eaeb015e88f5edc735900b4f0b4e6c9827b34,e1808a53054353cfa6629aa8f9184d7457a5ae6984a9655c6240cf84fa50d379,e1808a53054353cfa6629aa8f9184d7457a5ae6984a9655c6240cf84fa50d379
52,grid_0052_n5_north_west_east_middle_h0_gate_t12,abb6b9584fb30ebd1311f584ab6c2fda0a0038869bc9f7b8ffa307b788a6095d,dda439c1f833f90e6fe79cd9edfa3f0c2d491b7cc6da1f89a477a60a5301e4fb,dda439c1f833f90e6fe79cd9edfa3f0c2d491b7cc6da1f89a477a60a5301e4fb,dda439c1f833f90e6fe79cd9edfa3f0c2d491b7cc6da1f89a477a60a5301e4fb,dda439c1f833f90e6fe79cd9edfa3f0c2d491b7cc6da1f89a477a60a5301e4fb,e1808a53054353cfa6629aa8f9184d7457a5ae6984a9655c6240cf84fa50d379,e1808a53054353cfa6629aa8f9184d7457a5ae6984a9655c6240cf84fa50d379
53,grid_0053_n5_north_west_east_middle_h0_gate_t14,a5981e9b9bd793dd3dbb141891fc03938d83ed127a2f89d1912a7148d63984e6,7cf28e01c500d5fb9f015dc8457511a35aa62508172903b05e2b2c852af70fde,7cf28e01c500d5fb9f015dc8457511a35aa62508172903b05e2b2c852af70fde,7cf28e01c500d5fb9f015dc8457511a35aa62508172903b05e2b2c852af70fde,7cf28e01c500d5fb9f015dc8457511a35aa62508172903b05e2b2c852af70fde,e1808a53054353cfa6629aa8f9184d7457a5ae6984a9655c6240cf84fa50d379,e1808a53054353cfa6629aa8f9184d7457a5ae6984a9655c6240cf84fa50d379
54,grid_0054_n5_north_west_east_middle_h0_gate_t16,11444e07daaa10521a9d9856dbdc27a812dc472b6d7c868f5e3610eb60251d00,99e163962bea18c02b4f8b7c24af67cb9e7de25b58b16acd2b7a8bb0237fb025,99e163962bea18c02b4f8b7c24af67cb9e7de25b58b16acd2b7a8bb0237fb025,99e163962bea18c02b4f8b7c24af67cb9e7de25b58b16acd2b7a8bb0237fb025,99e163962bea18c02b4f8b7c24af67cb9e7de25b58b16acd2b7a8bb0237fb025,e1808a53054353cfa6629aa8f9184d7457a5ae6984a9655c6240cf84fa50d379,e1808a53054353cfa6629aa8f9184d7457a5ae6984a9655c6240cf84fa50d379
55,grid_0055_n5_north_west_east_middle_h0_gate_t18,9f828d632e861a3639b55be9b1a0e0146bb39954a916f9c56e889b728886d912,660c16c69eedd4d2bcca1d1b5df4388886791290da9fa45d1096ee7803d724ea,660c16c69eedd4d2bcca1d1b5df4388886791290da9fa45d1096ee7803d724ea,660c16c69eedd4d2bcca1d1b5df4388886791290da9fa45d1096ee7803d724ea,660c16c69eedd4d2bcca1d1b5df4388886791290da9fa45d1096ee7803d724ea,e1808a53054353cfa6629aa8f9184d7457a5ae6984a9655c6240cf84fa50d379,e1808a53054353cfa6629aa8f9184d7457a5ae6984a9655c6240cf84fa50d379
56,grid_0056_n5_north_west_east_middle_h0_staggered_t12,ecfb0c112689253f86031c25b42149b8882cae9c8979ac8a0effc828f3944b23,10a3730747232762bb7516ccd1442d3490b245fc4f6fe2d5e18848a19921e22a,10a3730747232762bb7516ccd1442d3490b245fc4f6fe2d5e18848a19921e22a,10a3730747232762bb7516ccd1442d3490b245fc4f6fe2d5e18848a19921e22a,10a3730747232762bb7516ccd1442d3490b245fc4f6fe2d5e18848a19921e22a,e1808a53054353cfa6629aa8f9184d7457a5ae6984a9655c6240cf84fa50d379,e1808a53054353cfa6629aa8f9184d7457a5ae6984a9655c6240cf84fa50d379
57,grid_0057_n5_north_west_east_middle_h0_staggered_t14,96621bba57a9eaa050626008c459af6c76258348f518ffbd56781d47796a1911,d0dfc43955d515244125225f1e04a7c0e934e032022a7aee7a12f769266c76e8,d0dfc43955d515244125225f1e04a7c0e934e032022a7aee7a12f769266c76e8,d0dfc43955d515244125225f1e04a7c0e934e032022a7aee7a12f769266c76e8,d0dfc43955d515244125225f1e04a7c0e934e032022a7aee7a12f769266c76e8,e1808a53054353cfa6629aa8f9184d7457a5ae6984a9655c6240cf84fa50d379,e1808a53054353cfa6629aa8f9184d7457a5ae6984a9655c6240cf84fa50d379
58,grid_0058_n5_north_west_east_middle_h0_staggered_t16,cbd339d9695781730272c970efd42e61e9ddb17e55a24d5c9406b0b8d3bace78,47885eceb97dd4898f43fa9e2377f3c0e9e8b2b26062efc232a3d00c23b4fe56,47885eceb97dd4898f43fa9e2377f3c0e9e8b2b26062efc232a3d00c23b4fe56,47885eceb97dd4898f43fa9e2377f3c0e9e8b2b26062efc232a3d00c23b4fe56,47885eceb97dd4898f43fa9e2377f3c0e9e8b2b26062efc232a3d00c23b4fe56,e1808a53054353cfa6629aa8f9184d7457a5ae6984a9655c6240cf84fa50d379,e1808a53054353cfa6629aa8f9184d7457a5ae6984a9655c6240cf84fa50d379
59,grid_0059_n5_north_west_east_middle_h0_staggered_t18,835bdfe57357754e34f11d62fb4215615051867667cd3cf8b7b4ffcc163a789d,01222c42390ab2090cd6c7a36d95bd66d12f72b9b8d5adb5c00189db49c36536,01222c42390ab2090cd6c7a36d95bd66d12f72b9b8d5adb5c00189db49c36536,01222c42390ab2090cd6c7a36d95bd66d12f72b9b8d5adb5c00189db49c36536,01222c42390ab2090cd6c7a36d95bd66d12f72b9b8d5adb5c00189db49c36536,e1808a53054353cfa6629aa8f9184d7457a5ae6984a9655c6240cf84fa50d379,e1808a53054353cfa6629aa8f9184d7457a5ae6984a9655c6240cf84fa50d379
60,grid_0060_n5_north_west_east_middle_h1_open_t12,2462b160bb7dc42de38de49e296edf17817bfd2a97023ad3adfd0b38e49612db,bdaf4f877afc2797650b12aea6528c848ae461555ff42440ea96cac55c12d9dd,bdaf4f877afc2797650b12aea6528c848ae461555ff42440ea96cac55c12d9dd,bdaf4f877afc2797650b12aea6528c848ae461555ff42440ea96cac55c12d9dd,bdaf4f877afc2797650b12aea6528c848ae461555ff42440ea96cac55c12d9dd,1063900c3c29a8c5e1f77611b97dd0d747e5af5586ce88a4a291f955eb57e3d1,1063900c3c29a8c5e1f77611b97dd0d747e5af5586ce88a4a291f955eb57e3d1
61,grid_0061_n5_north_west_east_middle_h1_open_t14,304265ca3fd92fe38642b60f04b50447c712e3c1d110b7b7dc4852dad9e8195a,26941be844481f7a990bb585ed70376cd7b5673c07a42ac92da8ef81226e7492,26941be844481f7a990bb585ed70376cd7b5673c07a42ac92da8ef81226e7492,26941be844481f7a990bb585ed70376cd7b5673c07a42ac92da8ef81226e7492,26941be844481f7a990bb585ed70376cd7b5673c07a42ac92da8ef81226e7492,1063900c3c29a8c5e1f77611b97dd0d747e5af5586ce88a4a291f955eb57e3d1,1063900c3c29a8c5e1f77611b97dd0d747e5af5586ce88a4a291f955eb57e3d1
62,grid_0062_n5_north_west_east_middle_h1_open_t16,95814726683c577df4b19061251ea79106e03981fc96e3549211db4b93b41bdf,8bf1b129ac40e51ea853c8cb1139f7e45fe1c6b2b6eb8c799f96b546554208cb,8bf1b129ac40e51ea853c8cb1139f7e45fe1c6b2b6eb8c799f96b546554208cb,8bf1b129ac40e51ea853c8cb1139f7e45fe1c6b2b6eb8c799f96b546554208cb,8bf1b129ac40e51ea853c8cb1139f7e45fe1c6b2b6eb8c799f96b546554208cb,1063900c3c29a8c5e1f77611b97dd0d747e5af5586ce88a4a291f955eb57e3d1,1063900c3c29a8c5e1f77611b97dd0d747e5af5586ce88a4a291f955eb57e3d1
63,grid_0063_n5_north_west_east_middle_h1_open_t18,3e5acf51385895ee999521790d521c6c475bc374fe2fc4ca534ff44b9fce542b,c9ea51f4859ef6ec842816ae52656aff1d318ba25deb6912930c01fcfd22195c,c9ea51f4859ef6ec842816ae52656aff1d318ba25deb6912930c01fcfd22195c,c9ea51f4859ef6ec842816ae52656aff1d318ba25deb6912930c01fcfd22195c,c9ea51f4859ef6ec842816ae52656aff1d318ba25deb6912930c01fcfd22195c,1063900c3c29a8c5e1f77611b97dd0d747e5af5586ce88a4a291f955eb57e3d1,1063900c3c29a8c5e1f77611b97dd0d747e5af5586ce88a4a291f955eb57e3d1
64,grid_0064_n5_north_west_east_middle_h1_gate_t12,5fea8f579e670719c7f06bf335f094f20e001e8fb6675cb99a7547811c74b6f6,85776f99abfcc70083680d48ac8b779edb3bb08abedf4d1e0ebcc8d354049550,85776f99abfcc70083680d48ac8b779edb3bb08abedf4d1e0ebcc8d354049550,85776f99abfcc70083680d48ac8b779edb3bb08abedf4d1e0ebcc8d354049550,85776f99abfcc70083680d48ac8b779edb3bb08abedf4d1e0ebcc8d354049550,de17f30463cf48ebfb279a037759a65add2ad00b827c5dcb594b4a0b5d63e4e9,de17f30463cf48ebfb279a037759a65add2ad00b827c5dcb594b4a0b5d63e4e9
65,grid_0065_n5_north_west_east_middle_h1_gate_t14,1507de643334501fd8ee390d9363eeb1d95d99a706266bef9262538c78531a60,a602eab066a9c9b9dc53e2c7a8abf12472c206cd66491d24b7de5bdf6340cc25,a602eab066a9c9b9dc53e2c7a8abf12472c206cd66491d24b7de5bdf6340cc25,a602eab066a9c9b9dc53e2c7a8abf12472c206cd66491d24b7de5bdf6340cc25,a602eab066a9c9b9dc53e2c7a8abf12472c206cd66491d24b7de5bdf6340cc25,de17f30463cf48ebfb279a037759a65add2ad00b827c5dcb594b4a0b5d63e4e9,de17f30463cf48ebfb279a037759a65add2ad00b827c5dcb594b4a0b5d63e4e9
66,grid_0066_n5_north_west_east_middle_h1_gate_t16,a6e65647850aca611d24ae45ec29efd4cea6ff0fc84883329830ef463950c031,216ade86d63fdadc0676a164b3daf0a9790ecb99b39794a5a86e8ebea924d705,216ade86d63fdadc0676a164b3daf0a9790ecb99b39794a5a86e8ebea924d705,216ade86d63fdadc0676a164b3daf0a9790ecb99b39794a5a86e8ebea924d705,216ade86d63fdadc0676a164b3daf0a9790ecb99b39794a5a86e8ebea924d705,de17f30463cf48ebfb279a037759a65add2ad00b827c5dcb594b4a0b5d63e4e9,de17f30463cf48ebfb279a037759a65add2ad00b827c5dcb594b4a0b5d63e4e9
67,grid_0067_n5_north_west_east_middle_h1_gate_t18,58f939e764f999f8ee53bdc03883ad117afa1407e142d7e8460ec6483bbbd4c2,6a56c2d1b95dcd083fcfe3d23fe29a382cae2cd33d5fe737b70bc50707ebbb59,6a56c2d1b95dcd083fcfe3d23fe29a382cae2cd33d5fe737b70bc50707ebbb59,6a56c2d1b95dcd083fcfe3d23fe29a382cae2cd33d5fe737b70bc50707ebbb59,6a56c2d1b95dcd083fcfe3d23fe29a382cae2cd33d5fe737b70bc50707ebbb59,de17f30463cf48ebfb279a037759a65add2ad00b827c5dcb594b4a0b5d63e4e9,de17f30463cf48ebfb279a037759a65add2ad00b827c5dcb594b4a0b5d63e4e9
68,grid_0068_n5_north_west_east_middle_h1_staggered_t12,6661fd904f40e56b11900ac45ec8bed11865243a3d7681c125d7b8f9586318d6,a21b4fbff8cb76f4bd7cc2e59132b0950853c9b20fbbd25d32112cb6947164b8,a21b4fbff8cb76f4bd7cc2e59132b0950853c9b20fbbd25d32112cb6947164b8,a21b4fbff8cb76f4bd7cc2e59132b0950853c9b20fbbd25d32112cb6947164b8,a21b4fbff8cb76f4bd7cc2e59132b0950853c9b20fbbd25d32112cb6947164b8,1063900c3c29a8c5e1f77611b97dd0d747e5af5586ce88a4a291f955eb57e3d1,1063900c3c29a8c5e1f77611b97dd0d747e5af5586ce88a4a291f955eb57e3d1
69,grid_0069_n5_north_west_east_middle_h1_staggered_t14,60dbf12852f2603a8e6dd9a7eb00f8e8f223ffdb27d9db982d6388e00addc3f2,99e5668673900ddf8da925fafa3e2c2a64c844de36a2165bacbc9703a8282707,99e5668673900ddf8da925fafa3e2c2a64c844de36a2165bacbc9703a8282707,99e5668673900ddf8da925fafa3e2c2a64c844de36a2165bacbc9703a8282707,99e5668673900ddf8da925fafa3e2c2a64c844de36a2165bacbc9703a8282707,1063900c3c29a8c5e1f77611b97dd0d747e5af5586ce88a4a291f955eb57e3d1,1063900c3c29a8c5e1f77611b97dd0d747e5af5586ce88a4a291f955eb57e3d1
70,grid_0070_n5_north_west_east_middle_h1_staggered_t16,8070b85af839ac2fddd8c1899faa5d0c012a4ec3236cc828debf0efa18ace060,4afb83e54bd2bff5c401cbcdba31e5551e3c91af5cdb357f8d5266b12840575b,4afb83e54bd2bff5c401cbcdba31e5551e3c91af5cdb357f8d5266b12840575b,4afb83e54bd2bff5c401cbcdba31e5551e3c91af5cdb357f8d5266b12840575b,4afb83e54bd2bff5c401cbcdba31e5551e3c91af5cdb357f8d5266b12840575b,1063900c3c29a8c5e1f77611b97dd0d747e5af5586ce88a4a291f955eb57e3d1,1063900c3c29a8c5e1f77611b97dd0d747e5af5586ce88a4a291f955eb57e3d1
71,grid_0071_n5_north_west_east_middle_h1_staggered_t18,1253b379d3281a4c45a4802344f5394155d1af8cc6a6882c9ee486804e7e3e48,316f120587c25ac4a5f82fbd7cb50e481a258b75001ae27759786abd5d4343d8,316f120587c25ac4a5f82fbd7cb50e481a258b75001ae27759786abd5d4343d8,316f120587c25ac4a5f82fbd7cb50e481a258b75001ae27759786abd5d4343d8,316f120587c25ac4a5f82fbd7cb50e481a258b75001ae27759786abd5d4343d8,1063900c3c29a8c5e1f77611b97dd0d747e5af5586ce88a4a291f955eb57e3d1,1063900c3c29a8c5e1f77611b97dd0d747e5af5586ce88a4a291f955eb57e3d1
72,grid_0072_n5_north_west_east_middle_h2_open_t12,d9faaaca7433b70f34e2d945e56209eb6ead56f6dbad02adbfdd2f8d7dca595d,b65a61c0baf16f554d66db440923bf055d1290cc021a53cbe7797057cda09ca7,b65a61c0baf16f554d66db440923bf055d1290cc021a53cbe7797057cda09ca7,b65a61c0baf16f554d66db440923bf055d1290cc021a53cbe7797057cda09ca7,b65a61c0baf16f554d66db440923bf055d1290cc021a53cbe7797057cda09ca7,4b329581bd90a739dd5d14c4daafe02b1d30c7ed924ee9d0fe55e4d1c400923a,4b329581bd90a739dd5d14c4daafe02b1d30c7ed924ee9d0fe55e4d1c400923a
73,grid_0073_n5_north_west_east_middle_h2_open_t14,3db914b0cdbb0e9ca58b62ffab2ecfab53a968c47507a153b128868d1c51cc62,f06f691a5bed6579706654a84e89e28b2da651ec308f1468f178f6bba3d9383b,f06f691a5bed6579706654a84e89e28b2da651ec308f1468f178f6bba3d9383b,f06f691a5bed6579706654a84e89e28b2da651ec308f1468f178f6bba3d9383b,f06f691a5bed6579706654a84e89e28b2da651ec308f1468f178f6bba3d9383b,4b329581bd90a739dd5d14c4daafe02b1d30c7ed924ee9d0fe55e4d1c400923a,4b329581bd90a739dd5d14c4daafe02b1d30c7ed924ee9d0fe55e4d1c400923a
74,grid_0074_n5_north_west_east_middle_h2_open_t16,c24a4e081124c03b47a0dd293c055dee43f498e1ae39321bd9a471a708ee5088,dbd62da49614c07a31d244edaee81537f0bd5ff8e2e1cbe4f44684cf2543f22d,dbd62da49614c07a31d244edaee81537f0bd5ff8e2e1cbe4f44684cf2543f22d,dbd62da49614c07a31d244edaee81537f0bd5ff8e2e1cbe4f44684cf2543f22d,dbd62da49614c07a31d244edaee81537f0bd5ff8e2e1cbe4f44684cf2543f22d,4b329581bd90a739dd5d14c4daafe02b1d30c7ed924ee9d0fe55e4d1c400923a,4b329581bd90a739dd5d14c4daafe02b1d30c7ed924ee9d0fe55e4d1c400923a
75,grid_0075_n5_north_west_east_middle_h2_open_t18,42e87c425a22e164bd19a6f3f854d10ff2be2b345a7c4bd0cf27192bba4e33ba,adc791dac8246e48d731ebf659f538e841655da9d51e319ccbd64fa41acc071b,adc791dac8246e48d731ebf659f538e841655da9d51e319ccbd64fa41acc071b,adc791dac8246e48d731ebf659f538e841655da9d51e319ccbd64fa41acc071b,adc791dac8246e48d731ebf659f538e841655da9d51e319ccbd64fa41acc071b,4b329581bd90a739dd5d14c4daafe02b1d30c7ed924ee9d0fe55e4d1c400923a,4b329581bd90a739dd5d14c4daafe02b1d30c7ed924ee9d0fe55e4d1c400923a
76,grid_0076_n5_north_west_east_middle_h2_gate_t12,5caaf49bd0ac6522ca4c3bfd8c85772867f227c2eb47c5e8839c50567be3c8eb,4ce8fc68054eb582ac88979b2fcdf03381c9debb8124287f22c4dff23e0f01a7,4ce8fc68054eb582ac88979b2fcdf03381c9debb8124287f22c4dff23e0f01a7,4ce8fc68054eb582ac88979b2fcdf03381c9debb8124287f22c4dff23e0f01a7,4ce8fc68054eb582ac88979b2fcdf03381c9debb8124287f22c4dff23e0f01a7,4b329581bd90a739dd5d14c4daafe02b1d30c7ed924ee9d0fe55e4d1c400923a,4b329581bd90a739dd5d14c4daafe02b1d30c7ed924ee9d0fe55e4d1c400923a
77,grid_0077_n5_north_west_east_middle_h2_gate_t14,046800469e503a442f349b13a762e0d1f7de199341ae2b191712bd6424e8e1eb,616d4ef55d098ee1af258a95b21ff66d3f2cc727f1712e3d191002ddd5998ae0,616d4ef55d098ee1af258a95b21ff66d3f2cc727f1712e3d191002ddd5998ae0,616d4ef55d098ee1af258a95b21ff66d3f2cc727f1712e3d191002ddd5998ae0,616d4ef55d098ee1af258a95b21ff66d3f2cc727f1712e3d191002ddd5998ae0,4b329581bd90a739dd5d14c4daafe02b1d30c7ed924ee9d0fe55e4d1c400923a,4b329581bd90a739dd5d14c4daafe02b1d30c7ed924ee9d0fe55e4d1c400923a
78,grid_0078_n5_north_west_east_middle_h2_gate_t16,551e5950bd4918c438e7a8dcd917fdba49aee4d34c256b83938e998c625dd850,d9151a397ddddc06d0559a9b8351513ba7368909ba89257f7ffeddf87dfb5c28,d9151a397ddddc06d0559a9b8351513ba7368909ba89257f7ffeddf87dfb5c28,d9151a397ddddc06d0559a9b8351513ba7368909ba89257f7ffeddf87dfb5c28,d9151a397ddddc06d0559a9b8351513ba7368909ba89257f7ffeddf87dfb5c28,4b329581bd90a739dd5d14c4daafe02b1d30c7ed924ee9d0fe55e4d1c400923a,4b329581bd90a739dd5d14c4daafe02b1d30c7ed924ee9d0fe55e4d1c400923a
79,grid_0079_n5_north_west_east_middle_h2_gate_t18,c6bd409ba1ffc3a17c3b52b988dba559c2f59cdeda26dd3496672974c15a9c69,e0e5a928ae725e3ea3edfe03b05c35d506038d415053aa0b56332853ab8a9f79,e0e5a928ae725e3ea3edfe03b05c35d506038d415053aa0b56332853ab8a9f79,e0e5a928ae725e3ea3edfe03b05c35d506038d415053aa0b56332853ab8a9f79,e0e5a928ae725e3ea3edfe03b05c35d506038d415053aa0b56332853ab8a9f79,4b329581bd90a739dd5d14c4daafe02b1d30c7ed924ee9d0fe55e4d1c400923a,4b329581bd90a739dd5d14c4daafe02b1d30c7ed924ee9d0fe55e4d1c400923a
80,grid_0080_n5_north_west_east_middle_h2_staggered_t12,c44a98114d9a6b2f4dc21f416ea6c824a3c966fe0e9a6e90bd710e38e9cfeb3d,602431969dd9d40da62908e85873dbbab29126bf5314c37e17bbd5bd141308bf,602431969dd9d40da62908e85873dbbab29126bf5314c37e17bbd5bd141308bf,602431969dd9d40da62908e85873dbbab29126bf5314c37e17bbd5bd141308bf,602431969dd9d40da62908e85873dbbab29126bf5314c37e17bbd5bd141308bf,4b329581bd90a739dd5d14c4daafe02b1d30c7ed924ee9d0fe55e4d1c400923a,4b329581bd90a739dd5d14c4daafe02b1d30c7ed924ee9d0fe55e4d1c400923a
81,grid_0081_n5_north_west_east_middle_h2_staggered_t14,eacb8536565e7bfbda5e095a3c6dd57bd40ff3dd1c472f22b2ea8f7b021e02c5,4d9add7d5a96793de817eeafed28a7bd9272706ccaec18d98d39bdcad23cf6d1,4d9add7d5a96793de817eeafed28a7bd9272706ccaec18d98d39bdcad23cf6d1,4d9add7d5a96793de817eeafed28a7bd9272706ccaec18d98d39bdcad23cf6d1,4d9add7d5a96793de817eeafed28a7bd9272706ccaec18d98d39bdcad23cf6d1,4b329581bd90a739dd5d14c4daafe02b1d30c7ed924ee9d0fe55e4d1c400923a,4b329581bd90a739dd5d14c4daafe02b1d30c7ed924ee9d0fe55e4d1c400923a
82,grid_0082_n5_north_west_east_middle_h2_staggered_t16,70763a7f412b188251a95f80aa4934d94c8b5ac0703a8531375c0cd5686a7ac3,dd3aec3fd72c2ec373079b3d82084f1d659a1e0072083889f3e5f2341232daf6,dd3aec3fd72c2ec373079b3d82084f1d659a1e0072083889f3e5f2341232daf6,dd3aec3fd72c2ec373079b3d82084f1d659a1e0072083889f3e5f2341232daf6,dd3aec3fd72c2ec373079b3d82084f1d659a1e0072083889f3e5f2341232daf6,4b329581bd90a739dd5d14c4daafe02b1d30c7ed924ee9d0fe55e4d1c400923a,4b329581bd90a739dd5d14c4daafe02b1d30c7ed924ee9d0fe55e4d1c400923a
83,grid_0083_n5_north_west_east_middle_h2_staggered_t18,847b1426a5a2b0c36d1a983eb4b1453b40dbbbf73b40c958e87b6eb2a1b15106,60c16b1080c295e3065657e1d675e119468719253ce2b3c43db83cf04eda1790,60c16b1080c295e3065657e1d675e119468719253ce2b3c43db83cf04eda1790,60c16b1080c295e3065657e1d675e119468719253ce2b3c43db83cf04eda1790,60c16b1080c295e3065657e1d675e119468719253ce2b3c43db83cf04eda1790,4b329581bd90a739dd5d14c4daafe02b1d30c7ed924ee9d0fe55e4d1c400923a,4b329581bd90a739dd5d14c4daafe02b1d30c7ed924ee9d0fe55e4d1c400923a
84,grid_0084_n5_north_west_east_middle_h3_open_t12,df41207acc8c3b1cd309a7f354034586dcfc6e2a3038781226e6dd837d778575,c6da50749f87eba87435840572e99a6f566f9a54b58e33692b8e297738e8f7b5,c6da50749f87eba87435840572e99a6f566f9a54b58e33692b8e297738e8f7b5,c6da50749f87eba87435840572e99a6f566f9a54b58e33692b8e297738e8f7b5,c6da50749f87eba87435840572e99a6f566f9a54b58e33692b8e297738e8f7b5,3834e09b9358c6a39f7e650bf99f92a98656fdab89613e11b1b97f89e35aa3b6,3834e09b9358c6a39f7e650bf99f92a98656fdab89613e11b1b97f89e35aa3b6
85,grid_0085_n5_north_west_east_middle_h3_open_t14,d93db3fdc8e7376351bc5e3e09527d40b573bcf860c18059395cc7b3e8f7b70c,01165ed8cc8b477a7013a247057f5c14dc2c30dc104b1b3d34835275ab4f6845,01165ed8cc8b477a7013a247057f5c14dc2c30dc104b1b3d34835275ab4f6845,01165ed8cc8b477a7013a247057f5c14dc2c30dc104b1b3d34835275ab4f6845,01165ed8cc8b477a7013a247057f5c14dc2c30dc104b1b3d34835275ab4f6845,3834e09b9358c6a39f7e650bf99f92a98656fdab89613e11b1b97f89e35aa3b6,3834e09b9358c6a39f7e650bf99f92a98656fdab89613e11b1b97f89e35aa3b6
86,grid_0086_n5_north_west_east_middle_h3_open_t16,9af24b390a7a794bce9d1141dfacc3ede9658f65d0f990d2eb668f667e222c91,2b624d4747ca0829ffd81743adfec1eefb6bc5501adf6d3192a1041d5d2aa0ed,2b624d4747ca0829ffd81743adfec1eefb6bc5501adf6d3192a1041d5d2aa0ed,2b624d4747ca0829ffd81743adfec1eefb6bc5501adf6d3192a1041d5d2aa0ed,2b624d4747ca0829ffd81743adfec1eefb6bc5501adf6d3192a1041d5d2aa0ed,3834e09b9358c6a39f7e650bf99f92a98656fdab89613e11b1b97f89e35aa3b6,3834e09b9358c6a39f7e650bf99f92a98656fdab89613e11b1b97f89e35aa3b6
87,grid_0087_n5_north_west_east_middle_h3_open_t18,8370afa30214efa8eedf6d6a3b959f4d7a61b40cbe24519110c16346fa6daab0,243d1c9b573f7f49fd7d939ef3499f1518f959b72856bbc3724867bb3c4eead3,243d1c9b573f7f49fd7d939ef3499f1518f959b72856bbc3724867bb3c4eead3,243d1c9b573f7f49fd7d939ef3499f1518f959b72856bbc3724867bb3c4eead3,243d1c9b573f7f49fd7d939ef3499f1518f959b72856bbc3724867bb3c4eead3,3834e09b9358c6a39f7e650bf99f92a98656fdab89613e11b1b97f89e35aa3b6,3834e09b9358c6a39f7e650bf99f92a98656fdab89613e11b1b97f89e35aa3b6
88,grid_0088_n5_north_west_east_middle_h3_gate_t12,c95d59786ff866dd8fa4ad88a53e6e01c151de8d0f32bda18f3e38fd27a5e62b,cfed4e1116ee80de0354eb7c5a364e96f30bbbe4f8d51aa94700077f30fbca3f,cfed4e1116ee80de0354eb7c5a364e96f30bbbe4f8d51aa94700077f30fbca3f,cfed4e1116ee80de0354eb7c5a364e96f30bbbe4f8d51aa94700077f30fbca3f,cfed4e1116ee80de0354eb7c5a364e96f30bbbe4f8d51aa94700077f30fbca3f,3834e09b9358c6a39f7e650bf99f92a98656fdab89613e11b1b97f89e35aa3b6,3834e09b9358c6a39f7e650bf99f92a98656fdab89613e11b1b97f89e35aa3b6
89,grid_0089_n5_north_west_east_middle_h3_gate_t14,1b411d061c9319549ffcaf23907083b2f45cec365bec8f52f0057e2122b8af84,57c2d195185ad05b8bb427d282546c2d2fb4daf5e7ed38642a57d03ea7fa3f64,57c2d195185ad05b8bb427d282546c2d2fb4daf5e7ed38642a57d03ea7fa3f64,57c2d195185ad05b8bb427d282546c2d2fb4daf5e7ed38642a57d03ea7fa3f64,57c2d195185ad05b8bb427d282546c2d2fb4daf5e7ed38642a57d03ea7fa3f64,3834e09b9358c6a39f7e650bf99f92a98656fdab89613e11b1b97f89e35aa3b6,3834e09b9358c6a39f7e650bf99f92a98656fdab89613e11b1b97f89e35aa3b6
90,grid_0090_n5_north_west_east_middle_h3_gate_t16,5283943138b60b3d4db17b8d6a25c2c47249aa85d683fa59ecc72f8eb3a26d66,12cdf826cecc56445de4f421cab8de3951701936b9cd3b41c0b3b556e32f3976,12cdf826cecc56445de4f421cab8de3951701936b9cd3b41c0b3b556e32f3976,12cdf826cecc56445de4f421cab8de3951701936b9cd3b41c0b3b556e32f3976,12cdf826cecc56445de4f421cab8de3951701936b9cd3b41c0b3b556e32f3976,3834e09b9358c6a39f7e650bf99f92a98656fdab89613e11b1b97f89e35aa3b6,3834e09b9358c6a39f7e650bf99f92a98656fdab89613e11b1b97f89e35aa3b6
91,grid_0091_n5_north_west_east_middle_h3_gate_t18,6976d4f4f5c500b8a9dbe721511744b99d909cb22875dcf27e390ddd4e6f5500,a9a04a55e71ab9c093c815a8acc6db6f289c4df202a9910eb9387536dea7c0e3,a9a04a55e71ab9c093c815a8acc6db6f289c4df202a9910eb9387536dea7c0e3,a9a04a55e71ab9c093c815a8acc6db6f289c4df202a9910eb9387536dea7c0e3,a9a04a55e71ab9c093c815a8acc6db6f289c4df202a9910eb9387536dea7c0e3,3834e09b9358c6a39f7e650bf99f92a98656fdab89613e11b1b97f89e35aa3b6,3834e09b9358c6a39f7e650bf99f92a98656fdab89613e11b1b97f89e35aa3b6
92,grid_0092_n5_north_west_east_middle_h3_staggered_t12,47344e2c1264dbc0755e2a156e902efdcdd6f397ef462d5558622914e2db0a9b,b98a6965bfcce1db2027b92862a00712b85c58e99cf1a2870f7fcdcf5b65841e,b98a6965bfcce1db2027b92862a00712b85c58e99cf1a2870f7fcdcf5b65841e,b98a6965bfcce1db2027b92862a00712b85c58e99cf1a2870f7fcdcf5b65841e,b98a6965bfcce1db2027b92862a00712b85c58e99cf1a2870f7fcdcf5b65841e,3834e09b9358c6a39f7e650bf99f92a98656fdab89613e11b1b97f89e35aa3b6,3834e09b9358c6a39f7e650bf99f92a98656fdab89613e11b1b97f89e35aa3b6
93,grid_0093_n5_north_west_east_middle_h3_staggered_t14,ddfc2fa1cf7fbaf92bfb78003e4efd146cd84d9b26cc1838f5bb4630b5717a93,52ceff7e6e366e3bcb559297258240ccf4e082292c98df017468fed02b742141,52ceff7e6e366e3bcb559297258240ccf4e082292c98df017468fed02b742141,52ceff7e6e366e3bcb559297258240ccf4e082292c98df017468fed02b742141,52ceff7e6e366e3bcb559297258240ccf4e082292c98df017468fed02b742141,3834e09b9358c6a39f7e650bf99f92a98656fdab89613e11b1b97f89e35aa3b6,3834e09b9358c6a39f7e650bf99f92a98656fdab89613e11b1b97f89e35aa3b6
94,grid_0094_n5_north_west_east_middle_h3_staggered_t16,b0b13ed2585aff14678405218b8a3ee3714d0a9c0f643ff0abae32e1b2125265,041f0913abf39e4e40da6ab02215939c4245e082f5f13b1dbb9284db05491a36,041f0913abf39e4e40da6ab02215939c4245e082f5f13b1dbb9284db05491a36,041f0913abf39e4e40da6ab02215939c4245e082f5f13b1dbb9284db05491a36,041f0913abf39e4e40da6ab02215939c4245e082f5f13b1dbb9284db05491a36,3834e09b9358c6a39f7e650bf99f92a98656fdab89613e11b1b97f89e35aa3b6,3834e09b9358c6a39f7e650bf99f92a98656fdab89613e11b1b97f89e35aa3b6
95,grid_0095_n5_north_west_east_middle_h3_staggered_t18,6e06c1270b333654859617a1afa6f4ceed702777207edf841d63a35223315807,16150f8c8e85ed97706d0201123a07f67490a4199158ac5960f46c622fac2a8e,16150f8c8e85ed97706d0201123a07f67490a4199158ac5960f46c622fac2a8e,16150f8c8e85ed97706d0201123a07f67490a4199158ac5960f46c622fac2a8e,16150f8c8e85ed97706d0201123a07f67490a4199158ac5960f46c622fac2a8e,3834e09b9358c6a39f7e650bf99f92a98656fdab89613e11b1b97f89e35aa3b6,3834e09b9358c6a39f7e650bf99f92a98656fdab89613e11b1b97f89e35aa3b6
96,grid_0096_n5_north_west_south_middle_h0_open_t12,d5004fd3a41f90c4be38b7aa46d8ed3e9da3dcdf196ea0139c05b80e400200ac,ea26abceef2b5b13613d914d1c42b31da1e6300503647d9659a1ed67b0b97a74,ea26abceef2b5b13613d914d1c42b31da1e6300503647d9659a1ed67b0b97a74,ea26abceef2b5b13613d914d1c42b31da1e6300503647d9659a1ed67b0b97a74,ea26abceef2b5b13613d914d1c42b31da1e6300503647d9659a1ed67b0b97a74,4b329581bd90a739dd5d14c4daafe02b1d30c7ed924ee9d0fe55e4d1c400923a,4b329581bd90a739dd5d14c4daafe02b1d30c7ed924ee9d0fe55e4d1c400923a
97,grid_0097_n5_north_west_south_middle_h0_open_t14,034a47ea84edeee076f06c0244e7434358e19e71188607fefac1068bb2caf82e,69ef62b054a8301e378488829e136a28587ef807bf105db48393aabfe79120f2,69ef62b054a8301e378488829e136a28587ef807bf105db48393aabfe79120f2,69ef62b054a8301e378488829e136a28587ef807bf105db48393aabfe79120f2,69ef62b054a8301e378488829e136a28587ef807bf105db48393aabfe79120f2,4b329581bd90a739dd5d14c4daafe02b1d30c7ed924ee9d0fe55e4d1c400923a,4b329581bd90a739dd5d14c4daafe02b1d30c7ed924ee9d0fe55e4d1c400923a
98,grid_0098_n5_north_west_south_middle_h0_open_t16,92f82ed9c5d091e74e8621b60e5aeed117dab3bd05db0eccdbce9bd4a5ac43e8,7af94e2c0b272619af62adbe8dbcb92ccbe7217d7b7da983fe880fa5234d4986,7af94e2c0b272619af62adbe8dbcb92ccbe7217d7b7da983fe880fa5234d4986,7af94e2c0b272619af62adbe8dbcb92ccbe7217d7b7da983fe880fa5234d4986,7af94e2c0b272619af62adbe8dbcb92ccbe7217d7b7da983fe880fa5234d4986,4b329581bd90a739dd5d14c4daafe02b1d30c7ed924ee9d0fe55e4d1c400923a,4b329581bd90a739dd5d14c4daafe02b1d30c7ed924ee9d0fe55e4d1c400923a
99,grid_0099_n5_north_west_south_middle_h0_open_t18,279caf8506ea4c3184f64d455e23c893b59c8a5edb4b3927b86dfbd4fde12592,2019db74f89c494b75ae4570cdd908530da681b1fcc47101d7d5ef5d012f7ca8,2019db74f89c494b75ae4570cdd908530da681b1fcc47101d7d5ef5d012f7ca8,2019db74f89c494b75ae4570cdd908530da681b1fcc47101d7d5ef5d012f7ca8,2019db74f89c494b75ae4570cdd908530da681b1fcc47101d7d5ef5d012f7ca8,4b329581bd90a739dd5d14c4daafe02b1d30c7ed924ee9d0fe55e4d1c400923a,4b329581bd90a739dd5d14c4daafe02b1d30c7ed924ee9d0fe55e4d1c400923a
100,grid_0100_n5_north_west_south_middle_h0_gate_t12,4643ea474731b3f98c8d6171b9c82c1a64d9efea2bd34d1d347fbc676627329c,35206dfa0a3f2ac41d1c02c6fa1376fef83969e999078847cfd9f9b80661fab7,35206dfa0a3f2ac41d1c02c6fa1376fef83969e999078847cfd9f9b80661fab7,35206dfa0a3f2ac41d1c02c6fa1376fef83969e999078847cfd9f9b80661fab7,35206dfa0a3f2ac41d1c02c6fa1376fef83969e999078847cfd9f9b80661fab7,4b329581bd90a739dd5d14c4daafe02b1d30c7ed924ee9d0fe55e4d1c400923a,4b329581bd90a739dd5d14c4daafe02b1d30c7ed924ee9d0fe55e4d1c400923a
101,grid_0101_n5_north_west_south_middle_h0_gate_t14,891eda8043ccd4e2032a2c59ecf0aa9d25cc8c45c745f496c88b8135072178b8,f38723bff6339f8dca807010b8ad865626c9096fabc7d88c91e00e3a7d1778b7,f38723bff6339f8dca807010b8ad865626c9096fabc7d88c91e00e3a7d1778b7,f38723bff6339f8dca807010b8ad865626c9096fabc7d88c91e00e3a7d1778b7,f38723bff6339f8dca807010b8ad865626c9096fabc7d88c91e00e3a7d1778b7,4b329581bd90a739dd5d14c4daafe02b1d30c7ed924ee9d0fe55e4d1c400923a,4b329581bd90a739dd5d14c4daafe02b1d30c7ed924ee9d0fe55e4d1c400923a
102,grid_0102_n5_north_west_south_middle_h0_gate_t16,01cc3f35efd4c9aab54a818b73446f35300886f1d410590d478c97db7b35ee29,b151a7822c82a37d5a72674f05b3f9612464b45ecaf62a44f2dc419f6237d822,b151a7822c82a37d5a72674f05b3f9612464b45ecaf62a44f2dc419f6237d822,b151a7822c82a37d5a72674f05b3f9612464b45ecaf62a44f2dc419f6237d822,b151a7822c82a37d5a72674f05b3f9612464b45ecaf62a44f2dc419f6237d822,4b329581bd90a739dd5d14c4daafe02b1d30c7ed924ee9d0fe55e4d1c400923a,4b329581bd90a739dd5d14c4daafe02b1d30c7ed924ee9d0fe55e4d1c400923a
103,grid_0103_n5_north_west_south_middle_h0_gate_t18,f6a170a992d3ae257990b445f6310efbb62361cf2d2ff24abb36bbb7f5bd7884,e1beb2921f492d9134f0e6464902796bb45bec64f39aa670fa5236f520cae92f,e1beb2921f492d9134f0e6464902796bb45bec64f39aa670fa5236f520cae92f,e1beb2921f492d9134f0e6464902796bb45bec64f39aa670fa5236f520cae92f,e1beb2921f492d9134f0e6464902796bb45bec64f39aa670fa5236f520cae92f,4b329581bd90a739dd5d14c4daafe02b1d30c7ed924ee9d0fe55e4d1c400923a,4b329581bd90a739dd5d14c4daafe02b1d30c7ed924ee9d0fe55e4d1c400923a
104,grid_0104_n5_north_west_south_middle_h0_staggered_t12,b92762fa4bc08c6b655216de1b7031285d2a3a46ccfc535e7eef06ad92c4ff03,4b31e9096b6b438e11d8513f5e29c631e3ffec96449e61823a49b8db73194049,4b31e9096b6b438e11d8513f5e29c631e3ffec96449e61823a49b8db73194049,4b31e9096b6b438e11d8513f5e29c631e3ffec96449e61823a49b8db73194049,4b31e9096b6b438e11d8513f5e29c631e3ffec96449e61823a49b8db73194049,4b329581bd90a739dd5d14c4daafe02b1d30c7ed924ee9d0fe55e4d1c400923a,4b329581bd90a739dd5d14c4daafe02b1d30c7ed924ee9d0fe55e4d1c400923a
105,grid_0105_n5_north_west_south_middle_h0_staggered_t14,af602d385505cab81d2053b1922f4b7f66312c15631bc933e046fa310d0a11ea,dbb5af433e8b27b0cccaec4d55b915ec83643a15f68e24ab1f6d94fd39e29b93,dbb5af433e8b27b0cccaec4d55b915ec83643a15f68e24ab1f6d94fd39e29b93,dbb5af433e8b27b0cccaec4d55b915ec83643a15f68e24ab1f6d94fd39e29b93,dbb5af433e8b27b0cccaec4d55b915ec83643a15f68e24ab1f6d94fd39e29b93,4b329581bd90a739dd5d14c4daafe02b1d30c7ed924ee9d0fe55e4d1c400923a,4b329581bd90a739dd5d14c4daafe02b1d30c7ed924ee9d0fe55e4d1c400923a
106,grid_0106_n5_north_west_south_middle_h0_staggered_t16,a9359a0da66beedff0296634a73ea81857b948f00b076695cb48d1ef7bcac5a9,97219961cf2a24dcf8a974a1f5d88ce5914e6e45cad94b69200a8d62720d560a,97219961cf2a24dcf8a974a1f5d88ce5914e6e45cad94b69200a8d62720d560a,97219961cf2a24dcf8a974a1f5d88ce5914e6e45cad94b69200a8d62720d560a,97219961cf2a24dcf8a974a1f5d88ce5914e6e45cad94b69200a8d62720d560a,4b329581bd90a739dd5d14c4daafe02b1d30c7ed924ee9d0fe55e4d1c400923a,4b329581bd90a739dd5d14c4daafe02b1d30c7ed924ee9d0fe55e4d1c400923a
107,grid_0107_n5_north_west_south_middle_h0_staggered_t18,52199342a9ae08b5f48fb7c318a2b9cb1339c8f66ab5a7a2d60c75752231b106,8087822d2153a7d6ebcd534d51f6e5230f305714782ed7a5b3fc134735611391,8087822d2153a7d6ebcd534d51f6e5230f305714782ed7a5b3fc134735611391,8087822d2153a7d6ebcd534d51f6e5230f305714782ed7a5b3fc134735611391,8087822d2153a7d6ebcd534d51f6e5230f305714782ed7a5b3fc134735611391,4b329581bd90a739dd5d14c4daafe02b1d30c7ed924ee9d0fe55e4d1c400923a,4b329581bd90a739dd5d14c4daafe02b1d30c7ed924ee9d0fe55e4d1c400923a
108,grid_0108_n5_north_west_south_middle_h1_open_t12,be6711182715b9fbdb00f0bd7c911be7ef9a3c906873777fc84bc97f69a1d400,ed48290424a78f3b0ac66fbda64898c1545f49e3eb94ee96dbb0b049334cfe24,ed48290424a78f3b0ac66fbda64898c1545f49e3eb94ee96dbb0b049334cfe24,ed48290424a78f3b0ac66fbda64898c1545f49e3eb94ee96dbb0b049334cfe24,ed48290424a78f3b0ac66fbda64898c1545f49e3eb94ee96dbb0b049334cfe24,3834e09b9358c6a39f7e650bf99f92a98656fdab89613e11b1b97f89e35aa3b6,3834e09b9358c6a39f7e650bf99f92a98656fdab89613e11b1b97f89e35aa3b6
109,grid_0109_n5_north_west_south_middle_h1_open_t14,40d71a83675de2f17c980e957fea0ece382b5f2d53d67b875f1aa6684d147396,17d8ea9d718a0e398bd401c54516775f67642ee09366c270c9e9f9c19f754a8a,17d8ea9d718a0e398bd401c54516775f67642ee09366c270c9e9f9c19f754a8a,17d8ea9d718a0e398bd401c54516775f67642ee09366c270c9e9f9c19f754a8a,17d8ea9d718a0e398bd401c54516775f67642ee09366c270c9e9f9c19f754a8a,3834e09b9358c6a39f7e650bf99f92a98656fdab89613e11b1b97f89e35aa3b6,3834e09b9358c6a39f7e650bf99f92a98656fdab89613e11b1b97f89e35aa3b6
110,grid_0110_n5_north_west_south_middle_h1_open_t16,8c54995d7a7e3b20dca0ad7f5bcc5ea17c57d0010cfd4c5edbe8766d5f07adf2,d3b084bbc3f988daf47251faf20d1ae50048790d5b72862dd807ffc3aa0c1b88,d3b084bbc3f988daf47251faf20d1ae50048790d5b72862dd807ffc3aa0c1b88,d3b084bbc3f988daf47251faf20d1ae50048790d5b72862dd807ffc3aa0c1b88,d3b084bbc3f988daf47251faf20d1ae50048790d5b72862dd807ffc3aa0c1b88,3834e09b9358c6a39f7e650bf99f92a98656fdab89613e11b1b97f89e35aa3b6,3834e09b9358c6a39f7e650bf99f92a98656fdab89613e11b1b97f89e35aa3b6
111,grid_0111_n5_north_west_south_middle_h1_open_t18,773f04f734e030dc5439961c9e5ba658a750137e90d93381dd5736651113523a,f23310cb562b23172e436f27dccb3b850a0512ddfb9bd7b4bf2507cca1f5d934,f23310cb562b23172e436f27dccb3b850a0512ddfb9bd7b4bf2507cca1f5d934,f23310cb562b23172e436f27dccb3b850a0512ddfb9bd7b4bf2507cca1f5d934,f23310cb562b23172e436f27dccb3b850a0512ddfb9bd7b4bf2507cca1f5d934,3834e09b9358c6a39f7e650bf99f92a98656fdab89613e11b1b97f89e35aa3b6,3834e09b9358c6a39f7e650bf99f92a98656fdab89613e11b1b97f89e35aa3b6
112,grid_0112_n5_north_west_south_middle_h1_gate_t12,7d7721c71800427f7252e86b30a1d333b5bd0e6ae2ed1e1b858ffb39d9b61682,67eedf6519b092b2c836ae1f08e1ac33d0cb49f02fbcb15eedf368ce9b9ec874,67eedf6519b092b2c836ae1f08e1ac33d0cb49f02fbcb15eedf368ce9b9ec874,67eedf6519b092b2c836ae1f08e1ac33d0cb49f02fbcb15eedf368ce9b9ec874,67eedf6519b092b2c836ae1f08e1ac33d0cb49f02fbcb15eedf368ce9b9ec874,c3a92394718ee444397924038db6626aae52e2c755ed05ebf0132a91eb7dd485,c3a92394718ee444397924038db6626aae52e2c755ed05ebf0132a91eb7dd485
113,grid_0113_n5_north_west_south_middle_h1_gate_t14,072729bd0a6be61ff67a00018201c571ea9e9b911ad3927d453d0d7cea25e30a,93ff334335675296dd2e382bf76c2953e9abcc22ae35b51a4c0d9786d3242ca4,93ff334335675296dd2e382bf76c2953e9abcc22ae35b51a4c0d9786d3242ca4,93ff334335675296dd2e382bf76c2953e9abcc22ae35b51a4c0d9786d3242ca4,93ff334335675296dd2e382bf76c2953e9abcc22ae35b51a4c0d9786d3242ca4,c3a92394718ee444397924038db6626aae52e2c755ed05ebf0132a91eb7dd485,c3a92394718ee444397924038db6626aae52e2c755ed05ebf0132a91eb7dd485
114,grid_0114_n5_north_west_south_middle_h1_gate_t16,b9a1dc0585c358c306054b42a50878f76390f5b38b134a7fb05d38e567beba0d,50130635c2e61a6945562f97c3781eca01238e282cebc3114762a1bf96d73abe,50130635c2e61a6945562f97c3781eca01238e282cebc3114762a1bf96d73abe,50130635c2e61a6945562f97c3781eca01238e282cebc3114762a1bf96d73abe,50130635c2e61a6945562f97c3781eca01238e282cebc3114762a1bf96d73abe,c3a92394718ee444397924038db6626aae52e2c755ed05ebf0132a91eb7dd485,c3a92394718ee444397924038db6626aae52e2c755ed05ebf0132a91eb7dd485
115,grid_0115_n5_north_west_south_middle_h1_gate_t18,a1b1bd3ebe2126fe1995a4c3c66eb3ac858787666bb8317c41775431fb6bfde1,58713c6096a7be2fa8caf926d398c5e24dec36c88ebdde0ec804de9b921cfed3,58713c6096a7be2fa8caf926d398c5e24dec36c88ebdde0ec804de9b921cfed3,58713c6096a7be2fa8caf926d398c5e24dec36c88ebdde0ec804de9b921cfed3,58713c6096a7be2fa8caf926d398c5e24dec36c88ebdde0ec804de9b921cfed3,c3a92394718ee444397924038db6626aae52e2c755ed05ebf0132a91eb7dd485,c3a92394718ee444397924038db6626aae52e2c755ed05ebf0132a91eb7dd485
116,grid_0116_n5_north_west_south_middle_h1_staggered_t12,644cf4011f47a3d16607d3d8298892bb4e9934794714654f3249a31d60c53df0,b9dde35d3afc48645a3c666674f77649eb0536ad2bcfe05a7b84358184ef761d,b9dde35d3afc48645a3c666674f77649eb0536ad2bcfe05a7b84358184ef761d,b9dde35d3afc48645a3c666674f77649eb0536ad2bcfe05a7b84358184ef761d,b9dde35d3afc48645a3c666674f77649eb0536ad2bcfe05a7b84358184ef761d,3834e09b9358c6a39f7e650bf99f92a98656fdab89613e11b1b97f89e35aa3b6,3834e09b9358c6a39f7e650bf99f92a98656fdab89613e11b1b97f89e35aa3b6
117,grid_0117_n5_north_west_south_middle_h1_staggered_t14,cc51b01b504690e16ad484e255feacfa6a8daf75341265bd67bfa554634e1df4,f8e35ebe0afc1128ca436443c068bc4da0718ecc679254c04166079435e0d91a,f8e35ebe0afc1128ca436443c068bc4da0718ecc679254c04166079435e0d91a,f8e35ebe0afc1128ca436443c068bc4da0718ecc679254c04166079435e0d91a,f8e35ebe0afc1128ca436443c068bc4da0718ecc679254c04166079435e0d91a,3834e09b9358c6a39f7e650bf99f92a98656fdab89613e11b1b97f89e35aa3b6,3834e09b9358c6a39f7e650bf99f92a98656fdab89613e11b1b97f89e35aa3b6
118,grid_0118_n5_north_west_south_middle_h1_staggered_t16,aeee49734924dff71dbb51619a7c968e639541fdaf1dcc28d5777e250996354e,2847772670ea9ffaecb4dae3d3f6609faaf03d4aa5e8dc8728fa605c575e94f4,2847772670ea9ffaecb4dae3d3f6609faaf03d4aa5e8dc8728fa605c575e94f4,2847772670ea9ffaecb4dae3d3f6609faaf03d4aa5e8dc8728fa605c575e94f4,2847772670ea9ffaecb4dae3d3f6609faaf03d4aa5e8dc8728fa605c575e94f4,3834e09b9358c6a39f7e650bf99f92a98656fdab89613e11b1b97f89e35aa3b6,3834e09b9358c6a39f7e650bf99f92a98656fdab89613e11b1b97f89e35aa3b6
119,grid_0119_n5_north_west_south_middle_h1_staggered_t18,60c9b17317c9400b2b0023c443a83db75596783df8eecfc6ca7cdf6ba4e9ae6d,2782781bf85eeaf078ad556e08c490cedee4e9939f0a1fb830991a61ab38eb82,2782781bf85eeaf078ad556e08c490cedee4e9939f0a1fb830991a61ab38eb82,2782781bf85eeaf078ad556e08c490cedee4e9939f0a1fb830991a61ab38eb82,2782781bf85eeaf078ad556e08c490cedee4e9939f0a1fb830991a61ab38eb82,3834e09b9358c6a39f7e650bf99f92a98656fdab89613e11b1b97f89e35aa3b6,3834e09b9358c6a39f7e650bf99f92a98656fdab89613e11b1b97f89e35aa3b6
120,grid_0120_n5_north_west_south_middle_h2_open_t12,0c0fb22252d45497dc9e39c4d5d496f60ba36020ac9e523365d85bbb22634f1e,5b39e269b04a8cb9f500263d4a6a21bdeec3b958d6feed924affd6e8c45cfd11,5b39e269b04a8cb9f500263d4a6a21bdeec3b958d6feed924affd6e8c45cfd11,5b39e269b04a8cb9f500263d4a6a21bdeec3b958d6feed924affd6e8c45cfd11,5b39e269b04a8cb9f500263d4a6a21bdeec3b958d6feed924affd6e8c45cfd11,4b329581bd90a739dd5d14c4daafe02b1d30c7ed924ee9d0fe55e4d1c400923a,4b329581bd90a739dd5d14c4daafe02b1d30c7ed924ee9d0fe55e4d1c400923a
121,grid_0121_n5_north_west_south_middle_h2_open_t14,ab468cb7166eec6150e6d4bd7176bfce31ea493a6043b86dee7ecf390f4b38c7,9a83cb0dd34025b52fc0eb7c13084d8e7fc86b93358b9db8b36829808e88ac4c,9a83cb0dd34025b52fc0eb7c13084d8e7fc86b93358b9db8b36829808e88ac4c,9a83cb0dd34025b52fc0eb7c13084d8e7fc86b93358b9db8b36829808e88ac4c,9a83cb0dd34025b52fc0eb7c13084d8e7fc86b93358b9db8b36829808e88ac4c,4b329581bd90a739dd5d14c4daafe02b1d30c7ed924ee9d0fe55e4d1c400923a,4b329581bd90a739dd5d14c4daafe02b1d30c7ed924ee9d0fe55e4d1c400923a
122,grid_0122_n5_north_west_south_middle_h2_open_t16,ebf5371f5426dc84a10b4e2d9bc42cce217999dde7c8a443b4ce48725bc65c41,5c9ecbccc23c11f8dff7f9d9a44c42b95aff5c9e96125128ae2d84d12ee1b638,5c9ecbccc23c11f8dff7f9d9a44c42b95aff5c9e96125128ae2d84d12ee1b638,5c9ecbccc23c11f8dff7f9d9a44c42b95aff5c9e96125128ae2d84d12ee1b638,5c9ecbccc23c11f8dff7f9d9a44c42b95aff5c9e96125128ae2d84d12ee1b638,4b329581bd90a739dd5d14c4daafe02b1d30c7ed924ee9d0fe55e4d1c400923a,4b329581bd90a739dd5d14c4daafe02b1d30c7ed924ee9d0fe55e4d1c400923a
123,grid_0123_n5_north_west_south_middle_h2_open_t18,2f8fcdb9b74114aafa252b91ff4be6cf8dd0c7881a5d7a3634c38bbaba19b02e,05aa4c971bf565c189b6f88a8d7e264bfd42495d123f595b735563aa5cf6c621,05aa4c971bf565c189b6f88a8d7e264bfd42495d123f595b735563aa5cf6c621,05aa4c971bf565c189b6f88a8d7e264bfd42495d123f595b735563aa5cf6c621,05aa4c971bf565c189b6f88a8d7e264bfd42495d123f595b735563aa5cf6c621,4b329581bd90a739dd5d14c4daafe02b1d30c7ed924ee9d0fe55e4d1c400923a,4b329581bd90a739dd5d14c4daafe02b1d30c7ed924ee9d0fe55e4d1c400923a
124,grid_0124_n5_north_west_south_middle_h2_gate_t12,927008ec559bc3cdeec231be6872ad8648478212f74fc8683e3c28a7b84228cf,98198ef39bebeaae37b9f982a7782d5edaf12b5b4677b09860d282800611334e,98198ef39bebeaae37b9f982a7782d5edaf12b5b4677b09860d282800611334e,98198ef39bebeaae37b9f982a7782d5edaf12b5b4677b09860d282800611334e,98198ef39bebeaae37b9f982a7782d5edaf12b5b4677b09860d282800611334e,4b329581bd90a739dd5d14c4daafe02b1d30c7ed924ee9d0fe55e4d1c400923a,4b329581bd90a739dd5d14c4daafe02b1d30c7ed924ee9d0fe55e4d1c400923a
125,grid_0125_n5_north_west_south_middle_h2_gate_t14,cc51fcf7d26ef9411255a22920f07cbd4df5297c6ce4ce742a4a4196fc9904ac,51e30413ddefb1931da262159f0ea865720d9c87fb6e76f7c11fa97e207eb4a0,51e30413ddefb1931da262159f0ea865720d9c87fb6e76f7c11fa97e207eb4a0,51e30413ddefb1931da262159f0ea865720d9c87fb6e76f7c11fa97e207eb4a0,51e30413ddefb1931da262159f0ea865720d9c87fb6e76f7c11fa97e207eb4a0,4b329581bd90a739dd5d14c4daafe02b1d30c7ed924ee9d0fe55e4d1c400923a,4b329581bd90a739dd5d14c4daafe02b1d30c7ed924ee9d0fe55e4d1c400923a
126,grid_0126_n5_north_west_south_middle_h2_gate_t16,feb222dafd752c4c47b42e7f6ec8d4713dd2fa3224a8ff6a0ba0427ef12c316c,678928baa812b578bb5c1c9ee4634ad8f91faa03d048310fd8518934a371facf,678928baa812b578bb5c1c9ee4634ad8f91faa03d048310fd8518934a371facf,678928baa812b578bb5c1c9ee4634ad8f91faa03d048310fd8518934a371facf,678928baa812b578bb5c1c9ee4634ad8f91faa03d048310fd8518934a371facf,4b329581bd90a739dd5d14c4daafe02b1d30c7ed924ee9d0fe55e4d1c400923a,4b329581bd90a739dd5d14c4daafe02b1d30c7ed924ee9d0fe55e4d1c400923a
127,grid_0127_n5_north_west_south_middle_h2_gate_t18,d1e62c85ce7c6c1712f5985fab788604ae9e53c6e506a1974e2ca049899c15ce,0d7e225a605c735bd7f9426d0fec8353e5155b6a6c56259600d04974fa99bb8f,0d7e225a605c735bd7f9426d0fec8353e5155b6a6c56259600d04974fa99bb8f,0d7e225a605c735bd7f9426d0fec8353e5155b6a6c56259600d04974fa99bb8f,0d7e225a605c735bd7f9426d0fec8353e5155b6a6c56259600d04974fa99bb8f,4b329581bd90a739dd5d14c4daafe02b1d30c7ed924ee9d0fe55e4d1c400923a,4b329581bd90a739dd5d14c4daafe02b1d30c7ed924ee9d0fe55e4d1c400923a
128,grid_0128_n5_north_west_south_middle_h2_staggered_t12,3d5e074eb1a8d04ba27c92ccb402c6c534d76ee856a1b7456865c454e52b833e,18a0e80460deb8cf05b2dee2a436934c7a3a9cd9c62b36dc1589450a61e0d910,18a0e80460deb8cf05b2dee2a436934c7a3a9cd9c62b36dc1589450a61e0d910,18a0e80460deb8cf05b2dee2a436934c7a3a9cd9c62b36dc1589450a61e0d910,18a0e80460deb8cf05b2dee2a436934c7a3a9cd9c62b36dc1589450a61e0d910,4b329581bd90a739dd5d14c4daafe02b1d30c7ed924ee9d0fe55e4d1c400923a,4b329581bd90a739dd5d14c4daafe02b1d30c7ed924ee9d0fe55e4d1c400923a
129,grid_0129_n5_north_west_south_middle_h2_staggered_t14,bd4187ce9bffda7c6c24ea19d87ac1bccda010df55febdab406c988362985f96,2d421b34ae78b2d3cc072033a24d8ef158733aed20286a5964f2e44982731f83,2d421b34ae78b2d3cc072033a24d8ef158733aed20286a5964f2e44982731f83,2d421b34ae78b2d3cc072033a24d8ef158733aed20286a5964f2e44982731f83,2d421b34ae78b2d3cc072033a24d8ef158733aed20286a5964f2e44982731f83,4b329581bd90a739dd5d14c4daafe02b1d30c7ed924ee9d0fe55e4d1c400923a,4b329581bd90a739dd5d14c4daafe02b1d30c7ed924ee9d0fe55e4d1c400923a
130,grid_0130_n5_north_west_south_middle_h2_staggered_t16,5b2f9b83099937e02d8325ea7b6159c2fec23659c50d14d05f5c34455134fb85,7ac9ee14e4e341daa93dcd11bf5bc35ca790355f47174cefa6f5bb130b3f8fbe,7ac9ee14e4e341daa93dcd11bf5bc35ca790355f47174cefa6f5bb130b3f8fbe,7ac9ee14e4e341daa93dcd11bf5bc35ca790355f47174cefa6f5bb130b3f8fbe,7ac9ee14e4e341daa93dcd11bf5bc35ca790355f47174cefa6f5bb130b3f8fbe,4b329581bd90a739dd5d14c4daafe02b1d30c7ed924ee9d0fe55e4d1c400923a,4b329581bd90a739dd5d14c4daafe02b1d30c7ed924ee9d0fe55e4d1c400923a
131,grid_0131_n5_north_west_south_middle_h2_staggered_t18,81b36d46c00dbd9bcc7ba147ea8326e9483cf7255754627484a7208dac249221,cf32895c76d3347e968ea67b575e7906a2d15c5753c2a2a561fa4c9c7c0c68cd,cf32895c76d3347e968ea67b575e7906a2d15c5753c2a2a561fa4c9c7c0c68cd,cf32895c76d3347e968ea67b575e7906a2d15c5753c2a2a561fa4c9c7c0c68cd,cf32895c76d3347e968ea67b575e7906a2d15c5753c2a2a561fa4c9c7c0c68cd,4b329581bd90a739dd5d14c4daafe02b1d30c7ed924ee9d0fe55e4d1c400923a,4b329581bd90a739dd5d14c4daafe02b1d30c7ed924ee9d0fe55e4d1c400923a
132,grid_0132_n5_north_west_south_middle_h3_open_t12,1355920fac0dfac545e5104d7612a6ced7c6c68f78442c184a123ab19e158739,5eadf8d0c557e727f4eefc6cf68b193f670ad95df47f74e782b312f8a16c961a,5eadf8d0c557e727f4eefc6cf68b193f670ad95df47f74e782b312f8a16c961a,5eadf8d0c557e727f4eefc6cf68b193f670ad95df47f74e782b312f8a16c961a,5eadf8d0c557e727f4eefc6cf68b193f670ad95df47f74e782b312f8a16c961a,3834e09b9358c6a39f7e650bf99f92a98656fdab89613e11b1b97f89e35aa3b6,3834e09b9358c6a39f7e650bf99f92a98656fdab89613e11b1b97f89e35aa3b6
133,grid_0133_n5_north_west_south_middle_h3_open_t14,b59f5b7a1d9cef4e8dc27ca3d83ba80bb7c580a7884d1f0dc8a399065b537c08,c866d1d6cf98c838829218338b8091766aeff2e110adae1a351fd67092dc2ec9,c866d1d6cf98c838829218338b8091766aeff2e110adae1a351fd67092dc2ec9,c866d1d6cf98c838829218338b8091766aeff2e110adae1a351fd67092dc2ec9,c866d1d6cf98c838829218338b8091766aeff2e110adae1a351fd67092dc2ec9,3834e09b9358c6a39f7e650bf99f92a98656fdab89613e11b1b97f89e35aa3b6,3834e09b9358c6a39f7e650bf99f92a98656fdab89613e11b1b97f89e35aa3b6
134,grid_0134_n5_north_west_south_middle_h3_open_t16,d4655ac68b2c56a72534aa1ce6202ba8a34daf3c9b438c336ca62c3cc766a81e,1b2f6930f8998afa0cc4dcd30fd7015dc75d59bb34f8f9413286bfe16f0327bb,1b2f6930f8998afa0cc4dcd30fd7015dc75d59bb34f8f9413286bfe16f0327bb,1b2f6930f8998afa0cc4dcd30fd7015dc75d59bb34f8f9413286bfe16f0327bb,1b2f6930f8998afa0cc4dcd30fd7015dc75d59bb34f8f9413286bfe16f0327bb,3834e09b9358c6a39f7e650bf99f92a98656fdab89613e11b1b97f89e35aa3b6,3834e09b9358c6a39f7e650bf99f92a98656fdab89613e11b1b97f89e35aa3b6
135,grid_0135_n5_north_west_south_middle_h3_open_t18,05f8c1b44fb81193da2142b2fcbe38f3068516ccd4e6d413f52ef86d51e0fd88,0484e0c99864d89a05067b4f0b8c581ee79d01d555581a35c46fbbee84e07bb5,0484e0c99864d89a05067b4f0b8c581ee79d01d555581a35c46fbbee84e07bb5,0484e0c99864d89a05067b4f0b8c581ee79d01d555581a35c46fbbee84e07bb5,0484e0c99864d89a05067b4f0b8c581ee79d01d555581a35c46fbbee84e07bb5,3834e09b9358c6a39f7e650bf99f92a98656fdab89613e11b1b97f89e35aa3b6,3834e09b9358c6a39f7e650bf99f92a98656fdab89613e11b1b97f89e35aa3b6
136,grid_0136_n5_north_west_south_middle_h3_gate_t12,55abc71d10e3113d508bdf9bb7716b0b44c3e34937dba5845abfe6a502c392e2,44777e1d312db1f89fdf35d5e8038b01e8bd55fe7c2e15822daecdc42c7c2f67,44777e1d312db1f89fdf35d5e8038b01e8bd55fe7c2e15822daecdc42c7c2f67,44777e1d312db1f89fdf35d5e8038b01e8bd55fe7c2e15822daecdc42c7c2f67,44777e1d312db1f89fdf35d5e8038b01e8bd55fe7c2e15822daecdc42c7c2f67,3834e09b9358c6a39f7e650bf99f92a98656fdab89613e11b1b97f89e35aa3b6,3834e09b9358c6a39f7e650bf99f92a98656fdab89613e11b1b97f89e35aa3b6
137,grid_0137_n5_north_west_south_middle_h3_gate_t14,08a66a1d4fe82148e2986fe3f43b96b44527b98f8ecb2fdf5dc0dd3c825ddf41,568091e9e51dde6189a022800d91077bc7940a3e008ebf053ed38abcf031d877,568091e9e51dde6189a022800d91077bc7940a3e008ebf053ed38abcf031d877,568091e9e51dde6189a022800d91077bc7940a3e008ebf053ed38abcf031d877,568091e9e51dde6189a022800d91077bc7940a3e008ebf053ed38abcf031d877,3834e09b9358c6a39f7e650bf99f92a98656fdab89613e11b1b97f89e35aa3b6,3834e09b9358c6a39f7e650bf99f92a98656fdab89613e11b1b97f89e35aa3b6
138,grid_0138_n5_north_west_south_middle_h3_gate_t16,490c703374568e545fe63a2a08f1372f262de9285693e2a1178a1deace92ab6a,c03db5f3d651606b6f561ef4c8c8414fdf85639134aedb42f5a3abd8e0d508da,c03db5f3d651606b6f561ef4c8c8414fdf85639134aedb42f5a3abd8e0d508da,c03db5f3d651606b6f561ef4c8c8414fdf85639134aedb42f5a3abd8e0d508da,c03db5f3d651606b6f561ef4c8c8414fdf85639134aedb42f5a3abd8e0d508da,3834e09b9358c6a39f7e650bf99f92a98656fdab89613e11b1b97f89e35aa3b6,3834e09b9358c6a39f7e650bf99f92a98656fdab89613e11b1b97f89e35aa3b6
139,grid_0139_n5_north_west_south_middle_h3_gate_t18,51d312cd43cf4d44090b54dfa9d1cf5b49648e7a4236f988d10eac1576efc7ee,8a71e61885615479e0cff969dbfabf785a8d1bddce037351a3ab56871db19569,8a71e61885615479e0cff969dbfabf785a8d1bddce037351a3ab56871db19569,8a71e61885615479e0cff969dbfabf785a8d1bddce037351a3ab56871db19569,8a71e61885615479e0cff969dbfabf785a8d1bddce037351a3ab56871db19569,3834e09b9358c6a39f7e650bf99f92a98656fdab89613e11b1b97f89e35aa3b6,3834e09b9358c6a39f7e650bf99f92a98656fdab89613e11b1b97f89e35aa3b6
140,grid_0140_n5_north_west_south_middle_h3_staggered_t12,8bbe6c8fff5e3390a3a0e57566bca2bda9291e4f02dfa25e0459bc969c573f5f,b1777fb9bd3b54b37cb40e5cf698be6e9cd2e3fb59b177e35099119bfb9934c4,b1777fb9bd3b54b37cb40e5cf698be6e9cd2e3fb59b177e35099119bfb9934c4,b1777fb9bd3b54b37cb40e5cf698be6e9cd2e3fb59b177e35099119bfb9934c4,b1777fb9bd3b54b37cb40e5cf698be6e9cd2e3fb59b177e35099119bfb9934c4,3834e09b9358c6a39f7e650bf99f92a98656fdab89613e11b1b97f89e35aa3b6,3834e09b9358c6a39f7e650bf99f92a98656fdab89613e11b1b97f89e35aa3b6
141,grid_0141_n5_north_west_south_middle_h3_staggered_t14,5d89f4be3b0527c47db83d50622052c71fe8a9b98b897f7af7a683f7f5e07f07,00165efd6fd7169ca48d15ffd4d269003d00a4835ad15ebb939e654bf983a779,00165efd6fd7169ca48d15ffd4d269003d00a4835ad15ebb939e654bf983a779,00165efd6fd7169ca48d15ffd4d269003d00a4835ad15ebb939e654bf983a779,00165efd6fd7169ca48d15ffd4d269003d00a4835ad15ebb939e654bf983a779,3834e09b9358c6a39f7e650bf99f92a98656fdab89613e11b1b97f89e35aa3b6,3834e09b9358c6a39f7e650bf99f92a98656fdab89613e11b1b97f89e35aa3b6
142,grid_0142_n5_north_west_south_middle_h3_staggered_t16,c4f07494278704a62508d573ee8d29c328de1cbc695d6ab19f66db6b209ab32b,c096bc1dcdffb8ffa313e5c5ddef66f829823a7afa86a1b83f4d3d15d76f5b8a,c096bc1dcdffb8ffa313e5c5ddef66f829823a7afa86a1b83f4d3d15d76f5b8a,c096bc1dcdffb8ffa313e5c5ddef66f829823a7afa86a1b83f4d3d15d76f5b8a,c096bc1dcdffb8ffa313e5c5ddef66f829823a7afa86a1b83f4d3d15d76f5b8a,3834e09b9358c6a39f7e650bf99f92a98656fdab89613e11b1b97f89e35aa3b6,3834e09b9358c6a39f7e650bf99f92a98656fdab89613e11b1b97f89e35aa3b6
143,grid_0143_n5_north_west_south_middle_h3_staggered_t18,72aafa8a85d6e906010a520486c500bb0cfc5f5141b835c0ae71ed2380149930,9a1cf8f655194ec77dd90d6cafdd7d693b53d24eaa917967d6f226b3508f982a,9a1cf8f655194ec77dd90d6cafdd7d693b53d24eaa917967d6f226b3508f982a,9a1cf8f655194ec77dd90d6cafdd7d693b53d24eaa917967d6f226b3508f982a,9a1cf8f655194ec77dd90d6cafdd7d693b53d24eaa917967d6f226b3508f982a,3834e09b9358c6a39f7e650bf99f92a98656fdab89613e11b1b97f89e35aa3b6,3834e09b9358c6a39f7e650bf99f92a98656fdab89613e11b1b97f89e35aa3b6
144,grid_0144_n5_north_east_south_east_h0_open_t12,64b004378d8aa91f124b66105bc48f3fffdb69af23764943e6fbef902214f7cd,e82a2195acafcb896a167d1c21fae07ad6bc68c8e4b3d8594df5a0152470fdbb,e82a2195acafcb896a167d1c21fae07ad6bc68c8e4b3d8594df5a0152470fdbb,e82a2195acafcb896a167d1c21fae07ad6bc68c8e4b3d8594df5a0152470fdbb,e82a2195acafcb896a167d1c21fae07ad6bc68c8e4b3d8594df5a0152470fdbb,6f4e36de42e60fcd6a6e2718af818114dd68b92cdb2ac8442d936a06baf690e3,6f4e36de42e60fcd6a6e2718af818114dd68b92cdb2ac8442d936a06baf690e3
145,grid_0145_n5_north_east_south_east_h0_open_t14,a9686197d6ba7831ffb46e7ff43d1a79dc66b545c3bb69b11d4aab5c1ea2fb98,d6f01607e53c7a091600318dec1f65b1438d24a304571fa28acd2c907afca9d5,d6f01607e53c7a091600318dec1f65b1438d24a304571fa28acd2c907afca9d5,d6f01607e53c7a091600318dec1f65b1438d24a304571fa28acd2c907afca9d5,d6f01607e53c7a091600318dec1f65b1438d24a304571fa28acd2c907afca9d5,6f4e36de42e60fcd6a6e2718af818114dd68b92cdb2ac8442d936a06baf690e3,6f4e36de42e60fcd6a6e2718af818114dd68b92cdb2ac8442d936a06baf690e3
146,grid_0146_n5_north_east_south_east_h0_open_t16,18cc7ee693427eb5d38510f2223adbc984ee45756f7f41e4b03e19d14cb6b5f2,78f825d59cba3111b972979edf0661b55a935bc06a2e7339d9c001cff40d8449,78f825d59cba3111b972979edf0661b55a935bc06a2e7339d9c001cff40d8449,78f825d59cba3111b972979edf0661b55a935bc06a2e7339d9c001cff40d8449,78f825d59cba3111b972979edf0661b55a935bc06a2e7339d9c001cff40d8449,6f4e36de42e60fcd6a6e2718af818114dd68b92cdb2ac8442d936a06baf690e3,6f4e36de42e60fcd6a6e2718af818114dd68b92cdb2ac8442d936a06baf690e3
147,grid_0147_n5_north_east_south_east_h0_open_t18,215c90af68eaf5c5797d8ba0a4039717fa28bc7a5a3575fb54d305126ab60da6,0aea306cae9980cc63bd7f6b13c2cfd4af46fd639bb1325143e092ea1a5b593f,0aea306cae9980cc63bd7f6b13c2cfd4af46fd639bb1325143e092ea1a5b593f,0aea306cae9980cc63bd7f6b13c2cfd4af46fd639bb1325143e092ea1a5b593f,0aea306cae9980cc63bd7f6b13c2cfd4af46fd639bb1325143e092ea1a5b593f,6f4e36de42e60fcd6a6e2718af818114dd68b92cdb2ac8442d936a06baf690e3,6f4e36de42e60fcd6a6e2718af818114dd68b92cdb2ac8442d936a06baf690e3
148,grid_0148_n5_north_east_south_east_h0_gate_t12,234955d985904c32adc642b43915d30cc7aa61a287231957b7016471f662c3b8,936e7428af0525d68e7cd0db1872a2252ec111225b0f3533a8c86ec95f10bb93,936e7428af0525d68e7cd0db1872a2252ec111225b0f3533a8c86ec95f10bb93,936e7428af0525d68e7cd0db1872a2252ec111225b0f3533a8c86ec95f10bb93,936e7428af0525d68e7cd0db1872a2252ec111225b0f3533a8c86ec95f10bb93,6f4e36de42e60fcd6a6e2718af818114dd68b92cdb2ac8442d936a06baf690e3,6f4e36de42e60fcd6a6e2718af818114dd68b92cdb2ac8442d936a06baf690e3
149,grid_0149_n5_north_east_south_east_h0_gate_t14,fc69478d30bfe8d58d4db3064c0b8fe07172b6009a5ec664c269dda5644e168d,fe23c4ab058fee74cf6bfe3dad794f5fc079cb18323cffb8e405115ffcbe9650,fe23c4ab058fee74cf6bfe3dad794f5fc079cb18323cffb8e405115ffcbe9650,fe23c4ab058fee74cf6bfe3dad794f5fc079cb18323cffb8e405115ffcbe9650,fe23c4ab058fee74cf6bfe3dad794f5fc079cb18323cffb8e405115ffcbe9650,6f4e36de42e60fcd6a6e2718af818114dd68b92cdb2ac8442d936a06baf690e3,6f4e36de42e60fcd6a6e2718af818114dd68b92cdb2ac8442d936a06baf690e3
150,grid_0150_n5_north_east_south_east_h0_gate_t16,063194bd40c93bdb4c40ce7a620dfe7e4e651efe5aa951b8edb9056556f9262f,24bf5b9f52ab2385b2f94876b0bf267f607a183a732d9994fd0d4e9308b399cb,24bf5b9f52ab2385b2f94876b0bf267f607a183a732d9994fd0d4e9308b399cb,24bf5b9f52ab2385b2f94876b0bf267f607a183a732d9994fd0d4e9308b399cb,24bf5b9f52ab2385b2f94876b0bf267f607a183a732d9994fd0d4e9308b399cb,6f4e36de42e60fcd6a6e2718af818114dd68b92cdb2ac8442d936a06baf690e3,6f4e36de42e60fcd6a6e2718af818114dd68b92cdb2ac8442d936a06baf690e3
151,grid_0151_n5_north_east_south_east_h0_gate_t18,90bcd6669364bcd7af7d5ee2a101757675d13994cf2e02664f181845585fcc6a,c93b717b4f1930bd174b0ebe1f50fd481b7e509103183164d385bfe0039a9674,c93b717b4f1930bd174b0ebe1f50fd481b7e509103183164d385bfe0039a9674,c93b717b4f1930bd174b0ebe1f50fd481b7e509103183164d385bfe0039a9674,c93b717b4f1930bd174b0ebe1f50fd481b7e509103183164d385bfe0039a9674,6f4e36de42e60fcd6a6e2718af818114dd68b92cdb2ac8442d936a06baf690e3,6f4e36de42e60fcd6a6e2718af818114dd68b92cdb2ac8442d936a06baf690e3
152,grid_0152_n5_north_east_south_east_h0_staggered_t12,b421e051bb5b97010cd71cd93469586da5a8fc27bb565b92c0757313e944d31d,a5eb88942448fdee26b58c4a9049831739fffb7bd752603d1b20e349d1926fb8,a5eb88942448fdee26b58c4a9049831739fffb7bd752603d1b20e349d1926fb8,a5eb88942448fdee26b58c4a9049831739fffb7bd752603d1b20e349d1926fb8,a5eb88942448fdee26b58c4a9049831739fffb7bd752603d1b20e349d1926fb8,6f4e36de42e60fcd6a6e2718af818114dd68b92cdb2ac8442d936a06baf690e3,6f4e36de42e60fcd6a6e2718af818114dd68b92cdb2ac8442d936a06baf690e3
153,grid_0153_n5_north_east_south_east_h0_staggered_t14,7ca5a39b658e2c043443d1256cf113990bfbd02664d4dbe6904ce257ac421095,c570fbad38f1aa5cc26d01896a538bcbbf8e23f0fa9d001822dfb05b44f6595e,c570fbad38f1aa5cc26d01896a538bcbbf8e23f0fa9d001822dfb05b44f6595e,c570fbad38f1aa5cc26d01896a538bcbbf8e23f0fa9d001822dfb05b44f6595e,c570fbad38f1aa5cc26d01896a538bcbbf8e23f0fa9d001822dfb05b44f6595e,6f4e36de42e60fcd6a6e2718af818114dd68b92cdb2ac8442d936a06baf690e3,6f4e36de42e60fcd6a6e2718af818114dd68b92cdb2ac8442d936a06baf690e3
154,grid_0154_n5_north_east_south_east_h0_staggered_t16,1e0fad676c6b0eb28d5a8a4a6e46a483921ef65b2c732a80ebae028b933dab40,17fa7b8c0b4e11ec74530c8c092c8a1891b31f9c08a467f5febeeaf47bc45e91,17fa7b8c0b4e11ec74530c8c092c8a1891b31f9c08a467f5febeeaf47bc45e91,17fa7b8c0b4e11ec74530c8c092c8a1891b31f9c08a467f5febeeaf47bc45e91,17fa7b8c0b4e11ec74530c8c092c8a1891b31f9c08a467f5febeeaf47bc45e91,6f4e36de42e60fcd6a6e2718af818114dd68b92cdb2ac8442d936a06baf690e3,6f4e36de42e60fcd6a6e2718af818114dd68b92cdb2ac8442d936a06baf690e3
155,grid_0155_n5_north_east_south_east_h0_staggered_t18,0fe1507e352a3f0c202468d329c2f72a3b742314a27ab28bb2834a0ab5b85be5,e6c2cda78774f75ade71b2d321ca5e507002d13f67cc4152a389a4af06546ef0,e6c2cda78774f75ade71b2d321ca5e507002d13f67cc4152a389a4af06546ef0,e6c2cda78774f75ade71b2d321ca5e507002d13f67cc4152a389a4af06546ef0,e6c2cda78774f75ade71b2d321ca5e507002d13f67cc4152a389a4af06546ef0,6f4e36de42e60fcd6a6e2718af818114dd68b92cdb2ac8442d936a06baf690e3,6f4e36de42e60fcd6a6e2718af818114dd68b92cdb2ac8442d936a06baf690e3
156,grid_0156_n5_north_east_south_east_h1_open_t12,fdb5bb3dfed3db845c119d10bab423b5f4fbfc086520433f39ef221ee729bb07,6972c65ea2b9d7ecc17fc63d73d2b24d082a51df35c83911922a58a39469321b,6972c65ea2b9d7ecc17fc63d73d2b24d082a51df35c83911922a58a39469321b,6972c65ea2b9d7ecc17fc63d73d2b24d082a51df35c83911922a58a39469321b,6972c65ea2b9d7ecc17fc63d73d2b24d082a51df35c83911922a58a39469321b,f442a455f1cce56bb2134e4ed968b6ab90799b34ef54f6edb932e6b97d1bfa01,f442a455f1cce56bb2134e4ed968b6ab90799b34ef54f6edb932e6b97d1bfa01
157,grid_0157_n5_north_east_south_east_h1_open_t14,66f6bac0d469d5d3f1d792942a2e28f1e521cf984984564a9a390fa06a5d78ad,0895cc877a8f937ced4e7d29593a6a1a9b31a94a56edb4924db5d58de9312430,0895cc877a8f937ced4e7d29593a6a1a9b31a94a56edb4924db5d58de9312430,0895cc877a8f937ced4e7d29593a6a1a9b31a94a56edb4924db5d58de9312430,0895cc877a8f937ced4e7d29593a6a1a9b31a94a56edb4924db5d58de9312430,f442a455f1cce56bb2134e4ed968b6ab90799b34ef54f6edb932e6b97d1bfa01,f442a455f1cce56bb2134e4ed968b6ab90799b34ef54f6edb932e6b97d1bfa01
158,grid_0158_n5_north_east_south_east_h1_open_t16,f627cc4bd757a4ca6695b61ae87fb9a7c57b58e66cae476bb6cd3cde86c63727,0219f0a7107819b104163094a68d7dca501b95097bfb1961a1722e8c688d9d01,0219f0a7107819b104163094a68d7dca501b95097bfb1961a1722e8c688d9d01,0219f0a7107819b104163094a68d7dca501b95097bfb1961a1722e8c688d9d01,0219f0a7107819b104163094a68d7dca501b95097bfb1961a1722e8c688d9d01,f442a455f1cce56bb2134e4ed968b6ab90799b34ef54f6edb932e6b97d1bfa01,f442a455f1cce56bb2134e4ed968b6ab90799b34ef54f6edb932e6b97d1bfa01
159,grid_0159_n5_north_east_south_east_h1_open_t18,8f29184d676022050ab1eb5df435ed303305bc6003d5ab8a1561a10e3372dc47,006f104eb2f1c757bc0c2cedea730e9363d9aacf784b57da4665da1e22661332,006f104eb2f1c757bc0c2cedea730e9363d9aacf784b57da4665da1e22661332,006f104eb2f1c757bc0c2cedea730e9363d9aacf784b57da4665da1e22661332,006f104eb2f1c757bc0c2cedea730e9363d9aacf784b57da4665da1e22661332,f442a455f1cce56bb2134e4ed968b6ab90799b34ef54f6edb932e6b97d1bfa01,f442a455f1cce56bb2134e4ed968b6ab90799b34ef54f6edb932e6b97d1bfa01
160,grid_0160_n5_north_east_south_east_h1_gate_t12,6b868c0a816ac296dd24ae6ca47f1b6baaefab7ecd7715461b3b55ec26fc2247,e1fca78f50c9cd80bf492ca459d94665d85ecc2bc513222ba4ce9e176dfed7ac,e1fca78f50c9cd80bf492ca459d94665d85ecc2bc513222ba4ce9e176dfed7ac,e1fca78f50c9cd80bf492ca459d94665d85ecc2bc513222ba4ce9e176dfed7ac,e1fca78f50c9cd80bf492ca459d94665d85ecc2bc513222ba4ce9e176dfed7ac,f442a455f1cce56bb2134e4ed968b6ab90799b34ef54f6edb932e6b97d1bfa01,f442a455f1cce56bb2134e4ed968b6ab90799b34ef54f6edb932e6b97d1bfa01
161,grid_0161_n5_north_east_south_east_h1_gate_t14,b634dee89b9e483ee11d3cc92bb9aca8b3d686444df7674c61fe79a832761763,4a4d934d5ebb489bba625f301bdd37ae91f1316943a749a41194cb19342ac18c,4a4d934d5ebb489bba625f301bdd37ae91f1316943a749a41194cb19342ac18c,4a4d934d5ebb489bba625f301bdd37ae91f1316943a749a41194cb19342ac18c,4a4d934d5ebb489bba625f301bdd37ae91f1316943a749a41194cb19342ac18c,f442a455f1cce56bb2134e4ed968b6ab90799b34ef54f6edb932e6b97d1bfa01,f442a455f1cce56bb2134e4ed968b6ab90799b34ef54f6edb932e6b97d1bfa01
162,grid_0162_n5_north_east_south_east_h1_gate_t16,070c8074cc1c6be27ebb0f39132d29e59785a2776302efb5ef957d1229162d23,9fbc88869b2e795b74160a69bac6afdfdba545020440332516c27c965c33983d,9fbc88869b2e795b74160a69bac6afdfdba545020440332516c27c965c33983d,9fbc88869b2e795b74160a69bac6afdfdba545020440332516c27c965c33983d,9fbc88869b2e795b74160a69bac6afdfdba545020440332516c27c965c33983d,f442a455f1cce56bb2134e4ed968b6ab90799b34ef54f6edb932e6b97d1bfa01,f442a455f1cce56bb2134e4ed968b6ab90799b34ef54f6edb932e6b97d1bfa01
163,grid_0163_n5_north_east_south_east_h1_gate_t18,098902fdae9401646bfc19eb082f472a8f5904b6d7e8de8aa70f0edd8a65d803,c638b269bef2d45e56a9e15da982cbd28fdd7a03352d16cef4d8948ccc7c88a0,c638b269bef2d45e56a9e15da982cbd28fdd7a03352d16cef4d8948ccc7c88a0,c638b269bef2d45e56a9e15da982cbd28fdd7a03352d16cef4d8948ccc7c88a0,c638b269bef2d45e56a9e15da982cbd28fdd7a03352d16cef4d8948ccc7c88a0,f442a455f1cce56bb2134e4ed968b6ab90799b34ef54f6edb932e6b97d1bfa01,f442a455f1cce56bb2134e4ed968b6ab90799b34ef54f6edb932e6b97d1bfa01
164,grid_0164_n5_north_east_south_east_h1_staggered_t12,282596e6622909443d1dcc08aaf19aec359d5805dcef5cc7965c6b2881c847ff,d933325347a598dde17f32e22ebc6ae0cf5fe85eeed190e7280e522a5f0d2b98,d933325347a598dde17f32e22ebc6ae0cf5fe85eeed190e7280e522a5f0d2b98,d933325347a598dde17f32e22ebc6ae0cf5fe85eeed190e7280e522a5f0d2b98,d933325347a598dde17f32e22ebc6ae0cf5fe85eeed190e7280e522a5f0d2b98,f442a455f1cce56bb2134e4ed968b6ab90799b34ef54f6edb932e6b97d1bfa01,f442a455f1cce56bb2134e4ed968b6ab90799b34ef54f6edb932e6b97d1bfa01
165,grid_0165_n5_north_east_south_east_h1_staggered_t14,03c0916a72b3671f68e38df9ccdc489a1bdc14b9d3c1fdbfb2d58b3537087ccf,f259064f83b2f708d5e12bdc6800dd4a8720a286f25c313539931519f0e9ed58,f259064f83b2f708d5e12bdc6800dd4a8720a286f25c313539931519f0e9ed58,f259064f83b2f708d5e12bdc6800dd4a8720a286f25c313539931519f0e9ed58,f259064f83b2f708d5e12bdc6800dd4a8720a286f25c313539931519f0e9ed58,f442a455f1cce56bb2134e4ed968b6ab90799b34ef54f6edb932e6b97d1bfa01,f442a455f1cce56bb2134e4ed968b6ab90799b34ef54f6edb932e6b97d1bfa01
166,grid_0166_n5_north_east_south_east_h1_staggered_t16,62694a4ecb7da64cf39d9aa28e3459ebd11fb930d49c2e44f609c21dcbaa4017,233dd237db5b2e784ca5fc28e353c9c11f69a4a2c270bad37d95eadff4a42f40,233dd237db5b2e784ca5fc28e353c9c11f69a4a2c270bad37d95eadff4a42f40,233dd237db5b2e784ca5fc28e353c9c11f69a4a2c270bad37d95eadff4a42f40,233dd237db5b2e784ca5fc28e353c9c11f69a4a2c270bad37d95eadff4a42f40,f442a455f1cce56bb2134e4ed968b6ab90799b34ef54f6edb932e6b97d1bfa01,f442a455f1cce56bb2134e4ed968b6ab90799b34ef54f6edb932e6b97d1bfa01
167,grid_0167_n5_north_east_south_east_h1_staggered_t18,47a158cf40a129e5fb831d54fc3c9a7056d02993e989d9209e5bb43d9b5589b4,e2a05c23a097183b57394761cf29dc8769ecf2366e3cab52d0286a576a5b0c29,e2a05c23a097183b57394761cf29dc8769ecf2366e3cab52d0286a576a5b0c29,e2a05c23a097183b57394761cf29dc8769ecf2366e3cab52d0286a576a5b0c29,e2a05c23a097183b57394761cf29dc8769ecf2366e3cab52d0286a576a5b0c29,f442a455f1cce56bb2134e4ed968b6ab90799b34ef54f6edb932e6b97d1bfa01,f442a455f1cce56bb2134e4ed968b6ab90799b34ef54f6edb932e6b97d1bfa01
168,grid_0168_n5_north_east_south_east_h2_open_t12,da274c55da05ab4f63af261176913c372b01d6d2407a8aa3923fddc70a58eb8b,05e8fe6d0a4cf708d06dccad76165ae946e053fc24bbe612a0c074c3f6a0397b,05e8fe6d0a4cf708d06dccad76165ae946e053fc24bbe612a0c074c3f6a0397b,05e8fe6d0a4cf708d06dccad76165ae946e053fc24bbe612a0c074c3f6a0397b,05e8fe6d0a4cf708d06dccad76165ae946e053fc24bbe612a0c074c3f6a0397b,dc56bf3382b2ae16b1139a0867e248be0acb0059339b3dac39e2f25cc7908c43,dc56bf3382b2ae16b1139a0867e248be0acb0059339b3dac39e2f25cc7908c43
169,grid_0169_n5_north_east_south_east_h2_open_t14,598038727a704c94280a2080b6bb94e2f92f11af831377ca71a6aab4181cf4c9,05e8fe6d0a4cf708d06dccad76165ae946e053fc24bbe612a0c074c3f6a0397b,05e8fe6d0a4cf708d06dccad76165ae946e053fc24bbe612a0c074c3f6a0397b,05e8fe6d0a4cf708d06dccad76165ae946e053fc24bbe612a0c074c3f6a0397b,05e8fe6d0a4cf708d06dccad76165ae946e053fc24bbe612a0c074c3f6a0397b,dc56bf3382b2ae16b1139a0867e248be0acb0059339b3dac39e2f25cc7908c43,dc56bf3382b2ae16b1139a0867e248be0acb0059339b3dac39e2f25cc7908c43
170,grid_0170_n5_north_east_south_east_h2_open_t16,3c20eee2ae63567c31b37a4e4ad3c26de2d5d9dff7c19d0365c188789fddb435,05e8fe6d0a4cf708d06dccad76165ae946e053fc24bbe612a0c074c3f6a0397b,05e8fe6d0a4cf708d06dccad76165ae946e053fc24bbe612a0c074c3f6a0397b,05e8fe6d0a4cf708d06dccad76165ae946e053fc24bbe612a0c074c3f6a0397b,05e8fe6d0a4cf708d06dccad76165ae946e053fc24bbe612a0c074c3f6a0397b,dc56bf3382b2ae16b1139a0867e248be0acb0059339b3dac39e2f25cc7908c43,dc56bf3382b2ae16b1139a0867e248be0acb0059339b3dac39e2f25cc7908c43
171,grid_0171_n5_north_east_south_east_h2_open_t18,5deb1c172ed73575a44b35c4927906a271964648b66cd4c802dee52a62cc2012,05e8fe6d0a4cf708d06dccad76165ae946e053fc24bbe612a0c074c3f6a0397b,05e8fe6d0a4cf708d06dccad76165ae946e053fc24bbe612a0c074c3f6a0397b,05e8fe6d0a4cf708d06dccad76165ae946e053fc24bbe612a0c074c3f6a0397b,05e8fe6d0a4cf708d06dccad76165ae946e053fc24bbe612a0c074c3f6a0397b,dc56bf3382b2ae16b1139a0867e248be0acb0059339b3dac39e2f25cc7908c43,dc56bf3382b2ae16b1139a0867e248be0acb0059339b3dac39e2f25cc7908c43
172,grid_0172_n5_north_east_south_east_h2_gate_t12,99771b885d0aa7b408d2c19e5f958f871b17c5be78742afe078fadc3ee0cce6f,05e8fe6d0a4cf708d06dccad76165ae946e053fc24bbe612a0c074c3f6a0397b,05e8fe6d0a4cf708d06dccad76165ae946e053fc24bbe612a0c074c3f6a0397b,05e8fe6d0a4cf708d06dccad76165ae946e053fc24bbe612a0c074c3f6a0397b,05e8fe6d0a4cf708d06dccad76165ae946e053fc24bbe612a0c074c3f6a0397b,dc56bf3382b2ae16b1139a0867e248be0acb0059339b3dac39e2f25cc7908c43,dc56bf3382b2ae16b1139a0867e248be0acb0059339b3dac39e2f25cc7908c43
173,grid_0173_n5_north_east_south_east_h2_gate_t14,99fb15418bff0c82691cf323a728ef7be9d9f7fd516fe73ec7036441a6413df5,05e8fe6d0a4cf708d06dccad76165ae946e053fc24bbe612a0c074c3f6a0397b,05e8fe6d0a4cf708d06dccad76165ae946e053fc24bbe612a0c074c3f6a0397b,05e8fe6d0a4cf708d06dccad76165ae946e053fc24bbe612a0c074c3f6a0397b,05e8fe6d0a4cf708d06dccad76165ae946e053fc24bbe612a0c074c3f6a0397b,dc56bf3382b2ae16b1139a0867e248be0acb0059339b3dac39e2f25cc7908c43,dc56bf3382b2ae16b1139a0867e248be0acb0059339b3dac39e2f25cc7908c43
174,grid_0174_n5_north_east_south_east_h2_gate_t16,f6523e537cf87dcad54722dc13d35dd4456b2f085a9b934cb493248a16ce260e,05e8fe6d0a4cf708d06dccad76165ae946e053fc24bbe612a0c074c3f6a0397b,05e8fe6d0a4cf708d06dccad76165ae946e053fc24bbe612a0c074c3f6a0397b,05e8fe6d0a4cf708d06dccad76165ae946e053fc24bbe612a0c074c3f6a0397b,05e8fe6d0a4cf708d06dccad76165ae946e053fc24bbe612a0c074c3f6a0397b,dc56bf3382b2ae16b1139a0867e248be0acb0059339b3dac39e2f25cc7908c43,dc56bf3382b2ae16b1139a0867e248be0acb0059339b3dac39e2f25cc7908c43
175,grid_0175_n5_north_east_south_east_h2_gate_t18,74bd75c7b02fbb3bb2f7c837b3f0f672b722c4f8c1a9d38da87b69893aa9152f,05e8fe6d0a4cf708d06dccad76165ae946e053fc24bbe612a0c074c3f6a0397b,05e8fe6d0a4cf708d06dccad76165ae946e053fc24bbe612a0c074c3f6a0397b,05e8fe6d0a4cf708d06dccad76165ae946e053fc24bbe612a0c074c3f6a0397b,05e8fe6d0a4cf708d06dccad76165ae946e053fc24bbe612a0c074c3f6a0397b,dc56bf3382b2ae16b1139a0867e248be0acb0059339b3dac39e2f25cc7908c43,dc56bf3382b2ae16b1139a0867e248be0acb0059339b3dac39e2f25cc7908c43
176,grid_0176_n5_north_east_south_east_h2_staggered_t12,78d29b01094e8bcd7c4e90e9cde31edfd0876d62efd8e823386bdc52b68e814d,05e8fe6d0a4cf708d06dccad76165ae946e053fc24bbe612a0c074c3f6a0397b,05e8fe6d0a4cf708d06dccad76165ae946e053fc24bbe612a0c074c3f6a0397b,05e8fe6d0a4cf708d06dccad76165ae946e053fc24bbe612a0c074c3f6a0397b,05e8fe6d0a4cf708d06dccad76165ae946e053fc24bbe612a0c074c3f6a0397b,dc56bf3382b2ae16b1139a0867e248be0acb0059339b3dac39e2f25cc7908c43,dc56bf3382b2ae16b1139a0867e248be0acb0059339b3dac39e2f25cc7908c43
177,grid_0177_n5_north_east_south_east_h2_staggered_t14,2044dddf3bd62bbd999cfab683db20d658eee93ac9ecfbabe1e8f67af9fed418,05e8fe6d0a4cf708d06dccad76165ae946e053fc24bbe612a0c074c3f6a0397b,05e8fe6d0a4cf708d06dccad76165ae946e053fc24bbe612a0c074c3f6a0397b,05e8fe6d0a4cf708d06dccad76165ae946e053fc24bbe612a0c074c3f6a0397b,05e8fe6d0a4cf708d06dccad76165ae946e053fc24bbe612a0c074c3f6a0397b,dc56bf3382b2ae16b1139a0867e248be0acb0059339b3dac39e2f25cc7908c43,dc56bf3382b2ae16b1139a0867e248be0acb0059339b3dac39e2f25cc7908c43
178,grid_0178_n5_north_east_south_east_h2_staggered_t16,8ff89281afe7ea2a142803dba8e6fc97caeacd41cee9767a2fc39a7a9cd88f1e,05e8fe6d0a4cf708d06dccad76165ae946e053fc24bbe612a0c074c3f6a0397b,05e8fe6d0a4cf708d06dccad76165ae946e053fc24bbe612a0c074c3f6a0397b,05e8fe6d0a4cf708d06dccad76165ae946e053fc24bbe612a0c074c3f6a0397b,05e8fe6d0a4cf708d06dccad76165ae946e053fc24bbe612a0c074c3f6a0397b,dc56bf3382b2ae16b1139a0867e248be0acb0059339b3dac39e2f25cc7908c43,dc56bf3382b2ae16b1139a0867e248be0acb0059339b3dac39e2f25cc7908c43
179,grid_0179_n5_north_east_south_east_h2_staggered_t18,dd80422679a4a7b35b887ea1ec2ff517c48e49f6931b8f1134ce5eeb33c86a3f,05e8fe6d0a4cf708d06dccad76165ae946e053fc24bbe612a0c074c3f6a0397b,05e8fe6d0a4cf708d06dccad76165ae946e053fc24bbe612a0c074c3f6a0397b,05e8fe6d0a4cf708d06dccad76165ae946e053fc24bbe612a0c074c3f6a0397b,05e8fe6d0a4cf708d06dccad76165ae946e053fc24bbe612a0c074c3f6a0397b,dc56bf3382b2ae16b1139a0867e248be0acb0059339b3dac39e2f25cc7908c43,dc56bf3382b2ae16b1139a0867e248be0acb0059339b3dac39e2f25cc7908c43
180,grid_0180_n5_north_east_south_east_h3_open_t12,bf92089dba668a5141266bdf50f0d38b3ec80cd08bbcac877eb5d66dba78fcad,36684f34095615b8c7dfcb40950d38f42cd80c955aef8ff0ab862964e42b6321,36684f34095615b8c7dfcb40950d38f42cd80c955aef8ff0ab862964e42b6321,36684f34095615b8c7dfcb40950d38f42cd80c955aef8ff0ab862964e42b6321,36684f34095615b8c7dfcb40950d38f42cd80c955aef8ff0ab862964e42b6321,6e887993053c897355523f7cd64be44f0955244cbc6c128cd34d97b0062e2349,6e887993053c897355523f7cd64be44f0955244cbc6c128cd34d97b0062e2349
181,grid_0181_n5_north_east_south_east_h3_open_t14,be15269cee93f0236a6ab14e2c213bf4a3fece594c1503bc07513b0ec2e96577,84789287cc96344dbd89cb8d999f4451aa494782992a96aa7211e3243e77daf7,84789287cc96344dbd89cb8d999f4451aa494782992a96aa7211e3243e77daf7,84789287cc96344dbd89cb8d999f4451aa494782992a96aa7211e3243e77daf7,84789287cc96344dbd89cb8d999f4451aa494782992a96aa7211e3243e77daf7,76ed4c91af561edea89eab81b33d2e0eb1cccb80dcadd9d32dc350e79431d6ec,76ed4c91af561edea89eab81b33d2e0eb1cccb80dcadd9d32dc350e79431d6ec
182,grid_0182_n5_north_east_south_east_h3_open_t16,b1e23afcd1cd8d7b241f3ed27a57794d02eb538cbcd9d155c58481cf3c2600d1,3fc61c391ae3b1e0ed986222ed1aee7f6ea209136b5a3e5c43b755fc3d7047ff,3fc61c391ae3b1e0ed986222ed1aee7f6ea209136b5a3e5c43b755fc3d7047ff,3fc61c391ae3b1e0ed986222ed1aee7f6ea209136b5a3e5c43b755fc3d7047ff,3fc61c391ae3b1e0ed986222ed1aee7f6ea209136b5a3e5c43b755fc3d7047ff,b976a334e7eeae1fb54b9b563677b29976556c61a28f919e63a33e3d02062d8e,b976a334e7eeae1fb54b9b563677b29976556c61a28f919e63a33e3d02062d8e
183,grid_0183_n5_north_east_south_east_h3_open_t18,c0ae8afbf32253a2eeb5c717e1106e508724a214f83549b58fd30ca1f61b6f87,fb578af2bdb0998e2b626cbb3cb18a3567781706dcd9badaf4fdb670ae23965b,fb578af2bdb0998e2b626cbb3cb18a3567781706dcd9badaf4fdb670ae23965b,fb578af2bdb0998e2b626cbb3cb18a3567781706dcd9badaf4fdb670ae23965b,fb578af2bdb0998e2b626cbb3cb18a3567781706dcd9badaf4fdb670ae23965b,b976a334e7eeae1fb54b9b563677b29976556c61a28f919e63a33e3d02062d8e,b976a334e7eeae1fb54b9b563677b29976556c61a28f919e63a33e3d02062d8e
184,grid_0184_n5_north_east_south_east_h3_gate_t12,b39ee1c83e2eb71a55f45ce9a211352e5819be856edf95beb349793351180fc3,20d0d8624c246c35d6af5003f5b6a1831e54f189408aa0c2aa955fc86140948b,20d0d8624c246c35d6af5003f5b6a1831e54f189408aa0c2aa955fc86140948b,20d0d8624c246c35d6af5003f5b6a1831e54f189408aa0c2aa955fc86140948b,20d0d8624c246c35d6af5003f5b6a1831e54f189408aa0c2aa955fc86140948b,6e887993053c897355523f7cd64be44f0955244cbc6c128cd34d97b0062e2349,6e887993053c897355523f7cd64be44f0955244cbc6c128cd34d97b0062e2349
185,grid_0185_n5_north_east_south_east_h3_gate_t14,e6ef1fea69cf0aade791c3010ee37a936578cd2d8e76a675740c107eb68c5b19,00850b368ede20759149ec016f3210625c4c7c3bd23dd246b4311e37a086562d,00850b368ede20759149ec016f3210625c4c7c3bd23dd246b4311e37a086562d,00850b368ede20759149ec016f3210625c4c7c3bd23dd246b4311e37a086562d,00850b368ede20759149ec016f3210625c4c7c3bd23dd246b4311e37a086562d,76ed4c91af561edea89eab81b33d2e0eb1cccb80dcadd9d32dc350e79431d6ec,76ed4c91af561edea89eab81b33d2e0eb1cccb80dcadd9d32dc350e79431d6ec
186,grid_0186_n5_north_east_south_east_h3_gate_t16,8b6efdde6502a76628d9ef0faf94a5783ed0fd0a10fbe2b98e59296d81ffa015,02951bb9f4b214202c76a7ce77093e99ee314404c53f100404790905b76150c0,02951bb9f4b214202c76a7ce77093e99ee314404c53f100404790905b76150c0,02951bb9f4b214202c76a7ce77093e99ee314404c53f100404790905b76150c0,02951bb9f4b214202c76a7ce77093e99ee314404c53f100404790905b76150c0,b976a334e7eeae1fb54b9b563677b29976556c61a28f919e63a33e3d02062d8e,b976a334e7eeae1fb54b9b563677b29976556c61a28f919e63a33e3d02062d8e
187,grid_0187_n5_north_east_south_east_h3_gate_t18,706eb9e3c6701007daa1c20bbc1fa0df4d638bd986d883dc73f58b2126d8c0fb,d12ee4e0028cc5ff69f878056b82126babb60a7c0a5e3af87ce1fd3c19c098d9,d12ee4e0028cc5ff69f878056b82126babb60a7c0a5e3af87ce1fd3c19c098d9,d12ee4e0028cc5ff69f878056b82126babb60a7c0a5e3af87ce1fd3c19c098d9,d12ee4e0028cc5ff69f878056b82126babb60a7c0a5e3af87ce1fd3c19c098d9,b976a334e7eeae1fb54b9b563677b29976556c61a28f919e63a33e3d02062d8e,b976a334e7eeae1fb54b9b563677b29976556c61a28f919e63a33e3d02062d8e
188,grid_0188_n5_north_east_south_east_h3_staggered_t12,6af157e4af2931d7b43ea2a75c8a57c7ca57154eb9aeaea01737c4aa38698880,0a0d73cbed1e5196c83c655bb868a6a41aa937095b765524d5742fe318bb7e0c,0a0d73cbed1e5196c83c655bb868a6a41aa937095b765524d5742fe318bb7e0c,0a0d73cbed1e5196c83c655bb868a6a41aa937095b765524d5742fe318bb7e0c,0a0d73cbed1e5196c83c655bb868a6a41aa937095b765524d5742fe318bb7e0c,6e887993053c897355523f7cd64be44f0955244cbc6c128cd34d97b0062e2349,6e887993053c897355523f7cd64be44f0955244cbc6c128cd34d97b0062e2349
189,grid_0189_n5_north_east_south_east_h3_staggered_t14,b8be8cbf03cd17c264ed30ff89efec476649d6398ed59415293548c8c7249595,0e3f238e723e656582cb2e1206a09369b46a8da1acccc678e998c2ef92107f96,0e3f238e723e656582cb2e1206a09369b46a8da1acccc678e998c2ef92107f96,0e3f238e723e656582cb2e1206a09369b46a8da1acccc678e998c2ef92107f96,0e3f238e723e656582cb2e1206a09369b46a8da1acccc678e998c2ef92107f96,76ed4c91af561edea89eab81b33d2e0eb1cccb80dcadd9d32dc350e79431d6ec,76ed4c91af561edea89eab81b33d2e0eb1cccb80dcadd9d32dc350e79431d6ec
190,grid_0190_n5_north_east_south_east_h3_staggered_t16,fb3572d05316e3ef14cdba8ba7e9f7dc1e5baa78e2d849b5136f8144cbbf3ade,eefcf36ea4014a160427fa4efbaad6909a6a9b5d7b1d6005e1705bf4c374729c,eefcf36ea4014a160427fa4efbaad6909a6a9b5d7b1d6005e1705bf4c374729c,eefcf36ea4014a160427fa4efbaad6909a6a9b5d7b1d6005e1705bf4c374729c,eefcf36ea4014a160427fa4efbaad6909a6a9b5d7b1d6005e1705bf4c374729c,b976a334e7eeae1fb54b9b563677b29976556c61a28f919e63a33e3d02062d8e,b976a334e7eeae1fb54b9b563677b29976556c61a28f919e63a33e3d02062d8e
191,grid_0191_n5_north_east_south_east_h3_staggered_t18,1b2518916e67d3201e6bba451eaaed1300568ec8663e93e5e8e59d5eeccc0762,f102e44bbb6bd767c1bcd803e2516eca3019ecb00ab1331f1e0377e230459ca3,f102e44bbb6bd767c1bcd803e2516eca3019ecb00ab1331f1e0377e230459ca3,f102e44bbb6bd767c1bcd803e2516eca3019ecb00ab1331f1e0377e230459ca3,f102e44bbb6bd767c1bcd803e2516eca3019ecb00ab1331f1e0377e230459ca3,b976a334e7eeae1fb54b9b563677b29976556c61a28f919e63a33e3d02062d8e,b976a334e7eeae1fb54b9b563677b29976556c61a28f919e63a33e3d02062d8e
192,grid_0192_n5_north_east_east_middle_h0_open_t12,e475a9247c78e95b9f9e698888f014a264bfce0a9841bcd121263c57310de576,30a3774f09c76382186e67f35b208d4bc849c10b0bb8ba8ab2e5340c7eaa8d4d,30a3774f09c76382186e67f35b208d4bc849c10b0bb8ba8ab2e5340c7eaa8d4d,30a3774f09c76382186e67f35b208d4bc849c10b0bb8ba8ab2e5340c7eaa8d4d,30a3774f09c76382186e67f35b208d4bc849c10b0bb8ba8ab2e5340c7eaa8d4d,6f4e36de42e60fcd6a6e2718af818114dd68b92cdb2ac8442d936a06baf690e3,6f4e36de42e60fcd6a6e2718af818114dd68b92cdb2ac8442d936a06baf690e3
193,grid_0193_n5_north_east_east_middle_h0_open_t14,746247415f63f343193dd701124cdb3a1b92277443d22249909821d07fb4b9ef,78085952d3b95f196472045c8f620018a806d7e50675c50391a229ce3fc051c4,78085952d3b95f196472045c8f620018a806d7e50675c50391a229ce3fc051c4,78085952d3b95f196472045c8f620018a806d7e50675c50391a229ce3fc051c4,78085952d3b95f196472045c8f620018a806d7e50675c50391a229ce3fc051c4,6f4e36de42e60fcd6a6e2718af818114dd68b92cdb2ac8442d936a06baf690e3,6f4e36de42e60fcd6a6e2718af818114dd68b92cdb2ac8442d936a06baf690e3
194,grid_0194_n5_north_east_east_middle_h0_open_t16,cab1b11eb90a144ee34ad5ced572ac481949cbae06ae0b4685a0b3d0acae4dd8,eca21c87b867f07f0d1d06c1d159e9d31e92c0f83e186766a4a6b1ea02c19e98,eca21c87b867f07f0d1d06c1d159e9d31e92c0f83e186766a4a6b1ea02c19e98,eca21c87b867f07f0d1d06c1d159e9d31e92c0f83e186766a4a6b1ea02c19e98,eca21c87b867f07f0d1d06c1d159e9d31e92c0f83e186766a4a6b1ea02c19e98,6f4e36de42e60fcd6a6e2718af818114dd68b92cdb2ac8442d936a06baf690e3,6f4e36de42e60fcd6a6e2718af818114dd68b92cdb2ac8442d936a06baf690e3
195,grid_0195_n5_north_east_east_middle_h0_open_t18,0afbee09972cc6779861e476899e56724870a48c12bd7a47d30c35cb59ee9d27,8f073d746446244e67b0503ae84c1951e8a29d37bafd7d0d3d0f60f06562111e,8f073d746446244e67b0503ae84c1951e8a29d37bafd7d0d3d0f60f06562111e,8f073d746446244e67b0503ae84c1951e8a29d37bafd7d0d3d0f60f06562111e,8f073d746446244e67b0503ae84c1951e8a29d37bafd7d0d3d0f60f06562111e,6f4e36de42e60fcd6a6e2718af818114dd68b92cdb2ac8442d936a06baf690e3,6f4e36de42e60fcd6a6e2718af818114dd68b92cdb2ac8442d936a06baf690e3
196,grid_0196_n5_north_east_east_middle_h0_gate_t12,55e039f4d1646ef53db35b1b4b5174caacaa5742a296f2594a7814e7b66b4fcd,f0e08c2686eaf9e2f311005b16bbe41f046732a1503ece786fbdcebfba2e158f,f0e08c2686eaf9e2f311005b16bbe41f046732a1503ece786fbdcebfba2e158f,f0e08c2686eaf9e2f311005b16bbe41f046732a1503ece786fbdcebfba2e158f,f0e08c2686eaf9e2f311005b16bbe41f046732a1503ece786fbdcebfba2e158f,6f4e36de42e60fcd6a6e2718af818114dd68b92cdb2ac8442d936a06baf690e3,6f4e36de42e60fcd6a6e2718af818114dd68b92cdb2ac8442d936a06baf690e3
197,grid_0197_n5_north_east_east_middle_h0_gate_t14,518ada4f6238b42d869b202c4285a48ae1fb04efdc7fa17305a5e91e08cc29cb,755216a63b031ca7c004c58d238814aad5586d4b9b5dadcfaed4d1cce56d1c92,755216a63b031ca7c004c58d238814aad5586d4b9b5dadcfaed4d1cce56d1c92,755216a63b031ca7c004c58d238814aad5586d4b9b5dadcfaed4d1cce56d1c92,755216a63b031ca7c004c58d238814aad5586d4b9b5dadcfaed4d1cce56d1c92,6f4e36de42e60fcd6a6e2718af818114dd68b92cdb2ac8442d936a06baf690e3,6f4e36de42e60fcd6a6e2718af818114dd68b92cdb2ac8442d936a06baf690e3
198,grid_0198_n5_north_east_east_middle_h0_gate_t16,346b75241873b88b97c83ba6137a79d0f4084eaa965a1acf190de61d80d000c6,2fb593172e36c813ef6043d7f5d4890adecd7f13f086c9296e1cd1f7af95954b,2fb593172e36c813ef6043d7f5d4890adecd7f13f086c9296e1cd1f7af95954b,2fb593172e36c813ef6043d7f5d4890adecd7f13f086c9296e1cd1f7af95954b,2fb593172e36c813ef6043d7f5d4890adecd7f13f086c9296e1cd1f7af95954b,6f4e36de42e60fcd6a6e2718af818114dd68b92cdb2ac8442d936a06baf690e3,6f4e36de42e60fcd6a6e2718af818114dd68b92cdb2ac8442d936a06baf690e3
199,grid_0199_n5_north_east_east_middle_h0_gate_t18,3b29b8d6a051ea913f93b1237dcd1e2f831d4b0ab20ed72b205a4f0d52795a47,9b85eac44a61ff60d50ee8d870d5a9922f4211b995ec404398733001022b75bd,9b85eac44a61ff60d50ee8d870d5a9922f4211b995ec404398733001022b75bd,9b85eac44a61ff60d50ee8d870d5a9922f4211b995ec404398733001022b75bd,9b85eac44a61ff60d50ee8d870d5a9922f4211b995ec404398733001022b75bd,6f4e36de42e60fcd6a6e2718af818114dd68b92cdb2ac8442d936a06baf690e3,6f4e36de42e60fcd6a6e2718af818114dd68b92cdb2ac8442d936a06baf690e3
200,grid_0200_n5_north_east_east_middle_h0_staggered_t12,5aa40fde883068d2757c5978c1b6c941998ec512ddd5621dabac6cba80f40a17,3357ed97801ea306d80f679315875c78a514265f55bcc0b81b72ae13053d29f3,3357ed97801ea306d80f679315875c78a514265f55bcc0b81b72ae13053d29f3,3357ed97801ea306d80f679315875c78a514265f55bcc0b81b72ae13053d29f3,3357ed97801ea306d80f679315875c78a514265f55bcc0b81b72ae13053d29f3,6f4e36de42e60fcd6a6e2718af818114dd68b92cdb2ac8442d936a06baf690e3,6f4e36de42e60fcd6a6e2718af818114dd68b92cdb2ac8442d936a06baf690e3
201,grid_0201_n5_north_east_east_middle_h0_staggered_t14,ef04fb27ac9d5e9aead2378b1a5f38a40292a5b34d0c4bc256ddbff9943e8b6c,427a7537c0cec54b26c00d36c5bd1fefff7c84c0a6bedd7d58defd28c650c4f3,427a7537c0cec54b26c00d36c5bd1fefff7c84c0a6bedd7d58defd28c650c4f3,427a7537c0cec54b26c00d36c5bd1fefff7c84c0a6bedd7d58defd28c650c4f3,427a7537c0cec54b26c00d36c5bd1fefff7c84c0a6bedd7d58defd28c650c4f3,6f4e36de42e60fcd6a6e2718af818114dd68b92cdb2ac8442d936a06baf690e3,6f4e36de42e60fcd6a6e2718af818114dd68b92cdb2ac8442d936a06baf690e3
202,grid_0202_n5_north_east_east_middle_h0_staggered_t16,99e65921afdde647db868419f0a4e23b7d5a7a82a5d2c3d5813f84e57e160fdb,047a77065fb51b81d29eb692681fe8828c62be73f0f511a3582208e42f0c5a41,047a77065fb51b81d29eb692681fe8828c62be73f0f511a3582208e42f0c5a41,047a77065fb51b81d29eb692681fe8828c62be73f0f511a3582208e42f0c5a41,047a77065fb51b81d29eb692681fe8828c62be73f0f511a3582208e42f0c5a41,6f4e36de42e60fcd6a6e2718af818114dd68b92cdb2ac8442d936a06baf690e3,6f4e36de42e60fcd6a6e2718af818114dd68b92cdb2ac8442d936a06baf690e3
203,grid_0203_n5_north_east_east_middle_h0_staggered_t18,460ae78f69196d15e8fe37946de75249b7d0d94549da47f59c03ec5cd152fc8d,66d4bc3da290920a98fce12aa085226b2de3fb38f5d0cfe86fda0300b978db52,66d4bc3da290920a98fce12aa085226b2de3fb38f5d0cfe86fda0300b978db52,66d4bc3da290920a98fce12aa085226b2de3fb38f5d0cfe86fda0300b978db52,66d4bc3da290920a98fce12aa085226b2de3fb38f5d0cfe86fda0300b978db52,6f4e36de42e60fcd6a6e2718af818114dd68b92cdb2ac8442d936a06baf690e3,6f4e36de42e60fcd6a6e2718af818114dd68b92cdb2ac8442d936a06baf690e3
204,grid_0204_n5_north_east_east_middle_h1_open_t12,f6715ca2abd1f2d080ef15f1fcaa6a8260ddb80bc0eafe6ccc3b89717f1ff03b,edecd2dc865a0dba81f46d7f5453880893b02baf640bf1f3910278eef17df376,edecd2dc865a0dba81f46d7f5453880893b02baf640bf1f3910278eef17df376,edecd2dc865a0dba81f46d7f5453880893b02baf640bf1f3910278eef17df376,edecd2dc865a0dba81f46d7f5453880893b02baf640bf1f3910278eef17df376,f442a455f1cce56bb2134e4ed968b6ab90799b34ef54f6edb932e6b97d1bfa01,f442a455f1cce56bb2134e4ed968b6ab90799b34ef54f6edb932e6b97d1bfa01
205,grid_0205_n5_north_east_east_middle_h1_open_t14,2cfdfc7cefa1bf17bf4ef858aed94b3b3d8e66736377db6546d7706f756f513e,dad7416a99ce6cef5d232db89240f3541b5324e51e9d2c38d8e3d704eec6d6cc,dad7416a99ce6cef5d232db89240f3541b5324e51e9d2c38d8e3d704eec6d6cc,dad7416a99ce6cef5d232db89240f3541b5324e51e9d2c38d8e3d704eec6d6cc,dad7416a99ce6cef5d232db89240f3541b5324e51e9d2c38d8e3d704eec6d6cc,f442a455f1cce56bb2134e4ed968b6ab90799b34ef54f6edb932e6b97d1bfa01,f442a455f1cce56bb2134e4ed968b6ab90799b34ef54f6edb932e6b97d1bfa01
206,grid_0206_n5_north_east_east_middle_h1_open_t16,c36755d77ab79a2bb79c2e11bccce2c1b2b7ae86a0dba689f309009cc5a349d1,125d27d80cbd2247968fc609cccf30e2bd2ccbc6989c82034bbb7bb671986f22,125d27d80cbd2247968fc609cccf30e2bd2ccbc6989c82034bbb7bb671986f22,125d27d80cbd2247968fc609cccf30e2bd2ccbc6989c82034bbb7bb671986f22,125d27d80cbd2247968fc609cccf30e2bd2ccbc6989c82034bbb7bb671986f22,f442a455f1cce56bb2134e4ed968b6ab90799b34ef54f6edb932e6b97d1bfa01,f442a455f1cce56bb2134e4ed968b6ab90799b34ef54f6edb932e6b97d1bfa01
207,grid_0207_n5_north_east_east_middle_h1_open_t18,69a916ec81f474c8a8045f5147f9fb0adde4efbb35cfd2df201033399346b628,556207d09e9752bc81b6007955a04ae3b3a0abb632407af49a790cd399991251,556207d09e9752bc81b6007955a04ae3b3a0abb632407af49a790cd399991251,556207d09e9752bc81b6007955a04ae3b3a0abb632407af49a790cd399991251,556207d09e9752bc81b6007955a04ae3b3a0abb632407af49a790cd399991251,f442a455f1cce56bb2134e4ed968b6ab90799b34ef54f6edb932e6b97d1bfa01,f442a455f1cce56bb2134e4ed968b6ab90799b34ef54f6edb932e6b97d1bfa01
208,grid_0208_n5_north_east_east_middle_h1_gate_t12,9120a685ce6e1a198612b862462877b7aeffff58e1c406d0090fca03775c6124,41ae42de7bf81ae34996b83bcfda90b69e87b4a3396aa03ce1d9b1dcfbed1677,41ae42de7bf81ae34996b83bcfda90b69e87b4a3396aa03ce1d9b1dcfbed1677,41ae42de7bf81ae34996b83bcfda90b69e87b4a3396aa03ce1d9b1dcfbed1677,41ae42de7bf81ae34996b83bcfda90b69e87b4a3396aa03ce1d9b1dcfbed1677,f442a455f1cce56bb2134e4ed968b6ab90799b34ef54f6edb932e6b97d1bfa01,f442a455f1cce56bb2134e4ed968b6ab90799b34ef54f6edb932e6b97d1bfa01
209,grid_0209_n5_north_east_east_middle_h1_gate_t14,90971697169e14b27b0d648eb8b48b03b58a49111271da1ee44b0cc74ecf41fb,89b8004dcce026ade4327248b6a68c3de98b7e824912aa522e8fa72f3f42dcb0,89b8004dcce026ade4327248b6a68c3de98b7e824912aa522e8fa72f3f42dcb0,89b8004dcce026ade4327248b6a68c3de98b7e824912aa522e8fa72f3f42dcb0,89b8004dcce026ade4327248b6a68c3de98b7e824912aa522e8fa72f3f42dcb0,f442a455f1cce56bb2134e4ed968b6ab90799b34ef54f6edb932e6b97d1bfa01,f442a455f1cce56bb2134e4ed968b6ab90799b34ef54f6edb932e6b97d1bfa01
210,grid_0210_n5_north_east_east_middle_h1_gate_t16,a27b72ebce8d6af99d84abe0afb55b99d4a3cf6c3983fb73719146e478c44f47,60705b0bd6074d8a570e671099f817ce91592712f61f23fb672be018be12bf07,60705b0bd6074d8a570e671099f817ce91592712f61f23fb672be018be12bf07,60705b0bd6074d8a570e671099f817ce91592712f61f23fb672be018be12bf07,60705b0bd6074d8a570e671099f817ce91592712f61f23fb672be018be12bf07,f442a455f1cce56bb2134e4ed968b6ab90799b34ef54f6edb932e6b97d1bfa01,f442a455f1cce56bb2134e4ed968b6ab90799b34ef54f6edb932e6b97d1bfa01
211,grid_0211_n5_north_east_east_middle_h1_gate_t18,02c73edc69d9facfd15664e754a3c8de3459ac86fef8b21dca4eebe0124f11a8,168047c6fe3909623831cf76ce23cf1e28116bdef1f6ead175ab1d9627dd9d98,168047c6fe3909623831cf76ce23cf1e28116bdef1f6ead175ab1d9627dd9d98,168047c6fe3909623831cf76ce23cf1e28116bdef1f6ead175ab1d9627dd9d98,168047c6fe3909623831cf76ce23cf1e28116bdef1f6ead175ab1d9627dd9d98,f442a455f1cce56bb2134e4ed968b6ab90799b34ef54f6edb932e6b97d1bfa01,f442a455f1cce56bb2134e4ed968b6ab90799b34ef54f6edb932e6b97d1bfa01
212,grid_0212_n5_north_east_east_middle_h1_staggered_t12,c1d6cabe3dd7f689fa8ccb440b1ca42bea1bb4edb8d7ed36ba2c48e9c18ab06c,6c2faefe785c59626ed57adf477ba59cb7a5d7c0d62361d8f57bcd667b3908e5,6c2faefe785c59626ed57adf477ba59cb7a5d7c0d62361d8f57bcd667b3908e5,6c2faefe785c59626ed57adf477ba59cb7a5d7c0d62361d8f57bcd667b3908e5,6c2faefe785c59626ed57adf477ba59cb7a5d7c0d62361d8f57bcd667b3908e5,f442a455f1cce56bb2134e4ed968b6ab90799b34ef54f6edb932e6b97d1bfa01,f442a455f1cce56bb2134e4ed968b6ab90799b34ef54f6edb932e6b97d1bfa01
213,grid_0213_n5_north_east_east_middle_h1_staggered_t14,fe1166a6fcff6bf6e0827bd28cf61030fb1b76a0757d5cc74addd610c6e74fb0,afdd6e17665d86b3443c1840caf6f6b75ad10518bea3b2005a72eb41f1c7cf6b,afdd6e17665d86b3443c1840caf6f6b75ad10518bea3b2005a72eb41f1c7cf6b,afdd6e17665d86b3443c1840caf6f6b75ad10518bea3b2005a72eb41f1c7cf6b,afdd6e17665d86b3443c1840caf6f6b75ad10518bea3b2005a72eb41f1c7cf6b,f442a455f1cce56bb2134e4ed968b6ab90799b34ef54f6edb932e6b97d1bfa01,f442a455f1cce56bb2134e4ed968b6ab90799b34ef54f6edb932e6b97d1bfa01
214,grid_0214_n5_north_east_east_middle_h1_staggered_t16,0e59464d6f2d8381dfb505ab4955cfcac05a1e4ee861362bbcc080f3d2ff25a9,51a08400c3d6d6815b496c6a930b3acf045da1b67475408b0673135e84323671,51a08400c3d6d6815b496c6a930b3acf045da1b67475408b0673135e84323671,51a08400c3d6d6815b496c6a930b3acf045da1b67475408b0673135e84323671,51a08400c3d6d6815b496c6a930b3acf045da1b67475408b0673135e84323671,f442a455f1cce56bb2134e4ed968b6ab90799b34ef54f6edb932e6b97d1bfa01,f442a455f1cce56bb2134e4ed968b6ab90799b34ef54f6edb932e6b97d1bfa01
215,grid_0215_n5_north_east_east_middle_h1_staggered_t18,429e5d0004d1bfe9e1843c2c5609c7f835fd359501bd38a38d2db1ebf0b5d8fc,9f6319e25527bcb35c9bb7689fcb39b8a0676f33195db2510aaf858eeb20be16,9f6319e25527bcb35c9bb7689fcb39b8a0676f33195db2510aaf858eeb20be16,9f6319e25527bcb35c9bb7689fcb39b8a0676f33195db2510aaf858eeb20be16,9f6319e25527bcb35c9bb7689fcb39b8a0676f33195db2510aaf858eeb20be16,f442a455f1cce56bb2134e4ed968b6ab90799b34ef54f6edb932e6b97d1bfa01,f442a455f1cce56bb2134e4ed968b6ab90799b34ef54f6edb932e6b97d1bfa01
216,grid_0216_n5_north_east_east_middle_h2_open_t12,ac5bb1d03ad002563c18e94ebc29ed4bbf9bfc19e0e50ec46d18918e64e8c025,6d620eb41b4bec10771dae8aaafd21118b983695156c35d2081ba11899a71056,6d620eb41b4bec10771dae8aaafd21118b983695156c35d2081ba11899a71056,6d620eb41b4bec10771dae8aaafd21118b983695156c35d2081ba11899a71056,6d620eb41b4bec10771dae8aaafd21118b983695156c35d2081ba11899a71056,536ed15a4991a72b6bf900653fb1ed46cf8d6e3946c3d3dd3793c19eef8dd38d,536ed15a4991a72b6bf900653fb1ed46cf8d6e3946c3d3dd3793c19eef8dd38d
217,grid_0217_n5_north_east_east_middle_h2_open_t14,fe89f96527a53a79fa2035fdb567aa46c607514c2a6161830d6d31d2546eb68c,6d620eb41b4bec10771dae8aaafd21118b983695156c35d2081ba11899a71056,6d620eb41b4bec10771dae8aaafd21118b983695156c35d2081ba11899a71056,6d620eb41b4bec10771dae8aaafd21118b983695156c35d2081ba11899a71056,6d620eb41b4bec10771dae8aaafd21118b983695156c35d2081ba11899a71056,536ed15a4991a72b6bf900653fb1ed46cf8d6e3946c3d3dd3793c19eef8dd38d,536ed15a4991a72b6bf900653fb1ed46cf8d6e3946c3d3dd3793c19eef8dd38d
218,grid_0218_n5_north_east_east_middle_h2_open_t16,8cae5039bab121d5b36982340943d07a3f08fbb7e6698c1b6f56467bb7744fca,6d620eb41b4bec10771dae8aaafd21118b983695156c35d2081ba11899a71056,6d620eb41b4bec10771dae8aaafd21118b983695156c35d2081ba11899a71056,6d620eb41b4bec10771dae8aaafd21118b983695156c35d2081ba11899a71056,6d620eb41b4bec10771dae8aaafd21118b983695156c35d2081ba11899a71056,536ed15a4991a72b6bf900653fb1ed46cf8d6e3946c3d3dd3793c19eef8dd38d,536ed15a4991a72b6bf900653fb1ed46cf8d6e3946c3d3dd3793c19eef8dd38d
219,grid_0219_n5_north_east_east_middle_h2_open_t18,22c3caa17199ad4439e3afa8bc8312938140bd823612d86c74360d02fc3b9eda,6d620eb41b4bec10771dae8aaafd21118b983695156c35d2081ba11899a71056,6d620eb41b4bec10771dae8aaafd21118b983695156c35d2081ba11899a71056,6d620eb41b4bec10771dae8aaafd21118b983695156c35d2081ba11899a71056,6d620eb41b4bec10771dae8aaafd21118b983695156c35d2081ba11899a71056,536ed15a4991a72b6bf900653fb1ed46cf8d6e3946c3d3dd3793c19eef8dd38d,536ed15a4991a72b6bf900653fb1ed46cf8d6e3946c3d3dd3793c19eef8dd38d
220,grid_0220_n5_north_east_east_middle_h2_gate_t12,b643aa165dd65a471ac546d7cbfdf7bb47ab4ea3015685ac82d39261f272b754,6d620eb41b4bec10771dae8aaafd21118b983695156c35d2081ba11899a71056,6d620eb41b4bec10771dae8aaafd21118b983695156c35d2081ba11899a71056,6d620eb41b4bec10771dae8aaafd21118b983695156c35d2081ba11899a71056,6d620eb41b4bec10771dae8aaafd21118b983695156c35d2081ba11899a71056,536ed15a4991a72b6bf900653fb1ed46cf8d6e3946c3d3dd3793c19eef8dd38d,536ed15a4991a72b6bf900653fb1ed46cf8d6e3946c3d3dd3793c19eef8dd38d
221,grid_0221_n5_north_east_east_middle_h2_gate_t14,d3403b4288d58a4dc661aa53f05cb9ae3bf62a1c57f6818456e0fc847dce302e,6d620eb41b4bec10771dae8aaafd21118b983695156c35d2081ba11899a71056,6d620eb41b4bec10771dae8aaafd21118b983695156c35d2081ba11899a71056,6d620eb41b4bec10771dae8aaafd21118b983695156c35d2081ba11899a71056,6d620eb41b4bec10771dae8aaafd21118b983695156c35d2081ba11899a71056,536ed15a4991a72b6bf900653fb1ed46cf8d6e3946c3d3dd3793c19eef8dd38d,536ed15a4991a72b6bf900653fb1ed46cf8d6e3946c3d3dd3793c19eef8dd38d
222,grid_0222_n5_north_east_east_middle_h2_gate_t16,7e1e48570c92c86960f506c61ec37daa3a74213a3ec8318c279e608d7f8472e7,6d620eb41b4bec10771dae8aaafd21118b983695156c35d2081ba11899a71056,6d620eb41b4bec10771dae8aaafd21118b983695156c35d2081ba11899a71056,6d620eb41b4bec10771dae8aaafd21118b983695156c35d2081ba11899a71056,6d620eb41b4bec10771dae8aaafd21118b983695156c35d2081ba11899a71056,536ed15a4991a72b6bf900653fb1ed46cf8d6e3946c3d3dd3793c19eef8dd38d,536ed15a4991a72b6bf900653fb1ed46cf8d6e3946c3d3dd3793c19eef8dd38d
223,grid_0223_n5_north_east_east_middle_h2_gate_t18,cb53cd875b3bb6149bd9d6ecfaf75e863761f0c0401845bed0d643801b60246f,6d620eb41b4bec10771dae8aaafd21118b983695156c35d2081ba11899a71056,6d620eb41b4bec10771dae8aaafd21118b983695156c35d2081ba11899a71056,6d620eb41b4bec10771dae8aaafd21118b983695156c35d2081ba11899a71056,6d620eb41b4bec10771dae8aaafd21118b983695156c35d2081ba11899a71056,536ed15a4991a72b6bf900653fb1ed46cf8d6e3946c3d3dd3793c19eef8dd38d,536ed15a4991a72b6bf900653fb1ed46cf8d6e3946c3d3dd3793c19eef8dd38d
224,grid_0224_n5_north_east_east_middle_h2_staggered_t12,773c8118e4f775bac1dea8ed40ecf16db7f2e101585358534d45156376a250b7,6d620eb41b4bec10771dae8aaafd21118b983695156c35d2081ba11899a71056,6d620eb41b4bec10771dae8aaafd21118b983695156c35d2081ba11899a71056,6d620eb41b4bec10771dae8aaafd21118b983695156c35d2081ba11899a71056,6d620eb41b4bec10771dae8aaafd21118b983695156c35d2081ba11899a71056,536ed15a4991a72b6bf900653fb1ed46cf8d6e3946c3d3dd3793c19eef8dd38d,536ed15a4991a72b6bf900653fb1ed46cf8d6e3946c3d3dd3793c19eef8dd38d
225,grid_0225_n5_north_east_east_middle_h2_staggered_t14,d7104d679ab4b0881caf121a16c2084be98612009eeca6f61458adac8e02f349,6d620eb41b4bec10771dae8aaafd21118b983695156c35d2081ba11899a71056,6d620eb41b4bec10771dae8aaafd21118b983695156c35d2081ba11899a71056,6d620eb41b4bec10771dae8aaafd21118b983695156c35d2081ba11899a71056,6d620eb41b4bec10771dae8aaafd21118b983695156c35d2081ba11899a71056,536ed15a4991a72b6bf900653fb1ed46cf8d6e3946c3d3dd3793c19eef8dd38d,536ed15a4991a72b6bf900653fb1ed46cf8d6e3946c3d3dd3793c19eef8dd38d
226,grid_0226_n5_north_east_east_middle_h2_staggered_t16,55bdf72c1dd59eebc779f7f73ff5ed8fec6eafbe49431096ec90a9c8c9b218b0,6d620eb41b4bec10771dae8aaafd21118b983695156c35d2081ba11899a71056,6d620eb41b4bec10771dae8aaafd21118b983695156c35d2081ba11899a71056,6d620eb41b4bec10771dae8aaafd21118b983695156c35d2081ba11899a71056,6d620eb41b4bec10771dae8aaafd21118b983695156c35d2081ba11899a71056,536ed15a4991a72b6bf900653fb1ed46cf8d6e3946c3d3dd3793c19eef8dd38d,536ed15a4991a72b6bf900653fb1ed46cf8d6e3946c3d3dd3793c19eef8dd38d
227,grid_0227_n5_north_east_east_middle_h2_staggered_t18,4e6b30a8ccd232dd2ab8577972b03ad07132e9a85d840a25709a8c80fc6f3cb0,6d620eb41b4bec10771dae8aaafd21118b983695156c35d2081ba11899a71056,6d620eb41b4bec10771dae8aaafd21118b983695156c35d2081ba11899a71056,6d620eb41b4bec10771dae8aaafd21118b983695156c35d2081ba11899a71056,6d620eb41b4bec10771dae8aaafd21118b983695156c35d2081ba11899a71056,536ed15a4991a72b6bf900653fb1ed46cf8d6e3946c3d3dd3793c19eef8dd38d,536ed15a4991a72b6bf900653fb1ed46cf8d6e3946c3d3dd3793c19eef8dd38d
228,grid_0228_n5_north_east_east_middle_h3_open_t12,7d34126df3f41800561f592a0942720c098496a36a0eedb03394e5725412e645,10b689222b3b3b932d73505af1ab03ae0b61e7149c59f6c32d344bf8207f1255,10b689222b3b3b932d73505af1ab03ae0b61e7149c59f6c32d344bf8207f1255,10b689222b3b3b932d73505af1ab03ae0b61e7149c59f6c32d344bf8207f1255,10b689222b3b3b932d73505af1ab03ae0b61e7149c59f6c32d344bf8207f1255,68a262b4e0c505047cf55a8147d3a62fc2dc6850ca78d95b07b9ced0b8a1fab4,68a262b4e0c505047cf55a8147d3a62fc2dc6850ca78d95b07b9ced0b8a1fab4
229,grid_0229_n5_north_east_east_middle_h3_open_t14,9a4d8081c4fbfcb5ac0343f600ee0e5842f7354d590575405ef2e9455e78a1dc,467bf807e2b169b73201e3dc8c9a2cd171fce670003f724aa3937bb716e7eed6,467bf807e2b169b73201e3dc8c9a2cd171fce670003f724aa3937bb716e7eed6,467bf807e2b169b73201e3dc8c9a2cd171fce670003f724aa3937bb716e7eed6,467bf807e2b169b73201e3dc8c9a2cd171fce670003f724aa3937bb716e7eed6,68a262b4e0c505047cf55a8147d3a62fc2dc6850ca78d95b07b9ced0b8a1fab4,68a262b4e0c505047cf55a8147d3a62fc2dc6850ca78d95b07b9ced0b8a1fab4
230,grid_0230_n5_north_east_east_middle_h3_open_t16,370173ce3b2c47190beaf8f05f792d374359d8a0818c9fb16ed3e57555518f82,2fdb1de16a9ff77bb31a7635e6b5c52f625905fd18c85e222b25e042945b9c5a,2fdb1de16a9ff77bb31a7635e6b5c52f625905fd18c85e222b25e042945b9c5a,2fdb1de16a9ff77bb31a7635e6b5c52f625905fd18c85e222b25e042945b9c5a,2fdb1de16a9ff77bb31a7635e6b5c52f625905fd18c85e222b25e042945b9c5a,89892e5038c7d029baddff312af337062c3291c5e244263aa86f9e2dbfbe97ea,89892e5038c7d029baddff312af337062c3291c5e244263aa86f9e2dbfbe97ea
231,grid_0231_n5_north_east_east_middle_h3_open_t18,bdeda6ead58576b693d23a43f3cea03a9b4eccd4cf7666818afbed8594c28a51,bd3fa0aa1195e5cee986882f571ba7a5badbc2b68fe084310e7c6bf1d8102b71,bd3fa0aa1195e5cee986882f571ba7a5badbc2b68fe084310e7c6bf1d8102b71,bd3fa0aa1195e5cee986882f571ba7a5badbc2b68fe084310e7c6bf1d8102b71,bd3fa0aa1195e5cee986882f571ba7a5badbc2b68fe084310e7c6bf1d8102b71,89892e5038c7d029baddff312af337062c3291c5e244263aa86f9e2dbfbe97ea,89892e5038c7d029baddff312af337062c3291c5e244263aa86f9e2dbfbe97ea
232,grid_0232_n5_north_east_east_middle_h3_gate_t12,eb625395a73458371a788a087ecfc78048e2585954c0733837ba2989d825df40,9a4ae02c062ccee599efe2155c28cf287e9df2e61ae7127e4214f4ccfe158e88,9a4ae02c062ccee599efe2155c28cf287e9df2e61ae7127e4214f4ccfe158e88,9a4ae02c062ccee599efe2155c28cf287e9df2e61ae7127e4214f4ccfe158e88,9a4ae02c062ccee599efe2155c28cf287e9df2e61ae7127e4214f4ccfe158e88,68a262b4e0c505047cf55a8147d3a62fc2dc6850ca78d95b07b9ced0b8a1fab4,68a262b4e0c505047cf55a8147d3a62fc2dc6850ca78d95b07b9ced0b8a1fab4
233,grid_0233_n5_north_east_east_middle_h3_gate_t14,fad6657bba12ae3cfba3c5f1eb4d9ccd6134c0ad605078d80893252969f38f50,dc830b62c26096460be09ebf409646fd4e4a38018024e80d003027266bf2e1e5,dc830b62c26096460be09ebf409646fd4e4a38018024e80d003027266bf2e1e5,dc830b62c26096460be09ebf409646fd4e4a38018024e80d003027266bf2e1e5,dc830b62c26096460be09ebf409646fd4e4a38018024e80d003027266bf2e1e5,68a262b4e0c505047cf55a8147d3a62fc2dc6850ca78d95b07b9ced0b8a1fab4,68a262b4e0c505047cf55a8147d3a62fc2dc6850ca78d95b07b9ced0b8a1fab4
234,grid_0234_n5_north_east_east_middle_h3_gate_t16,c9c6c1edfe43c97e2436cc7ce76496c9b1e352dd712e4acf2afb7ea8ce465fc4,ee1083d5c0d497b443da2fc4fa3e42fc2c2328cf9879bae32a8768b1576320e0,ee1083d5c0d497b443da2fc4fa3e42fc2c2328cf9879bae32a8768b1576320e0,ee1083d5c0d497b443da2fc4fa3e42fc2c2328cf9879bae32a8768b1576320e0,ee1083d5c0d497b443da2fc4fa3e42fc2c2328cf9879bae32a8768b1576320e0,89892e5038c7d029baddff312af337062c3291c5e244263aa86f9e2dbfbe97ea,89892e5038c7d029baddff312af337062c3291c5e244263aa86f9e2dbfbe97ea
235,grid_0235_n5_north_east_east_middle_h3_gate_t18,86b32e344108cdb4d79fa59017e301a51b2e4d328b1bc96e72a5fe8fe9732ff7,c87e723a298d8101406ca543391c48d41389660c4098ba1b4a6ea763db9195bf,c87e723a298d8101406ca543391c48d41389660c4098ba1b4a6ea763db9195bf,c87e723a298d8101406ca543391c48d41389660c4098ba1b4a6ea763db9195bf,c87e723a298d8101406ca543391c48d41389660c4098ba1b4a6ea763db9195bf,89892e5038c7d029baddff312af337062c3291c5e244263aa86f9e2dbfbe97ea,89892e5038c7d029baddff312af337062c3291c5e244263aa86f9e2dbfbe97ea
236,grid_0236_n5_north_east_east_middle_h3_staggered_t12,dbcfa316830fedf3dd17625cdbdadee1d85362d6080b8c84ef8c95cbbe80b094,7b31ca24065b3456e44f0464b467da9b72c03df3ec217fd8de6f385ddc718374,7b31ca24065b3456e44f0464b467da9b72c03df3ec217fd8de6f385ddc718374,7b31ca24065b3456e44f0464b467da9b72c03df3ec217fd8de6f385ddc718374,7b31ca24065b3456e44f0464b467da9b72c03df3ec217fd8de6f385ddc718374,68a262b4e0c505047cf55a8147d3a62fc2dc6850ca78d95b07b9ced0b8a1fab4,68a262b4e0c505047cf55a8147d3a62fc2dc6850ca78d95b07b9ced0b8a1fab4
237,grid_0237_n5_north_east_east_middle_h3_staggered_t14,83a1d95d285dd5518478ca0a5da9d0514325cd4fed2bbbfaf5e37df5e835a618,b596ad5382ba976892517d7c6aca47b5bda47ae83d0b14724ec278a8840ee995,b596ad5382ba976892517d7c6aca47b5bda47ae83d0b14724ec278a8840ee995,b596ad5382ba976892517d7c6aca47b5bda47ae83d0b14724ec278a8840ee995,b596ad5382ba976892517d7c6aca47b5bda47ae83d0b14724ec278a8840ee995,68a262b4e0c505047cf55a8147d3a62fc2dc6850ca78d95b07b9ced0b8a1fab4,68a262b4e0c505047cf55a8147d3a62fc2dc6850ca78d95b07b9ced0b8a1fab4
238,grid_0238_n5_north_east_east_middle_h3_staggered_t16,03f3a8426abbf8cffa058afc30d0e0da9fa417a9d2462128203a5893b22b82d5,a9ea1370993819bb4ce22332a1b06dffc6979eec6c8cd59a1088e8101e84eb35,a9ea1370993819bb4ce22332a1b06dffc6979eec6c8cd59a1088e8101e84eb35,a9ea1370993819bb4ce22332a1b06dffc6979eec6c8cd59a1088e8101e84eb35,a9ea1370993819bb4ce22332a1b06dffc6979eec6c8cd59a1088e8101e84eb35,89892e5038c7d029baddff312af337062c3291c5e244263aa86f9e2dbfbe97ea,89892e5038c7d029baddff312af337062c3291c5e244263aa86f9e2dbfbe97ea
239,grid_0239_n5_north_east_east_middle_h3_staggered_t18,2bb6fd2177d80c4d3f6fd9d09493cc2f47954d05e3b2c4c1b10d1bd0a1339e52,c618ea3041c5f8f90033c5c3a7bd3443960c9939cf4a0f1c75a829b6ed788247,c618ea3041c5f8f90033c5c3a7bd3443960c9939cf4a0f1c75a829b6ed788247,c618ea3041c5f8f90033c5c3a7bd3443960c9939cf4a0f1c75a829b6ed788247,c618ea3041c5f8f90033c5c3a7bd3443960c9939cf4a0f1c75a829b6ed788247,89892e5038c7d029baddff312af337062c3291c5e244263aa86f9e2dbfbe97ea,89892e5038c7d029baddff312af337062c3291c5e244263aa86f9e2dbfbe97ea
240,grid_0240_n5_north_east_south_middle_h0_open_t12,4828cad345382b065ec536a0dfaf18619dd5d3a150229e81248813f8c466ce88,887a9785bd9a0656d17483da2fa3c6fa6f09007646706b8aa16e54aabd07a0fc,887a9785bd9a0656d17483da2fa3c6fa6f09007646706b8aa16e54aabd07a0fc,887a9785bd9a0656d17483da2fa3c6fa6f09007646706b8aa16e54aabd07a0fc,887a9785bd9a0656d17483da2fa3c6fa6f09007646706b8aa16e54aabd07a0fc,4b329581bd90a739dd5d14c4daafe02b1d30c7ed924ee9d0fe55e4d1c400923a,4b329581bd90a739dd5d14c4daafe02b1d30c7ed924ee9d0fe55e4d1c400923a
241,grid_0241_n5_north_east_south_middle_h0_open_t14,7f6439772fa56d97fce0ec76b4e74b54f74acb8b54ee080e6078988bf917fcf8,9def577b0a7dd6caf526390cdf55996fca0befc19bfb217592eb081d4530eb5a,9def577b0a7dd6caf526390cdf55996fca0befc19bfb217592eb081d4530eb5a,9def577b0a7dd6caf526390cdf55996fca0befc19bfb217592eb081d4530eb5a,9def577b0a7dd6caf526390cdf55996fca0befc19bfb217592eb081d4530eb5a,4b329581bd90a739dd5d14c4daafe02b1d30c7ed924ee9d0fe55e4d1c400923a,4b329581bd90a739dd5d14c4daafe02b1d30c7ed924ee9d0fe55e4d1c400923a
242,grid_0242_n5_north_east_south_middle_h0_open_t16,4de578b99c4c4c1920289f00addb5cb21b82b9b742c560a309eef5467ad39dd0,112dec7bb85674cae03e3b7f2ce607e4adf3835c4e5f14e025da181a18b68e52,112dec7bb85674cae03e3b7f2ce607e4adf3835c4e5f14e025da181a18b68e52,112dec7bb85674cae03e3b7f2ce607e4adf3835c4e5f14e025da181a18b68e52,112dec7bb85674cae03e3b7f2ce607e4adf3835c4e5f14e025da181a18b68e52,4b329581bd90a739dd5d14c4daafe02b1d30c7ed924ee9d0fe55e4d1c400923a,4b329581bd90a739dd5d14c4daafe02b1d30c7ed924ee9d0fe55e4d1c400923a
243,grid_0243_n5_north_east_south_middle_h0_open_t18,4e4be297e1ef31bdb27bb4ae9f0b8dc5dca12edcab5bbbadcbc96953fd3459f3,be5206c4bbf9da1f12ff1e5e3002a214867fadb1c7811cf134ff1b8f72024e83,be5206c4bbf9da1f12ff1e5e3002a214867fadb1c7811cf134ff1b8f72024e83,be5206c4bbf9da1f12ff1e5e3002a214867fadb1c7811cf134ff1b8f72024e83,be5206c4bbf9da1f12ff1e5e3002a214867fadb1c7811cf134ff1b8f72024e83,4b329581bd90a739dd5d14c4daafe02b1d30c7ed924ee9d0fe55e4d1c400923a,4b329581bd90a739dd5d14c4daafe02b1d30c7ed924ee9d0fe55e4d1c400923a
244,grid_0244_n5_north_east_south_middle_h0_gate_t12,1818585c2c099aa81da037127fbf9669f605b85ee69cf74811a5e6922576ce5b,eceac766426bd685491e12f8838d7fc387b30b29791d39b9d4219272e39a135d,eceac766426bd685491e12f8838d7fc387b30b29791d39b9d4219272e39a135d,eceac766426bd685491e12f8838d7fc387b30b29791d39b9d4219272e39a135d,eceac766426bd685491e12f8838d7fc387b30b29791d39b9d4219272e39a135d,4b329581bd90a739dd5d14c4daafe02b1d30c7ed924ee9d0fe55e4d1c400923a,4b329581bd90a739dd5d14c4daafe02b1d30c7ed924ee9d0fe55e4d1c400923a
245,grid_0245_n5_north_east_south_middle_h0_gate_t14,42519a54285f1b937d9c0254656b6f68b6ac3704a17795e739c3f2482006a53d,b2b3238d0e1d11912804b55b3b7e557dc6b8c232aa281d3e61dd7e83f3f76c94,b2b3238d0e1d11912804b55b3b7e557dc6b8c232aa281d3e61dd7e83f3f76c94,b2b3238d0e1d11912804b55b3b7e557dc6b8c232aa281d3e61dd7e83f3f76c94,b2b3238d0e1d11912804b55b3b7e557dc6b8c232aa281d3e61dd7e83f3f76c94,4b329581bd90a739dd5d14c4daafe02b1d30c7ed924ee9d0fe55e4d1c400923a,4b329581bd90a739dd5d14c4daafe02b1d30c7ed924ee9d0fe55e4d1c400923a
246,grid_0246_n5_north_east_south_middle_h0_gate_t16,2c99d150fb91364fd48624d8fc7097b454c8a13b5c2afe7acaaa15682b7b8367,04855ecad2f84c48973996e5f017ec114b63f287a9a356d26118de9a0279db55,04855ecad2f84c48973996e5f017ec114b63f287a9a356d26118de9a0279db55,04855ecad2f84c48973996e5f017ec114b63f287a9a356d26118de9a0279db55,04855ecad2f84c48973996e5f017ec114b63f287a9a356d26118de9a0279db55,4b329581bd90a739dd5d14c4daafe02b1d30c7ed924ee9d0fe55e4d1c400923a,4b329581bd90a739dd5d14c4daafe02b1d30c7ed924ee9d0fe55e4d1c400923a
247,grid_0247_n5_north_east_south_middle_h0_gate_t18,45baa161829a959b2c0e0d6a519a84b3bc62ac763e5b04f9568106d50a69c84d,176934d77ab6753e4e57813367b65d50744e6ec6609bc70c58397d0298fad788,176934d77ab6753e4e57813367b65d50744e6ec6609bc70c58397d0298fad788,176934d77ab6753e4e57813367b65d50744e6ec6609bc70c58397d0298fad788,176934d77ab6753e4e57813367b65d50744e6ec6609bc70c58397d0298fad788,4b329581bd90a739dd5d14c4daafe02b1d30c7ed924ee9d0fe55e4d1c400923a,4b329581bd90a739dd5d14c4daafe02b1d30c7ed924ee9d0fe55e4d1c400923a
248,grid_0248_n5_north_east_south_middle_h0_staggered_t12,eb580de030ce352c676dfca9ceb7c5904e6e8be3606e7b416bd1fd773813fdc4,5eea7ebebfb13f6eed90209cc7d058685bb64fd1b13fa8eaf2de8035d2e4c916,5eea7ebebfb13f6eed90209cc7d058685bb64fd1b13fa8eaf2de8035d2e4c916,5eea7ebebfb13f6eed90209cc7d058685bb64fd1b13fa8eaf2de8035d2e4c916,5eea7ebebfb13f6eed90209cc7d058685bb64fd1b13fa8eaf2de8035d2e4c916,4b329581bd90a739dd5d14c4daafe02b1d30c7ed924ee9d0fe55e4d1c400923a,4b329581bd90a739dd5d14c4daafe02b1d30c7ed924ee9d0fe55e4d1c400923a
249,grid_0249_n5_north_east_south_middle_h0_staggered_t14,24fc299f655012e026b3f0cca540d2e5ba8feb56d079feafd414703d3c430426,a893db5afc54b77d78258033699e0d87aa6322d2d1d9d5afec3c9a1e2a3ef755,a893db5afc54b77d78258033699e0d87aa6322d2d1d9d5afec3c9a1e2a3ef755,a893db5afc54b77d78258033699e0d87aa6322d2d1d9d5afec3c9a1e2a3ef755,a893db5afc54b77d78258033699e0d87aa6322d2d1d9d5afec3c9a1e2a3ef755,4b329581bd90a739dd5d14c4daafe02b1d30c7ed924ee9d0fe55e4d1c400923a,4b329581bd90a739dd5d14c4daafe02b1d30c7ed924ee9d0fe55e4d1c400923a
250,grid_0250_n5_north_east_south_middle_h0_staggered_t16,38d605a26130941f8c3e3fb00a3bd9514d1713d75ee52bd9a5f9f233479f136f,0e05b91db3feb26b2303d8c496bd7e932599d943528f0ac4105c28168a87c814,0e05b91db3feb26b2303d8c496bd7e932599d943528f0ac4105c28168a87c814,0e05b91db3feb26b2303d8c496bd7e932599d943528f0ac4105c28168a87c814,0e05b91db3feb26b2303d8c496bd7e932599d943528f0ac4105c28168a87c814,4b329581bd90a739dd5d14c4daafe02b1d30c7ed924ee9d0fe55e4d1c400923a,4b329581bd90a739dd5d14c4daafe02b1d30c7ed924ee9d0fe55e4d1c400923a
251,grid_0251_n5_north_east_south_middle_h0_staggered_t18,3b2f4649713fd2583cf0794aa1313aa962f502632a2e4d2cbad65c409f096559,e61ab998516ccd53ce6d6f7d008e0d0ca6b59783810f5fb0cc26621011c2a55b,e61ab998516ccd53ce6d6f7d008e0d0ca6b59783810f5fb0cc26621011c2a55b,e61ab998516ccd53ce6d6f7d008e0d0ca6b59783810f5fb0cc26621011c2a55b,e61ab998516ccd53ce6d6f7d008e0d0ca6b59783810f5fb0cc26621011c2a55b,4b329581bd90a739dd5d14c4daafe02b1d30c7ed924ee9d0fe55e4d1c400923a,4b329581bd90a739dd5d14c4daafe02b1d30c7ed924ee9d0fe55e4d1c400923a
252,grid_0252_n5_north_east_south_middle_h1_open_t12,fa33fd182d96c0c70e7f803ebb9adce22da565593a2438d90cc2d16955388061,5116dee7fb33b6cce415f0f0c4a02c30c460e5ddf6d46200e5dad033647423f4,5116dee7fb33b6cce415f0f0c4a02c30c460e5ddf6d46200e5dad033647423f4,5116dee7fb33b6cce415f0f0c4a02c30c460e5ddf6d46200e5dad033647423f4,5116dee7fb33b6cce415f0f0c4a02c30c460e5ddf6d46200e5dad033647423f4,eb0d2c17b30d5ff7e889528b886fc8067fcdcac9986ba0f1619a33dedca53e5c,eb0d2c17b30d5ff7e889528b886fc8067fcdcac9986ba0f1619a33dedca53e5c
253,grid_0253_n5_north_east_south_middle_h1_open_t14,1dacf631e6529b0eae2a059f712ece4e47042ba7a7fdc8700f0f2059e9e7028b,b21294fa33e64db765289655edbd50f6f67d6f59756f4a41690d3520db4270aa,b21294fa33e64db765289655edbd50f6f67d6f59756f4a41690d3520db4270aa,b21294fa33e64db765289655edbd50f6f67d6f59756f4a41690d3520db4270aa,b21294fa33e64db765289655edbd50f6f67d6f59756f4a41690d3520db4270aa,eb0d2c17b30d5ff7e889528b886fc8067fcdcac9986ba0f1619a33dedca53e5c,eb0d2c17b30d5ff7e889528b886fc8067fcdcac9986ba0f1619a33dedca53e5c
254,grid_0254_n5_north_east_south_middle_h1_open_t16,fef7b442d0d5306ccbf1c56b88cebdeec56a9d00209583775f86a19498691056,92f85b658e95281bc56d83db5be0cba65439ae4cefb844a1bf968cc250c5887b,92f85b658e95281bc56d83db5be0cba65439ae4cefb844a1bf968cc250c5887b,92f85b658e95281bc56d83db5be0cba65439ae4cefb844a1bf968cc250c5887b,92f85b658e95281bc56d83db5be0cba65439ae4cefb844a1bf968cc250c5887b,eb0d2c17b30d5ff7e889528b886fc8067fcdcac9986ba0f1619a33dedca53e5c,eb0d2c17b30d5ff7e889528b886fc8067fcdcac9986ba0f1619a33dedca53e5c
255,grid_0255_n5_north_east_south_middle_h1_open_t18,78d843b57153e914082be04de3adba2fbcdb2a3d596abedfa5d1131201949694,0c9644b722bb36b1813966c7723f0d23411cb5fe9f5c3139a968cc8419d4fbc5,0c9644b722bb36b1813966c7723f0d23411cb5fe9f5c3139a968cc8419d4fbc5,0c9644b722bb36b1813966c7723f0d23411cb5fe9f5c3139a968cc8419d4fbc5,0c9644b722bb36b1813966c7723f0d23411cb5fe9f5c3139a968cc8419d4fbc5,eb0d2c17b30d5ff7e889528b886fc8067fcdcac9986ba0f1619a33dedca53e5c,eb0d2c17b30d5ff7e889528b886fc8067fcdcac9986ba0f1619a33dedca53e5c
256,grid_0256_n5_north_east_south_middle_h1_gate_t12,3323b77ec1f74e852137eb971a08b46cd19667916657e719e81b55396352f6e0,42407b47293cb18b0cddca326d36832c95a0032eb26ef2b940e86ddeb0ff3e9d,42407b47293cb18b0cddca326d36832c95a0032eb26ef2b940e86ddeb0ff3e9d,42407b47293cb18b0cddca326d36832c95a0032eb26ef2b940e86ddeb0ff3e9d,42407b47293cb18b0cddca326d36832c95a0032eb26ef2b940e86ddeb0ff3e9d,4b329581bd90a739dd5d14c4daafe02b1d30c7ed924ee9d0fe55e4d1c400923a,4b329581bd90a739dd5d14c4daafe02b1d30c7ed924ee9d0fe55e4d1c400923a
257,grid_0257_n5_north_east_south_middle_h1_gate_t14,8f56e1a7e5bd4b7f7865a2998f06992f9e968f73079967e6fe84b5962a35af04,3f6540edbf5b30742259bfbdca6aa1db4a3716c6ebc3d83f9f164bbddc1ac3ea,3f6540edbf5b30742259bfbdca6aa1db4a3716c6ebc3d83f9f164bbddc1ac3ea,3f6540edbf5b30742259bfbdca6aa1db4a3716c6ebc3d83f9f164bbddc1ac3ea,3f6540edbf5b30742259bfbdca6aa1db4a3716c6ebc3d83f9f164bbddc1ac3ea,4b329581bd90a739dd5d14c4daafe02b1d30c7ed924ee9d0fe55e4d1c400923a,4b329581bd90a739dd5d14c4daafe02b1d30c7ed924ee9d0fe55e4d1c400923a
258,grid_0258_n5_north_east_south_middle_h1_gate_t16,b72aee697392aa428c88f03f36b6106148ce2548be3aa67388290db189721202,ede8c55a15ec595c00e6d5b1ac179dabafb4d3f60c324ef96827e9f74eccfe12,ede8c55a15ec595c00e6d5b1ac179dabafb4d3f60c324ef96827e9f74eccfe12,ede8c55a15ec595c00e6d5b1ac179dabafb4d3f60c324ef96827e9f74eccfe12,ede8c55a15ec595c00e6d5b1ac179dabafb4d3f60c324ef96827e9f74eccfe12,4b329581bd90a739dd5d14c4daafe02b1d30c7ed924ee9d0fe55e4d1c400923a,4b329581bd90a739dd5d14c4daafe02b1d30c7ed924ee9d0fe55e4d1c400923a
259,grid_0259_n5_north_east_south_middle_h1_gate_t18,fe152a813b80d92eb2113d445748b8b84c760aabb4003ee701f4ab1fdca43401,398fe07808079f1f95e9860371b4394ae3a6d11e4cf5d9468b1e41b60f39fb11,398fe07808079f1f95e9860371b4394ae3a6d11e4cf5d9468b1e41b60f39fb11,398fe07808079f1f95e9860371b4394ae3a6d11e4cf5d9468b1e41b60f39fb11,398fe07808079f1f95e9860371b4394ae3a6d11e4cf5d9468b1e41b60f39fb11,4b329581bd90a739dd5d14c4daafe02b1d30c7ed924ee9d0fe55e4d1c400923a,4b329581bd90a739dd5d14c4daafe02b1d30c7ed924ee9d0fe55e4d1c400923a
260,grid_0260_n5_north_east_south_middle_h1_staggered_t12,13ba3710c36cbc5d58150a397bc69416506d963c60344e4a885b3f00b89791b0,6242a46a178d0efda9b1292cd1feeb90c81d036baee0831b0d507da1a6c507da,6242a46a178d0efda9b1292cd1feeb90c81d036baee0831b0d507da1a6c507da,6242a46a178d0efda9b1292cd1feeb90c81d036baee0831b0d507da1a6c507da,6242a46a178d0efda9b1292cd1feeb90c81d036baee0831b0d507da1a6c507da,4b329581bd90a739dd5d14c4daafe02b1d30c7ed924ee9d0fe55e4d1c400923a,4b329581bd90a739dd5d14c4daafe02b1d30c7ed924ee9d0fe55e4d1c400923a
261,grid_0261_n5_north_east_south_middle_h1_staggered_t14,8a950f951ab3f87eed34604d2fa6fc60c7112900a8e63a4ebe498f899be84085,c94695aec08fee914fbd8c988d5737b9f1cb9465df268da7b49fd946dac91e5f,c94695aec08fee914fbd8c988d5737b9f1cb9465df268da7b49fd946dac91e5f,c94695aec08fee914fbd8c988d5737b9f1cb9465df268da7b49fd946dac91e5f,c94695aec08fee914fbd8c988d5737b9f1cb9465df268da7b49fd946dac91e5f,4b329581bd90a739dd5d14c4daafe02b1d30c7ed924ee9d0fe55e4d1c400923a,4b329581bd90a739dd5d14c4daafe02b1d30c7ed924ee9d0fe55e4d1c400923a
262,grid_0262_n5_north_east_south_middle_h1_staggered_t16,2fc74fd32534cb1bc1445e00047c815e7145d707bb5de92dc986f8aa727fbd98,efaa81ea1d99062df7b19e153b23b88ddadff03af005f6658491e2974857caea,efaa81ea1d99062df7b19e153b23b88ddadff03af005f6658491e2974857caea,efaa81ea1d99062df7b19e153b23b88ddadff03af005f6658491e2974857caea,efaa81ea1d99062df7b19e153b23b88ddadff03af005f6658491e2974857caea,4b329581bd90a739dd5d14c4daafe02b1d30c7ed924ee9d0fe55e4d1c400923a,4b329581bd90a739dd5d14c4daafe02b1d30c7ed924ee9d0fe55e4d1c400923a
263,grid_0263_n5_north_east_south_middle_h1_staggered_t18,df89e61cefedf8f80f04ecf3bfb2382b2c5466a0614fa5ef307bf6fa9aeb2d1f,91f5bfd5158ef85c70ac94ab16880eee874d60bcc0a3ebdcb8fc74c9fafbd74a,91f5bfd5158ef85c70ac94ab16880eee874d60bcc0a3ebdcb8fc74c9fafbd74a,91f5bfd5158ef85c70ac94ab16880eee874d60bcc0a3ebdcb8fc74c9fafbd74a,91f5bfd5158ef85c70ac94ab16880eee874d60bcc0a3ebdcb8fc74c9fafbd74a,4b329581bd90a739dd5d14c4daafe02b1d30c7ed924ee9d0fe55e4d1c400923a,4b329581bd90a739dd5d14c4daafe02b1d30c7ed924ee9d0fe55e4d1c400923a
264,grid_0264_n5_north_east_south_middle_h2_open_t12,91f9f58f321978f10130182cb11974cd830be2d2c471850d3e5e9d9fd261ef18,a630e9155ebe36dc586f53aa42e90e1756a4c1fdc473c86b7e0110c6bc4d5b26,a630e9155ebe36dc586f53aa42e90e1756a4c1fdc473c86b7e0110c6bc4d5b26,a630e9155ebe36dc586f53aa42e90e1756a4c1fdc473c86b7e0110c6bc4d5b26,a630e9155ebe36dc586f53aa42e90e1756a4c1fdc473c86b7e0110c6bc4d5b26,4b329581bd90a739dd5d14c4daafe02b1d30c7ed924ee9d0fe55e4d1c400923a,4b329581bd90a739dd5d14c4daafe02b1d30c7ed924ee9d0fe55e4d1c400923a
265,grid_0265_n5_north_east_south_middle_h2_open_t14,1a617aa829e417c1cac2eea762ac118602f1d970fd191ab013c723a9a4d1d282,01b45fe537781c383a3ccb85886d4899e3bb28cf36a2c1667e23be9bf56613a4,01b45fe537781c383a3ccb85886d4899e3bb28cf36a2c1667e23be9bf56613a4,01b45fe537781c383a3ccb85886d4899e3bb28cf36a2c1667e23be9bf56613a4,01b45fe537781c383a3ccb85886d4899e3bb28cf36a2c1667e23be9bf56613a4,4b329581bd90a739dd5d14c4daafe02b1d30c7ed924ee9d0fe55e4d1c400923a,4b329581bd90a739dd5d14c4daafe02b1d30c7ed924ee9d0fe55e4d1c400923a
266,grid_0266_n5_north_east_south_middle_h2_open_t16,5364d2daba4d997dd6a54eb4e441f89bc17f3708e48e5105fbfbeb840f23f304,46d295164b366513e946e2a794a9c8d7d5a167725e331b062d5a807f7d965f2a,46d295164b366513e946e2a794a9c8d7d5a167725e331b062d5a807f7d965f2a,46d295164b366513e946e2a794a9c8d7d5a167725e331b062d5a807f7d965f2a,46d295164b366513e946e2a794a9c8d7d5a167725e331b062d5a807f7d965f2a,4b329581bd90a739dd5d14c4daafe02b1d30c7ed924ee9d0fe55e4d1c400923a,4b329581bd90a739dd5d14c4daafe02b1d30c7ed924ee9d0fe55e4d1c400923a
267,grid_0267_n5_north_east_south_middle_h2_open_t18,561ce0f7524f79e527571f8cc86f25263b3b8a5151d5ae3af8d6c7b4d1263b3d,2596fe38fcb98998e9a70dddc4d22661feb8495c63e36dfe1f6d86ea1fc9cac9,2596fe38fcb98998e9a70dddc4d22661feb8495c63e36dfe1f6d86ea1fc9cac9,2596fe38fcb98998e9a70dddc4d22661feb8495c63e36dfe1f6d86ea1fc9cac9,2596fe38fcb98998e9a70dddc4d22661feb8495c63e36dfe1f6d86ea1fc9cac9,4b329581bd90a739dd5d14c4daafe02b1d30c7ed924ee9d0fe55e4d1c400923a,4b329581bd90a739dd5d14c4daafe02b1d30c7ed924ee9d0fe55e4d1c400923a
268,grid_0268_n5_north_east_south_middle_h2_gate_t12,0c71bbded5c008f9e5aca88a8efa212c171b564aa328f2f77c29c1b1bb82b376,98d90aa89426f419ecce65d80a73a27313557ac0ea3458f6dadcfdad34003af5,98d90aa89426f419ecce65d80a73a27313557ac0ea3458f6dadcfdad34003af5,98d90aa89426f419ecce65d80a73a27313557ac0ea3458f6dadcfdad34003af5,98d90aa89426f419ecce65d80a73a27313557ac0ea3458f6dadcfdad34003af5,4b329581bd90a739dd5d14c4daafe02b1d30c7ed924ee9d0fe55e4d1c400923a,4b329581bd90a739dd5d14c4daafe02b1d30c7ed924ee9d0fe55e4d1c400923a
269,grid_0269_n5_north_east_south_middle_h2_gate_t14,f34201c0d889fde2dc015c7223a82f60432b05c2fce7de0da9f641feb260021f,b3e7950cc01d42293e6caa6732cbae2cd55d4dcdb3cb66141b6cc2ec1a5ac6cf,b3e7950cc01d42293e6caa6732cbae2cd55d4dcdb3cb66141b6cc2ec1a5ac6cf,b3e7950cc01d42293e6caa6732cbae2cd55d4dcdb3cb66141b6cc2ec1a5ac6cf,b3e7950cc01d42293e6caa6732cbae2cd55d4dcdb3cb66141b6cc2ec1a5ac6cf,4b329581bd90a739dd5d14c4daafe02b1d30c7ed924ee9d0fe55e4d1c400923a,4b329581bd90a739dd5d14c4daafe02b1d30c7ed924ee9d0fe55e4d1c400923a
270,grid_0270_n5_north_east_south_middle_h2_gate_t16,327a7fead105bb255fb214d6727b65717a55885b27d81a424da0c7052f2a43f7,e027dc97f38ad1812a29cf14681c6ef02d6cf751701db778e5a6432564b2d4d2,e027dc97f38ad1812a29cf14681c6ef02d6cf751701db778e5a6432564b2d4d2,e027dc97f38ad1812a29cf14681c6ef02d6cf751701db778e5a6432564b2d4d2,e027dc97f38ad1812a29cf14681c6ef02d6cf751701db778e5a6432564b2d4d2,4b329581bd90a739dd5d14c4daafe02b1d30c7ed924ee9d0fe55e4d1c400923a,4b329581bd90a739dd5d14c4daafe02b1d30c7ed924ee9d0fe55e4d1c400923a
271,grid_0271_n5_north_east_south_middle_h2_gate_t18,6005dede26841e66bc19f5978e424bd6a010ec17be689a6f6a5dc87a4db7ec92,9a4356cf8ccc5dc25a7e9782995e0c3c26e821512c209d39cd1dadff739cd24e,9a4356cf8ccc5dc25a7e9782995e0c3c26e821512c209d39cd1dadff739cd24e,9a4356cf8ccc5dc25a7e9782995e0c3c26e821512c209d39cd1dadff739cd24e,9a4356cf8ccc5dc25a7e9782995e0c3c26e821512c209d39cd1dadff739cd24e,4b329581bd90a739dd5d14c4daafe02b1d30c7ed924ee9d0fe55e4d1c400923a,4b329581bd90a739dd5d14c4daafe02b1d30c7ed924ee9d0fe55e4d1c400923a
272,grid_0272_n5_north_east_south_middle_h2_staggered_t12,9965aa1732849f3a24f553e1f99f6103e536edfe18fd3a03c464dacf4655eba8,8cff37464a61d0864a5f9dba62aa98bdd97fc5919710d5fc786209b662b020a6,8cff37464a61d0864a5f9dba62aa98bdd97fc5919710d5fc786209b662b020a6,8cff37464a61d0864a5f9dba62aa98bdd97fc5919710d5fc786209b662b020a6,8cff37464a61d0864a5f9dba62aa98bdd97fc5919710d5fc786209b662b020a6,4b329581bd90a739dd5d14c4daafe02b1d30c7ed924ee9d0fe55e4d1c400923a,4b329581bd90a739dd5d14c4daafe02b1d30c7ed924ee9d0fe55e4d1c400923a
273,grid_0273_n5_north_east_south_middle_h2_staggered_t14,94b73b78b229478ab36f7cc8216178467929265131eed97debf1d174dbf373d1,cd7a5f4bc15dab18d14661744d6978c552845a11c471f15bfafa0b4711e8e134,cd7a5f4bc15dab18d14661744d6978c552845a11c471f15bfafa0b4711e8e134,cd7a5f4bc15dab18d14661744d6978c552845a11c471f15bfafa0b4711e8e134,cd7a5f4bc15dab18d14661744d6978c552845a11c471f15bfafa0b4711e8e134,4b329581bd90a739dd5d14c4daafe02b1d30c7ed924ee9d0fe55e4d1c400923a,4b329581bd90a739dd5d14c4daafe02b1d30c7ed924ee9d0fe55e4d1c400923a
274,grid_0274_n5_north_east_south_middle_h2_staggered_t16,f8d886f1afc439515ed948eca404edb0ea92e82b49914f5c02d7e6648f0ae992,13e3f76810ef76d858fff5c8c87b44a4b1eda131aa06b48c01b5aa40a065fcbc,13e3f76810ef76d858fff5c8c87b44a4b1eda131aa06b48c01b5aa40a065fcbc,13e3f76810ef76d858fff5c8c87b44a4b1eda131aa06b48c01b5aa40a065fcbc,13e3f76810ef76d858fff5c8c87b44a4b1eda131aa06b48c01b5aa40a065fcbc,4b329581bd90a739dd5d14c4daafe02b1d30c7ed924ee9d0fe55e4d1c400923a,4b329581bd90a739dd5d14c4daafe02b1d30c7ed924ee9d0fe55e4d1c400923a
275,grid_0275_n5_north_east_south_middle_h2_staggered_t18,0474e8b439f6cc36a69a669c2fe7ce0794abdfd9c6042bdae9c2f3d9d109616b,b196102889e6fd18ea773be3420be1ef207aa13d2073e78fd33d69fadfcfb454,b196102889e6fd18ea773be3420be1ef207aa13d2073e78fd33d69fadfcfb454,b196102889e6fd18ea773be3420be1ef207aa13d2073e78fd33d69fadfcfb454,b196102889e6fd18ea773be3420be1ef207aa13d2073e78fd33d69fadfcfb454,4b329581bd90a739dd5d14c4daafe02b1d30c7ed924ee9d0fe55e4d1c400923a,4b329581bd90a739dd5d14c4daafe02b1d30c7ed924ee9d0fe55e4d1c400923a
276,grid_0276_n5_north_east_south_middle_h3_open_t12,4fe155ed17e36bfd26f891c82d75e1de7863a86b778ee9897fb397564280af64,7df1c54d857864942be2eb987df378ccc8bcd818993189ca2e092dc806d849a1,7df1c54d857864942be2eb987df378ccc8bcd818993189ca2e092dc806d849a1,7df1c54d857864942be2eb987df378ccc8bcd818993189ca2e092dc806d849a1,7df1c54d857864942be2eb987df378ccc8bcd818993189ca2e092dc806d849a1,c96ef0251e69a917f632ff6701c5345745a72ecdf2b00f495e6baf3f807e9310,c96ef0251e69a917f632ff6701c5345745a72ecdf2b00f495e6baf3f807e9310
277,grid_0277_n5_north_east_south_middle_h3_open_t14,bb97d0164fce5a178d74bf18793e1e31d9311fb219037e1a418dd674d3119166,a845c16038a6618b11ba136ef813a24adc57c2c94b00dc5bb6e30513296a6690,a845c16038a6618b11ba136ef813a24adc57c2c94b00dc5bb6e30513296a6690,a845c16038a6618b11ba136ef813a24adc57c2c94b00dc5bb6e30513296a6690,a845c16038a6618b11ba136ef813a24adc57c2c94b00dc5bb6e30513296a6690,c96ef0251e69a917f632ff6701c5345745a72ecdf2b00f495e6baf3f807e9310,c96ef0251e69a917f632ff6701c5345745a72ecdf2b00f495e6baf3f807e9310
278,grid_0278_n5_north_east_south_middle_h3_open_t16,e7cce6e00ab2e13556f3e793bf8866e2a6b4769f9fd3f6cd8dce8b1756481b1c,ef98f660926c22ad9c9eb53983d59ea75821a2cb584f6aed1173a5291c9c595b,ef98f660926c22ad9c9eb53983d59ea75821a2cb584f6aed1173a5291c9c595b,ef98f660926c22ad9c9eb53983d59ea75821a2cb584f6aed1173a5291c9c595b,ef98f660926c22ad9c9eb53983d59ea75821a2cb584f6aed1173a5291c9c595b,c96ef0251e69a917f632ff6701c5345745a72ecdf2b00f495e6baf3f807e9310,c96ef0251e69a917f632ff6701c5345745a72ecdf2b00f495e6baf3f807e9310
279,grid_0279_n5_north_east_south_middle_h3_open_t18,3e540225d97aa6d169fa9cc4759ffdce519d8644c4b29fffa570919917d30ad1,6165b1e432ba64dc2d3df97fa9b085921ac31d21dfab26895a72a2b0ae34fad9,6165b1e432ba64dc2d3df97fa9b085921ac31d21dfab26895a72a2b0ae34fad9,6165b1e432ba64dc2d3df97fa9b085921ac31d21dfab26895a72a2b0ae34fad9,6165b1e432ba64dc2d3df97fa9b085921ac31d21dfab26895a72a2b0ae34fad9,4b329581bd90a739dd5d14c4daafe02b1d30c7ed924ee9d0fe55e4d1c400923a,4b329581bd90a739dd5d14c4daafe02b1d30c7ed924ee9d0fe55e4d1c400923a
280,grid_0280_n5_north_east_south_middle_h3_gate_t12,22fdba002b9c7598f5c97edcd8c11d9bee0091e9ecfa8c01699ba8983f57a931,6ba52860db318f9dca8ed65848f7e7159bae6bc849e6678895da65d1708a7d99,6ba52860db318f9dca8ed65848f7e7159bae6bc849e6678895da65d1708a7d99,6ba52860db318f9dca8ed65848f7e7159bae6bc849e6678895da65d1708a7d99,6ba52860db318f9dca8ed65848f7e7159bae6bc849e6678895da65d1708a7d99,78ec2694a0d50bf71c58f8b9abdd03ca175f44e3cca53a24ef81848b3114b335,78ec2694a0d50bf71c58f8b9abdd03ca175f44e3cca53a24ef81848b3114b335
281,grid_0281_n5_north_east_south_middle_h3_gate_t14,d1798eb3e2dae57a92bc222a36e7d26c76e44667dd2f8f2661b4f81772b8ba84,58b4c77934cd7cd02d7cafaa219251b5829d8b0cae3e3dc7e3d21c729f8cfafb,58b4c77934cd7cd02d7cafaa219251b5829d8b0cae3e3dc7e3d21c729f8cfafb,58b4c77934cd7cd02d7cafaa219251b5829d8b0cae3e3dc7e3d21c729f8cfafb,58b4c77934cd7cd02d7cafaa219251b5829d8b0cae3e3dc7e3d21c729f8cfafb,78ec2694a0d50bf71c58f8b9abdd03ca175f44e3cca53a24ef81848b3114b335,78ec2694a0d50bf71c58f8b9abdd03ca175f44e3cca53a24ef81848b3114b335
282,grid_0282_n5_north_east_south_middle_h3_gate_t16,413adfc9f5af9efaffba4fc293f4675f92e6431f9a5d1bca860b79b95c87ccef,5b2e457f73719bbcfab45d1b6f0c6200d874a56912855f9b4a21b3f23002db0f,5b2e457f73719bbcfab45d1b6f0c6200d874a56912855f9b4a21b3f23002db0f,5b2e457f73719bbcfab45d1b6f0c6200d874a56912855f9b4a21b3f23002db0f,5b2e457f73719bbcfab45d1b6f0c6200d874a56912855f9b4a21b3f23002db0f,78ec2694a0d50bf71c58f8b9abdd03ca175f44e3cca53a24ef81848b3114b335,78ec2694a0d50bf71c58f8b9abdd03ca175f44e3cca53a24ef81848b3114b335
283,grid_0283_n5_north_east_south_middle_h3_gate_t18,7e84aad885f633a59e585d8717823bb3c6335e2643e5c4ed1562c9df5347d0dd,46de46d5da51ba2658b288394f27d01c696a71aba4693e655ad715b8fd05a5d7,46de46d5da51ba2658b288394f27d01c696a71aba4693e655ad715b8fd05a5d7,46de46d5da51ba2658b288394f27d01c696a71aba4693e655ad715b8fd05a5d7,46de46d5da51ba2658b288394f27d01c696a71aba4693e655ad715b8fd05a5d7,596d0ed1c9ec2683f623df0679b98a317a0e8a176df9246b32672017b96911b0,596d0ed1c9ec2683f623df0679b98a317a0e8a176df9246b32672017b96911b0
284,grid_0284_n5_north_east_south_middle_h3_staggered_t12,ea9769f4e8d1097fcf800646ace0c89950e2d136bf6cd2dfaa879ed136f41689,aa6af4608be7afa25150042a45d11d93cfa29f537e1815a2e83882fb9c7ad77a,aa6af4608be7afa25150042a45d11d93cfa29f537e1815a2e83882fb9c7ad77a,aa6af4608be7afa25150042a45d11d93cfa29f537e1815a2e83882fb9c7ad77a,aa6af4608be7afa25150042a45d11d93cfa29f537e1815a2e83882fb9c7ad77a,c96ef0251e69a917f632ff6701c5345745a72ecdf2b00f495e6baf3f807e9310,c96ef0251e69a917f632ff6701c5345745a72ecdf2b00f495e6baf3f807e9310
285,grid_0285_n5_north_east_south_middle_h3_staggered_t14,c8f2658b273c40e5e85c4b5ecfe3093f529907ca1703d0ef1e5f07cde16348e5,e9d6804b2553146128340e36fcda44288944342e92551de03a79606bf0f89a9e,e9d6804b2553146128340e36fcda44288944342e92551de03a79606bf0f89a9e,e9d6804b2553146128340e36fcda44288944342e92551de03a79606bf0f89a9e,e9d6804b2553146128340e36fcda44288944342e92551de03a79606bf0f89a9e,c96ef0251e69a917f632ff6701c5345745a72ecdf2b00f495e6baf3f807e9310,c96ef0251e69a917f632ff6701c5345745a72ecdf2b00f495e6baf3f807e9310
286,grid_0286_n5_north_east_south_middle_h3_staggered_t16,0741c3977094a23f05d2f3c23d6e91e88ee80ee3e7869830feb67c2f33c9ccb0,588ca7dc3842d40f494976eb6f090161f35eaf93ef85823157b9231a78654cc6,588ca7dc3842d40f494976eb6f090161f35eaf93ef85823157b9231a78654cc6,588ca7dc3842d40f494976eb6f090161f35eaf93ef85823157b9231a78654cc6,588ca7dc3842d40f494976eb6f090161f35eaf93ef85823157b9231a78654cc6,c96ef0251e69a917f632ff6701c5345745a72ecdf2b00f495e6baf3f807e9310,c96ef0251e69a917f632ff6701c5345745a72ecdf2b00f495e6baf3f807e9310
287,grid_0287_n5_north_east_south_middle_h3_staggered_t18,58583c621813807101ebd69c658391d40fe2da3e114615198862be041e816472,7e3546a25df054763394698a5a6b6560c07a706789b5b3c05b2fe73a5202c2df,7e3546a25df054763394698a5a6b6560c07a706789b5b3c05b2fe73a5202c2df,7e3546a25df054763394698a5a6b6560c07a706789b5b3c05b2fe73a5202c2df,7e3546a25df054763394698a5a6b6560c07a706789b5b3c05b2fe73a5202c2df,4b329581bd90a739dd5d14c4daafe02b1d30c7ed924ee9d0fe55e4d1c400923a,4b329581bd90a739dd5d14c4daafe02b1d30c7ed924ee9d0fe55e4d1c400923a
288,grid_0288_n5_south_west_south_east_h0_open_t12,f6396c292c14d984a15fcbef037ebe1cd7070b5435b61d661dec7676813e2fca,86b493363c62c3ba99c45483540d3ecf3c040c60370e6cd6a597bf2091eff3d6,86b493363c62c3ba99c45483540d3ecf3c040c60370e6cd6a597bf2091eff3d6,86b493363c62c3ba99c45483540d3ecf3c040c60370e6cd6a597bf2091eff3d6,86b493363c62c3ba99c45483540d3ecf3c040c60370e6cd6a597bf2091eff3d6,3e31cce9201ac3edb15216031eebace3e318b4fc82bd5e3e511c88788b7cc941,3e31cce9201ac3edb15216031eebace3e318b4fc82bd5e3e511c88788b7cc941
289,grid_0289_n5_south_west_south_east_h0_open_t14,4b2a8b09e236529a2729172af3f1a5326881025a70a7cab6f433720f07a50acd,69e326f1dbf67bae5161bb8250160579cb4f0f548af5a4d8a0a75fee5bd9c794,69e326f1dbf67bae5161bb8250160579cb4f0f548af5a4d8a0a75fee5bd9c794,69e326f1dbf67bae5161bb8250160579cb4f0f548af5a4d8a0a75fee5bd9c794,69e326f1dbf67bae5161bb8250160579cb4f0f548af5a4d8a0a75fee5bd9c794,3e31cce9201ac3edb15216031eebace3e318b4fc82bd5e3e511c88788b7cc941,3e31cce9201ac3edb15216031eebace3e318b4fc82bd5e3e511c88788b7cc941
290,grid_0290_n5_south_west_south_east_h0_open_t16,e78a3acb3af6190625950fd703f5f08236cead7c807b020993ca55bae339d995,55e1a276b5cc05e791a84c0976c579987d468a6cad3d592b98b4575e70c658c5,55e1a276b5cc05e791a84c0976c579987d468a6cad3d592b98b4575e70c658c5,55e1a276b5cc05e791a84c0976c579987d468a6cad3d592b98b4575e70c658c5,55e1a276b5cc05e791a84c0976c579987d468a6cad3d592b98b4575e70c658c5,3e31cce9201ac3edb15216031eebace3e318b4fc82bd5e3e511c88788b7cc941,3e31cce9201ac3edb15216031eebace3e318b4fc82bd5e3e511c88788b7cc941
291,grid_0291_n5_south_west_south_east_h0_open_t18,c649aede84d0a5bcbd4a9d80cdde7a95b0d04d87fff8ae653313286fa60c753b,956196b98083e15d3d6c8fcdd2cb50cbb22b0cef303ec768284a6b48dd60568b,956196b98083e15d3d6c8fcdd2cb50cbb22b0cef303ec768284a6b48dd60568b,956196b98083e15d3d6c8fcdd2cb50cbb22b0cef303ec768284a6b48dd60568b,956196b98083e15d3d6c8fcdd2cb50cbb22b0cef303ec768284a6b48dd60568b,3e31cce9201ac3edb15216031eebace3e318b4fc82bd5e3e511c88788b7cc941,3e31cce9201ac3edb15216031eebace3e318b4fc82bd5e3e511c88788b7cc941
292,grid_0292_n5_south_west_south_east_h0_gate_t12,b1b4b5931d8c4e380acbd58d76ee0593d6b6088b59842a0a7490c1b8b9dfa593,21cc63a46b1131016e0d7ed1e5867b254c7ce2625a40b857196ac72f8bef0c02,21cc63a46b1131016e0d7ed1e5867b254c7ce2625a40b857196ac72f8bef0c02,21cc63a46b1131016e0d7ed1e5867b254c7ce2625a40b857196ac72f8bef0c02,21cc63a46b1131016e0d7ed1e5867b254c7ce2625a40b857196ac72f8bef0c02,50d664647a94204a3892b45e6e03fc145a76d886c2b1d3ca80b664a83ca818e0,50d664647a94204a3892b45e6e03fc145a76d886c2b1d3ca80b664a83ca818e0
293,grid_0293_n5_south_west_south_east_h0_gate_t14,6afa52708ddbbd962ea37b598dcbf99693bb2571afa0cc1b0cdc794b4de27e79,9fd91269bde93c11cf97de74938639caea4bf3eb4a038d7adf2b22c60e047564,9fd91269bde93c11cf97de74938639caea4bf3eb4a038d7adf2b22c60e047564,9fd91269bde93c11cf97de74938639caea4bf3eb4a038d7adf2b22c60e047564,9fd91269bde93c11cf97de74938639caea4bf3eb4a038d7adf2b22c60e047564,31ba22b688bd0c1461e3e05f177bd97c27a87d8b2bc30077acc92d4db02cd25f,31ba22b688bd0c1461e3e05f177bd97c27a87d8b2bc30077acc92d4db02cd25f
294,grid_0294_n5_south_west_south_east_h0_gate_t16,6c75133191a070314a66fd74d400562f7066832c53498bc0fc10d13a10d38103,abdd00c0e55894b7c6be947791003344ad0268e38c3752025cc296671bb13651,abdd00c0e55894b7c6be947791003344ad0268e38c3752025cc296671bb13651,abdd00c0e55894b7c6be947791003344ad0268e38c3752025cc296671bb13651,abdd00c0e55894b7c6be947791003344ad0268e38c3752025cc296671bb13651,31ba22b688bd0c1461e3e05f177bd97c27a87d8b2bc30077acc92d4db02cd25f,31ba22b688bd0c1461e3e05f177bd97c27a87d8b2bc30077acc92d4db02cd25f
295,grid_0295_n5_south_west_south_east_h0_gate_t18,21c2d8fa9b175176b987b591ed02346fa8f984bcaa59b81f1aa7357181a161bc,8ebbc0181a8b21e7a1286c3348030b1b1261f6ea82e09a15473c903ae9b7d402,8ebbc0181a8b21e7a1286c3348030b1b1261f6ea82e09a15473c903ae9b7d402,8ebbc0181a8b21e7a1286c3348030b1b1261f6ea82e09a15473c903ae9b7d402,8ebbc0181a8b21e7a1286c3348030b1b1261f6ea82e09a15473c903ae9b7d402,31ba22b688bd0c1461e3e05f177bd97c27a87d8b2bc30077acc92d4db02cd25f,31ba22b688bd0c1461e3e05f177bd97c27a87d8b2bc30077acc92d4db02cd25f
296,grid_0296_n5_south_west_south_east_h0_staggered_t12,e043dcae1069e68f9183efaabf2d260e73e7f2241487e0e47745aa45fc394551,82e625fb3753b7ebc97288b45c8b40cc33cb5e3298086614d079c67973fe13c6,82e625fb3753b7ebc97288b45c8b40cc33cb5e3298086614d079c67973fe13c6,82e625fb3753b7ebc97288b45c8b40cc33cb5e3298086614d079c67973fe13c6,82e625fb3753b7ebc97288b45c8b40cc33cb5e3298086614d079c67973fe13c6,3e31cce9201ac3edb15216031eebace3e318b4fc82bd5e3e511c88788b7cc941,3e31cce9201ac3edb15216031eebace3e318b4fc82bd5e3e511c88788b7cc941
297,grid_0297_n5_south_west_south_east_h0_staggered_t14,488691dcbbc02e1e41acc21eeae2b9aad9da4af028876d9ba6123179430fa6c1,1d04de20799fd8a03b324355d87c3cc47f9c1f8c677ac1f91706b275fb53463d,1d04de20799fd8a03b324355d87c3cc47f9c1f8c677ac1f91706b275fb53463d,1d04de20799fd8a03b324355d87c3cc47f9c1f8c677ac1f91706b275fb53463d,1d04de20799fd8a03b324355d87c3cc47f9c1f8c677ac1f91706b275fb53463d,3e31cce9201ac3edb15216031eebace3e318b4fc82bd5e3e511c88788b7cc941,3e31cce9201ac3edb15216031eebace3e318b4fc82bd5e3e511c88788b7cc941
298,grid_0298_n5_south_west_south_east_h0_staggered_t16,437be7cae9e44d0319e4b224b6cbf6875b1c04aa1eba7f979b041285364e616c,7950a1d819cfa411bc2036e711f40f1c1d4207ef35b5f9861235e3e1bd3bc649,7950a1d819cfa411bc2036e711f40f1c1d4207ef35b5f9861235e3e1bd3bc649,7950a1d819cfa411bc2036e711f40f1c1d4207ef35b5f9861235e3e1bd3bc649,7950a1d819cfa411bc2036e711f40f1c1d4207ef35b5f9861235e3e1bd3bc649,3e31cce9201ac3edb15216031eebace3e318b4fc82bd5e3e511c88788b7cc941,3e31cce9201ac3edb15216031eebace3e318b4fc82bd5e3e511c88788b7cc941
299,grid_0299_n5_south_west_south_east_h0_staggered_t18,729cc2b3e8f12ffc9dfb36541682b3e1abb97265ab37c41b79216e0e3eda18d7,2149cfae8c3b9770dad07602023bb7a3b4090bebe88b02a26eb731172d276c79,2149cfae8c3b9770dad07602023bb7a3b4090bebe88b02a26eb731172d276c79,2149cfae8c3b9770dad07602023bb7a3b4090bebe88b02a26eb731172d276c79,2149cfae8c3b9770dad07602023bb7a3b4090bebe88b02a26eb731172d276c79,3e31cce9201ac3edb15216031eebace3e318b4fc82bd5e3e511c88788b7cc941,3e31cce9201ac3edb15216031eebace3e318b4fc82bd5e3e511c88788b7cc941
300,grid_0300_n5_south_west_south_east_h1_open_t12,29331bb089731660caff866e9ec49ee4aff34ee0bd7a3a8663f2a60a0c109c2a,8d8c42fc5aad83c683c81f946f78edfa7c5f73c92583ba4d4853aa789536dfb7,8d8c42fc5aad83c683c81f946f78edfa7c5f73c92583ba4d4853aa789536dfb7,8d8c42fc5aad83c683c81f946f78edfa7c5f73c92583ba4d4853aa789536dfb7,8d8c42fc5aad83c683c81f946f78edfa7c5f73c92583ba4d4853aa789536dfb7,530fedff09365a54266cc45ed12606be7803603a9606ea44827b301a2e649faa,530fedff09365a54266cc45ed12606be7803603a9606ea44827b301a2e649faa
301,grid_0301_n5_south_west_south_east_h1_open_t14,30da19f06c357fa69d5146931ec89268287dc00495c628b83485e85ba6cafece,8d8c42fc5aad83c683c81f946f78edfa7c5f73c92583ba4d4853aa789536dfb7,8d8c42fc5aad83c683c81f946f78edfa7c5f73c92583ba4d4853aa789536dfb7,8d8c42fc5aad83c683c81f946f78edfa7c5f73c92583ba4d4853aa789536dfb7,8d8c42fc5aad83c683c81f946f78edfa7c5f73c92583ba4d4853aa789536dfb7,530fedff09365a54266cc45ed12606be7803603a9606ea44827b301a2e649faa,530fedff09365a54266cc45ed12606be7803603a9606ea44827b301a2e649faa
302,grid_0302_n5_south_west_south_east_h1_open_t16,6de95196e400ebb6eb4a5257401bc72d804c1e392768dc6e1ffa526922743850,8d8c42fc5aad83c683c81f946f78edfa7c5f73c92583ba4d4853aa789536dfb7,8d8c42fc5aad83c683c81f946f78edfa7c5f73c92583ba4d4853aa789536dfb7,8d8c42fc5aad83c683c81f946f78edfa7c5f73c92583ba4d4853aa789536dfb7,8d8c42fc5aad83c683c81f946f78edfa7c5f73c92583ba4d4853aa789536dfb7,530fedff09365a54266cc45ed12606be7803603a9606ea44827b301a2e649faa,530fedff09365a54266cc45ed12606be7803603a9606ea44827b301a2e649faa
303,grid_0303_n5_south_west_south_east_h1_open_t18,2083ae1ea48068086ba90720f1e5e6f2436072d3e451002bc3e27c683395439b,8d8c42fc5aad83c683c81f946f78edfa7c5f73c92583ba4d4853aa789536dfb7,8d8c42fc5aad83c683c81f946f78edfa7c5f73c92583ba4d4853aa789536dfb7,8d8c42fc5aad83c683c81f946f78edfa7c5f73c92583ba4d4853aa789536dfb7,8d8c42fc5aad83c683c81f946f78edfa7c5f73c92583ba4d4853aa789536dfb7,530fedff09365a54266cc45ed12606be7803603a9606ea44827b301a2e649faa,530fedff09365a54266cc45ed12606be7803603a9606ea44827b301a2e649faa
304,grid_0304_n5_south_west_south_east_h1_gate_t12,50f9e93c7f3e48d548e613ae6098d3a7968a8f9682f839fe3bd17f61c5e2e823,79b7761bd9d9b1955d7e7d4f85a3976073002be3bd17e5ab806d2983cfae9f90,79b7761bd9d9b1955d7e7d4f85a3976073002be3bd17e5ab806d2983cfae9f90,79b7761bd9d9b1955d7e7d4f85a3976073002be3bd17e5ab806d2983cfae9f90,79b7761bd9d9b1955d7e7d4f85a3976073002be3bd17e5ab806d2983cfae9f90,dfdba2362ff5ffba9414efd9ae86b7027066a873b4971e839a3874572b236c5a,dfdba2362ff5ffba9414efd9ae86b7027066a873b4971e839a3874572b236c5a
305,grid_0305_n5_south_west_south_east_h1_gate_t14,54060c2b8eee72d4a229729be67c0c0d6d634fd315c553f55307f73f98157084,adb0feb734eacfe7f5423a6bb8c66a7da2d140cbf37fefc05675b1a607a19eff,adb0feb734eacfe7f5423a6bb8c66a7da2d140cbf37fefc05675b1a607a19eff,adb0feb734eacfe7f5423a6bb8c66a7da2d140cbf37fefc05675b1a607a19eff,adb0feb734eacfe7f5423a6bb8c66a7da2d140cbf37fefc05675b1a607a19eff,d2371fe97c24af321c0ffc7ffe779aefc38406d0b472281ad8caf15c82f03185,d2371fe97c24af321c0ffc7ffe779aefc38406d0b472281ad8caf15c82f03185
306,grid_0306_n5_south_west_south_east_h1_gate_t16,b32daf6ead48bece174beb34d9f5fd05e83fd48610fb25be8fc4588d2c3ea5bc,6d50adcf2b9e062d25b9a718d3b62921ed09f00673e05871dfa7840e10e62b87,6d50adcf2b9e062d25b9a718d3b62921ed09f00673e05871dfa7840e10e62b87,6d50adcf2b9e062d25b9a718d3b62921ed09f00673e05871dfa7840e10e62b87,6d50adcf2b9e062d25b9a718d3b62921ed09f00673e05871dfa7840e10e62b87,d2371fe97c24af321c0ffc7ffe779aefc38406d0b472281ad8caf15c82f03185,d2371fe97c24af321c0ffc7ffe779aefc38406d0b472281ad8caf15c82f03185
307,grid_0307_n5_south_west_south_east_h1_gate_t18,2d9529065d3ef6155201f1e42f255e1938b3fe46572188ca416d504a18610750,ef76e528b8d063048b74855f7420ea090299143d89172e46636dafd369e8484c,ef76e528b8d063048b74855f7420ea090299143d89172e46636dafd369e8484c,ef76e528b8d063048b74855f7420ea090299143d89172e46636dafd369e8484c,ef76e528b8d063048b74855f7420ea090299143d89172e46636dafd369e8484c,76a7f7ce77b4df3d01dd72918283e45057b47ecce7a60d818adcc8ca5486aa4b,76a7f7ce77b4df3d01dd72918283e45057b47ecce7a60d818adcc8ca5486aa4b
308,grid_0308_n5_south_west_south_east_h1_staggered_t12,ac62a97cade485f71e3de8f10892e5d39f880b955464e4e1a04d57fede9f3f3d,8d8c42fc5aad83c683c81f946f78edfa7c5f73c92583ba4d4853aa789536dfb7,8d8c42fc5aad83c683c81f946f78edfa7c5f73c92583ba4d4853aa789536dfb7,8d8c42fc5aad83c683c81f946f78edfa7c5f73c92583ba4d4853aa789536dfb7,8d8c42fc5aad83c683c81f946f78edfa7c5f73c92583ba4d4853aa789536dfb7,530fedff09365a54266cc45ed12606be7803603a9606ea44827b301a2e649faa,530fedff09365a54266cc45ed12606be7803603a9606ea44827b301a2e649faa
309,grid_0309_n5_south_west_south_east_h1_staggered_t14,8711849592333724eb9708bbb7209e6fd6c7da7339a8d3793f6001b5232f80b4,8d8c42fc5aad83c683c81f946f78edfa7c5f73c92583ba4d4853aa789536dfb7,8d8c42fc5aad83c683c81f946f78edfa7c5f73c92583ba4d4853aa789536dfb7,8d8c42fc5aad83c683c81f946f78edfa7c5f73c92583ba4d4853aa789536dfb7,8d8c42fc5aad83c683c81f946f78edfa7c5f73c92583ba4d4853aa789536dfb7,530fedff09365a54266cc45ed12606be7803603a9606ea44827b301a2e649faa,530fedff09365a54266cc45ed12606be7803603a9606ea44827b301a2e649faa
310,grid_0310_n5_south_west_south_east_h1_staggered_t16,d6f7638f2471791b4ed76c3c47557d993b782d8661abc37f3122426d749f1220,8d8c42fc5aad83c683c81f946f78edfa7c5f73c92583ba4d4853aa789536dfb7,8d8c42fc5aad83c683c81f946f78edfa7c5f73c92583ba4d4853aa789536dfb7,8d8c42fc5aad83c683c81f946f78edfa7c5f73c92583ba4d4853aa789536dfb7,8d8c42fc5aad83c683c81f946f78edfa7c5f73c92583ba4d4853aa789536dfb7,530fedff09365a54266cc45ed12606be7803603a9606ea44827b301a2e649faa,530fedff09365a54266cc45ed12606be7803603a9606ea44827b301a2e649faa
311,grid_0311_n5_south_west_south_east_h1_staggered_t18,68bf49a92728a48e364807c4496f066350854d03439686fff7d2e74708d96f63,8d8c42fc5aad83c683c81f946f78edfa7c5f73c92583ba4d4853aa789536dfb7,8d8c42fc5aad83c683c81f946f78edfa7c5f73c92583ba4d4853aa789536dfb7,8d8c42fc5aad83c683c81f946f78edfa7c5f73c92583ba4d4853aa789536dfb7,8d8c42fc5aad83c683c81f946f78edfa7c5f73c92583ba4d4853aa789536dfb7,530fedff09365a54266cc45ed12606be7803603a9606ea44827b301a2e649faa,530fedff09365a54266cc45ed12606be7803603a9606ea44827b301a2e649faa
312,grid_0312_n5_south_west_south_east_h2_open_t12,1e3fc76a899aa62c2f6d44fa7c0d4cde121da3fa85130346f0c2b6031fca5a37,41dbff8e83fe4ec1a1c64d016e0f5147cd0f78ea6fc9ccadb29ae47ac682389b,41dbff8e83fe4ec1a1c64d016e0f5147cd0f78ea6fc9ccadb29ae47ac682389b,41dbff8e83fe4ec1a1c64d016e0f5147cd0f78ea6fc9ccadb29ae47ac682389b,41dbff8e83fe4ec1a1c64d016e0f5147cd0f78ea6fc9ccadb29ae47ac682389b,ba18c83ca221af62a2199a1eda914c4601ae6b1c57e65808786c7edb9e09c142,ba18c83ca221af62a2199a1eda914c4601ae6b1c57e65808786c7edb9e09c142
313,grid_0313_n5_south_west_south_east_h2_open_t14,5daa869b8ff86467093de0f2b3d981afaa957d79ebfe6069edbcd1a716e2e732,f6d1bd1439a7d24cb74d8906e97acb291a3f1e8e3428403427bc3e6425e049f8,f6d1bd1439a7d24cb74d8906e97acb291a3f1e8e3428403427bc3e6425e049f8,f6d1bd1439a7d24cb74d8906e97acb291a3f1e8e3428403427bc3e6425e049f8,f6d1bd1439a7d24cb74d8906e97acb291a3f1e8e3428403427bc3e6425e049f8,ba18c83ca221af62a2199a1eda914c4601ae6b1c57e65808786c7edb9e09c142,ba18c83ca221af62a2199a1eda914c4601ae6b1c57e65808786c7edb9e09c142
314,grid_0314_n5_south_west_south_east_h2_open_t16,a9d9d9ca3363113aeb259a14583fbd660f6b808067ad0e6f373152393be56c33,391cb4fa2a2d311a983077b55341c7896cecb41bca060ea8fad44cae4ea876d5,391cb4fa2a2d311a983077b55341c7896cecb41bca060ea8fad44cae4ea876d5,391cb4fa2a2d311a983077b55341c7896cecb41bca060ea8fad44cae4ea876d5,391cb4fa2a2d311a983077b55341c7896cecb41bca060ea8fad44cae4ea876d5,ba18c83ca221af62a2199a1eda914c4601ae6b1c57e65808786c7edb9e09c142,ba18c83ca221af62a2199a1eda914c4601ae6b1c57e65808786c7edb9e09c142
315,grid_0315_n5_south_west_south_east_h2_open_t18,42fbe5ddaec1bb4235e0682c419ea124b377de767a335e35a97ae4ef97572e15,a31b0b2b1fa395e2df3f0b4c97e0f4c34030fe2d59e8d45098f9eb449d1b9548,a31b0b2b1fa395e2df3f0b4c97e0f4c34030fe2d59e8d45098f9eb449d1b9548,a31b0b2b1fa395e2df3f0b4c97e0f4c34030fe2d59e8d45098f9eb449d1b9548,a31b0b2b1fa395e2df3f0b4c97e0f4c34030fe2d59e8d45098f9eb449d1b9548,ba18c83ca221af62a2199a1eda914c4601ae6b1c57e65808786c7edb9e09c142,ba18c83ca221af62a2199a1eda914c4601ae6b1c57e65808786c7edb9e09c142
316,grid_0316_n5_south_west_south_east_h2_gate_t12,e0fe3b83d6b94564211ecdb3510dae232ccf3337d92ab6965b0585a5e9b829ff,110f27dca7a22edbecaa9b6b9399fe21139f8ae2dee5ebd2b4c3587f73514aad,110f27dca7a22edbecaa9b6b9399fe21139f8ae2dee5ebd2b4c3587f73514aad,110f27dca7a22edbecaa9b6b9399fe21139f8ae2dee5ebd2b4c3587f73514aad,110f27dca7a22edbecaa9b6b9399fe21139f8ae2dee5ebd2b4c3587f73514aad,b29f5d4b49df48d163a876a6c6355be1cac475817f33195e203dcc77270e29ac,b29f5d4b49df48d163a876a6c6355be1cac475817f33195e203dcc77270e29ac
317,grid_0317_n5_south_west_south_east_h2_gate_t14,2f14d2c01eabb44264aba05e651736caf9037b58108a4ee3d7188616f9a69298,96b0eb44fed09bec8d6abaf2a81ae72c64488e05e0ff2cf7a7270299390af4da,96b0eb44fed09bec8d6abaf2a81ae72c64488e05e0ff2cf7a7270299390af4da,96b0eb44fed09bec8d6abaf2a81ae72c64488e05e0ff2cf7a7270299390af4da,96b0eb44fed09bec8d6abaf2a81ae72c64488e05e0ff2cf7a7270299390af4da,b29f5d4b49df48d163a876a6c6355be1cac475817f33195e203dcc77270e29ac,b29f5d4b49df48d163a876a6c6355be1cac475817f33195e203dcc77270e29ac
318,grid_0318_n5_south_west_south_east_h2_gate_t16,d597eb136d1f4ad92a43ddbad94839bf4cca5c8f764f86cd11694b499f479038,8ffbb8142607e389eb48e3ebf6d555951d88aaf2b17866a40a7f6273721ba7cf,8ffbb8142607e389eb48e3ebf6d555951d88aaf2b17866a40a7f6273721ba7cf,8ffbb8142607e389eb48e3ebf6d555951d88aaf2b17866a40a7f6273721ba7cf,8ffbb8142607e389eb48e3ebf6d555951d88aaf2b17866a40a7f6273721ba7cf,b29f5d4b49df48d163a876a6c6355be1cac475817f33195e203dcc77270e29ac,b29f5d4b49df48d163a876a6c6355be1cac475817f33195e203dcc77270e29ac
319,grid_0319_n5_south_west_south_east_h2_gate_t18,fff56f2d1bbc3aaba6085bd1c85d0311fd6d22dea187b8878970288abc679bc1,1f15bddee5c5a508e1b9175424c8b8ced02346ec85e7f788130ac9eabbb15c76,1f15bddee5c5a508e1b9175424c8b8ced02346ec85e7f788130ac9eabbb15c76,1f15bddee5c5a508e1b9175424c8b8ced02346ec85e7f788130ac9eabbb15c76,1f15bddee5c5a508e1b9175424c8b8ced02346ec85e7f788130ac9eabbb15c76,b29f5d4b49df48d163a876a6c6355be1cac475817f33195e203dcc77270e29ac,b29f5d4b49df48d163a876a6c6355be1cac475817f33195e203dcc77270e29ac
320,grid_0320_n5_south_west_south_east_h2_staggered_t12,001160710f31702e8379227db65cbbe83111dc2e6dd3e6319031f9736f322f0a,83e95184bab657c9146cb2d0a4079ee934fc5d740e607d47fd0c5536b2b8522d,83e95184bab657c9146cb2d0a4079ee934fc5d740e607d47fd0c5536b2b8522d,83e95184bab657c9146cb2d0a4079ee934fc5d740e607d47fd0c5536b2b8522d,83e95184bab657c9146cb2d0a4079ee934fc5d740e607d47fd0c5536b2b8522d,ba18c83ca221af62a2199a1eda914c4601ae6b1c57e65808786c7edb9e09c142,ba18c83ca221af62a2199a1eda914c4601ae6b1c57e65808786c7edb9e09c142
321,grid_0321_n5_south_west_south_east_h2_staggered_t14,d7d980e35cb281acb0f0890b442b2226781530e4cd5ba8e502fdbea9c53c9922,028733320080e839f46f19739279654248540f059d426dcc1c7a989979c1b665,028733320080e839f46f19739279654248540f059d426dcc1c7a989979c1b665,028733320080e839f46f19739279654248540f059d426dcc1c7a989979c1b665,028733320080e839f46f19739279654248540f059d426dcc1c7a989979c1b665,ba18c83ca221af62a2199a1eda914c4601ae6b1c57e65808786c7edb9e09c142,ba18c83ca221af62a2199a1eda914c4601ae6b1c57e65808786c7edb9e09c142
322,grid_0322_n5_south_west_south_east_h2_staggered_t16,1e4c6f75708d859a08c43cda2b18a360ccbaedd91b34bd39cda6513141ac1a68,624501889acfd82472d7651cf3746fac4d480ce7abc64fbade930c245ced5a48,624501889acfd82472d7651cf3746fac4d480ce7abc64fbade930c245ced5a48,624501889acfd82472d7651cf3746fac4d480ce7abc64fbade930c245ced5a48,624501889acfd82472d7651cf3746fac4d480ce7abc64fbade930c245ced5a48,ba18c83ca221af62a2199a1eda914c4601ae6b1c57e65808786c7edb9e09c142,ba18c83ca221af62a2199a1eda914c4601ae6b1c57e65808786c7edb9e09c142
323,grid_0323_n5_south_west_south_east_h2_staggered_t18,1fd63b8f3c2761e30c38cdeaf2d1fcee5ca1d32c9594dff613a9b4ffd47561c4,56bac699b4ee740ef811e6811aee97f069a2f568ac9c1799d6b87246460469b4,56bac699b4ee740ef811e6811aee97f069a2f568ac9c1799d6b87246460469b4,56bac699b4ee740ef811e6811aee97f069a2f568ac9c1799d6b87246460469b4,56bac699b4ee740ef811e6811aee97f069a2f568ac9c1799d6b87246460469b4,ba18c83ca221af62a2199a1eda914c4601ae6b1c57e65808786c7edb9e09c142,ba18c83ca221af62a2199a1eda914c4601ae6b1c57e65808786c7edb9e09c142
324,grid_0324_n5_south_west_south_east_h3_open_t12,8cbb335597fc4d733761e19352e991fd424ba27ffa05527c905ce5b296e313b6,1ac254c78f59eaca3b72669dedf28959326aa8014428073cb9b99d36b39c08cc,1ac254c78f59eaca3b72669dedf28959326aa8014428073cb9b99d36b39c08cc,1ac254c78f59eaca3b72669dedf28959326aa8014428073cb9b99d36b39c08cc,1ac254c78f59eaca3b72669dedf28959326aa8014428073cb9b99d36b39c08cc,ef4fa4eb100f13dc06fe253f5acd2518392a44f5f61646e7f36c722a1136c93c,ef4fa4eb100f13dc06fe253f5acd2518392a44f5f61646e7f36c722a1136c93c
325,grid_0325_n5_south_west_south_east_h3_open_t14,3373068796bda7d6f5517f3dcb9daeb4207459cabbf0f5100c3840889823c212,a210e9ab226513a11a908a51c69e9c849ea94ce8e3420da7929d113ab76d256e,a210e9ab226513a11a908a51c69e9c849ea94ce8e3420da7929d113ab76d256e,a210e9ab226513a11a908a51c69e9c849ea94ce8e3420da7929d113ab76d256e,a210e9ab226513a11a908a51c69e9c849ea94ce8e3420da7929d113ab76d256e,6cdb0fb5628ef161c3b4ac020c249a681badae559b827f1ce070c684f7a2b943,6cdb0fb5628ef161c3b4ac020c249a681badae559b827f1ce070c684f7a2b943
326,grid_0326_n5_south_west_south_east_h3_open_t16,01f6a86e80e751aa99a72b81273db761779990cb4f7e26bd6e0d0be109a77361,17a1b2adc5b992cba33c124f3a717fb5aa6c610e16f1ea132ded91b348ced9fb,17a1b2adc5b992cba33c124f3a717fb5aa6c610e16f1ea132ded91b348ced9fb,17a1b2adc5b992cba33c124f3a717fb5aa6c610e16f1ea132ded91b348ced9fb,17a1b2adc5b992cba33c124f3a717fb5aa6c610e16f1ea132ded91b348ced9fb,6cdb0fb5628ef161c3b4ac020c249a681badae559b827f1ce070c684f7a2b943,6cdb0fb5628ef161c3b4ac020c249a681badae559b827f1ce070c684f7a2b943
327,grid_0327_n5_south_west_south_east_h3_open_t18,3855e9a94c2440733ec40369e56d7a755d986c85039cb372a1e3c57c7e1e96a9,052d05d6f7bce638494aea39457779ad999ec7e9a7f0ccd9eefa1bee61e9b85e,052d05d6f7bce638494aea39457779ad999ec7e9a7f0ccd9eefa1bee61e9b85e,052d05d6f7bce638494aea39457779ad999ec7e9a7f0ccd9eefa1bee61e9b85e,052d05d6f7bce638494aea39457779ad999ec7e9a7f0ccd9eefa1bee61e9b85e,abe5dff8c11e96d47b9fb9f2157e5c5b35d762789cb6c6d15b11c4f0c72b1494,abe5dff8c11e96d47b9fb9f2157e5c5b35d762789cb6c6d15b11c4f0c72b1494
328,grid_0328_n5_south_west_south_east_h3_gate_t12,7cfa0ba031f6f18e0a21646d3aa22589915c8384a11a91909159f7c64666c04c,0a38a15a4614ea4ec65148166291d2614d111d3591dbbf7d139ef09856a9d905,0a38a15a4614ea4ec65148166291d2614d111d3591dbbf7d139ef09856a9d905,0a38a15a4614ea4ec65148166291d2614d111d3591dbbf7d139ef09856a9d905,0a38a15a4614ea4ec65148166291d2614d111d3591dbbf7d139ef09856a9d905,c961ecb6787b53e63c7b6f6bbb16db06dc30c1e0d5a5c71eee849f0fc8090957,c961ecb6787b53e63c7b6f6bbb16db06dc30c1e0d5a5c71eee849f0fc8090957
329,grid_0329_n5_south_west_south_east_h3_gate_t14,dc2bff8256f1d9235668b8828e569a466c058efa02137b6683caf6c36894e01d,5fb536d728fe9245aa9067d442b07420e76de271b4d26ea2d5baaf7dadb7f96d,5fb536d728fe9245aa9067d442b07420e76de271b4d26ea2d5baaf7dadb7f96d,5fb536d728fe9245aa9067d442b07420e76de271b4d26ea2d5baaf7dadb7f96d,5fb536d728fe9245aa9067d442b07420e76de271b4d26ea2d5baaf7dadb7f96d,600ccd7b3e8a7b889588c92272d9e3ef11750e1dd8f2cd772cbfb34437ca8651,600ccd7b3e8a7b889588c92272d9e3ef11750e1dd8f2cd772cbfb34437ca8651
330,grid_0330_n5_south_west_south_east_h3_gate_t16,1cb689fce3cc33f4df51c881cada09f5b61618cb39f615e04d2adfa901d38c53,8f28f05faff05107eb4d524f21d30ac85700c8b7e050db1bebd802a39bb312be,8f28f05faff05107eb4d524f21d30ac85700c8b7e050db1bebd802a39bb312be,8f28f05faff05107eb4d524f21d30ac85700c8b7e050db1bebd802a39bb312be,8f28f05faff05107eb4d524f21d30ac85700c8b7e050db1bebd802a39bb312be,600ccd7b3e8a7b889588c92272d9e3ef11750e1dd8f2cd772cbfb34437ca8651,600ccd7b3e8a7b889588c92272d9e3ef11750e1dd8f2cd772cbfb34437ca8651
331,grid_0331_n5_south_west_south_east_h3_gate_t18,d5271e8d8b163d17a46e68f56ca1e8e8db5e3590175c1f1852e1f47607b3bb04,f56b60b374029f6f5b258fd5da912f6101156c200fb2b6309c86535255638d7b,f56b60b374029f6f5b258fd5da912f6101156c200fb2b6309c86535255638d7b,f56b60b374029f6f5b258fd5da912f6101156c200fb2b6309c86535255638d7b,f56b60b374029f6f5b258fd5da912f6101156c200fb2b6309c86535255638d7b,89618b782c82cbbed138603d868ca17ce166ea0d482265d7f8a7a31ed4c2d48d,89618b782c82cbbed138603d868ca17ce166ea0d482265d7f8a7a31ed4c2d48d
332,grid_0332_n5_south_west_south_east_h3_staggered_t12,386b7eccebd0d67845595cf9e83a195fcab60ed7edd4ef7e9fd8b2ac58286ffc,c7a86f66b90aa38d83232a869ec89bf34c2e94a8ad43758e6d0297521e43cec8,c7a86f66b90aa38d83232a869ec89bf34c2e94a8ad43758e6d0297521e43cec8,c7a86f66b90aa38d83232a869ec89bf34c2e94a8ad43758e6d0297521e43cec8,c7a86f66b90aa38d83232a869ec89bf34c2e94a8ad43758e6d0297521e43cec8,ef4fa4eb100f13dc06fe253f5acd2518392a44f5f61646e7f36c722a1136c93c,ef4fa4eb100f13dc06fe253f5acd2518392a44f5f61646e7f36c722a1136c93c
333,grid_0333_n5_south_west_south_east_h3_staggered_t14,bfebdef0a2e12ded84e32f65fb35f256a712d858d419dfdeb7a47cbbbfa9b855,f0bc67d5f2359fcbc89b63843ae1429a7fb2de186833303ff156f9061e38593b,f0bc67d5f2359fcbc89b63843ae1429a7fb2de186833303ff156f9061e38593b,f0bc67d5f2359fcbc89b63843ae1429a7fb2de186833303ff156f9061e38593b,f0bc67d5f2359fcbc89b63843ae1429a7fb2de186833303ff156f9061e38593b,6cdb0fb5628ef161c3b4ac020c249a681badae559b827f1ce070c684f7a2b943,6cdb0fb5628ef161c3b4ac020c249a681badae559b827f1ce070c684f7a2b943
334,grid_0334_n5_south_west_south_east_h3_staggered_t16,e7910dd3871818126cd66f58b821037f6ae03016e85e8dbb5304337d20ed5de5,e536bf31e44639de2d2bdd526e5078fd76c2a6cf40ba5ef7c78db038633c66fb,e536bf31e44639de2d2bdd526e5078fd76c2a6cf40ba5ef7c78db038633c66fb,e536bf31e44639de2d2bdd526e5078fd76c2a6cf40ba5ef7c78db038633c66fb,e536bf31e44639de2d2bdd526e5078fd76c2a6cf40ba5ef7c78db038633c66fb,6cdb0fb5628ef161c3b4ac020c249a681badae559b827f1ce070c684f7a2b943,6cdb0fb5628ef161c3b4ac020c249a681badae559b827f1ce070c684f7a2b943
335,grid_0335_n5_south_west_south_east_h3_staggered_t18,e1be0d4b5dc4f14c3a2faa4c8d19cc7b2cc3c3465b7f77e6e5631bc9c7d23615,dda0c85a2d761727cdfe5780a6a71f1b492c049755247cd5d5e920249ea67d2b,dda0c85a2d761727cdfe5780a6a71f1b492c049755247cd5d5e920249ea67d2b,dda0c85a2d761727cdfe5780a6a71f1b492c049755247cd5d5e920249ea67d2b,dda0c85a2d761727cdfe5780a6a71f1b492c049755247cd5d5e920249ea67d2b,abe5dff8c11e96d47b9fb9f2157e5c5b35d762789cb6c6d15b11c4f0c72b1494,abe5dff8c11e96d47b9fb9f2157e5c5b35d762789cb6c6d15b11c4f0c72b1494
336,grid_0336_n5_south_west_east_middle_h0_open_t12,c5e11902b5a24c7d3997ae7a57f5be0d05b3915b38ca7e2fa1edce852f7de097,dbe167422f7ed906c5b4cf7a38cce79cf7594d1b126050f2581d736e72ae296c,dbe167422f7ed906c5b4cf7a38cce79cf7594d1b126050f2581d736e72ae296c,dbe167422f7ed906c5b4cf7a38cce79cf7594d1b126050f2581d736e72ae296c,dbe167422f7ed906c5b4cf7a38cce79cf7594d1b126050f2581d736e72ae296c,ac6b26d9b67fd951b74c73d527818bb7965f188771ddc084e141331f6c679a93,ac6b26d9b67fd951b74c73d527818bb7965f188771ddc084e141331f6c679a93
337,grid_0337_n5_south_west_east_middle_h0_open_t14,bf49fdbfb9ceabbf08f75633ce1f92986bebb5e58f98f258fc4cab1cbc73040e,2fe4490d0c8e4f2e6955a2a9ef40d537d78aea6c2f7f08d8e3343118dcf9d210,2fe4490d0c8e4f2e6955a2a9ef40d537d78aea6c2f7f08d8e3343118dcf9d210,2fe4490d0c8e4f2e6955a2a9ef40d537d78aea6c2f7f08d8e3343118dcf9d210,2fe4490d0c8e4f2e6955a2a9ef40d537d78aea6c2f7f08d8e3343118dcf9d210,ac6b26d9b67fd951b74c73d527818bb7965f188771ddc084e141331f6c679a93,ac6b26d9b67fd951b74c73d527818bb7965f188771ddc084e141331f6c679a93
338,grid_0338_n5_south_west_east_middle_h0_open_t16,b585fd128f71dddc7ca7e066e59ab9720d33ffe76306dd2db4ba37b5673960f1,10d43d8152563abc2293b021bb96c925386be3d7284d9749fe3b00426caba3b8,10d43d8152563abc2293b021bb96c925386be3d7284d9749fe3b00426caba3b8,10d43d8152563abc2293b021bb96c925386be3d7284d9749fe3b00426caba3b8,10d43d8152563abc2293b021bb96c925386be3d7284d9749fe3b00426caba3b8,ac6b26d9b67fd951b74c73d527818bb7965f188771ddc084e141331f6c679a93,ac6b26d9b67fd951b74c73d527818bb7965f188771ddc084e141331f6c679a93
339,grid_0339_n5_south_west_east_middle_h0_open_t18,0ec423dbf9ca9296770c59904e79fea0baa59729407f630d10bb03bb25f33918,2c03b7a09e49399aa71cc45602cdab1b0e77e3d6a964d0801bf070e098a8a3cb,2c03b7a09e49399aa71cc45602cdab1b0e77e3d6a964d0801bf070e098a8a3cb,2c03b7a09e49399aa71cc45602cdab1b0e77e3d6a964d0801bf070e098a8a3cb,2c03b7a09e49399aa71cc45602cdab1b0e77e3d6a964d0801bf070e098a8a3cb,ac6b26d9b67fd951b74c73d527818bb7965f188771ddc084e141331f6c679a93,ac6b26d9b67fd951b74c73d527818bb7965f188771ddc084e141331f6c679a93
340,grid_0340_n5_south_west_east_middle_h0_gate_t12,e2300766396edbfa407c220b5f3df2d9bf4d736c0baf01680e66769662f3eaaf,d8a4d1ded4d3bb1e57a4cf19d164a7ec6648e3dd5433b17f5eae048c823b5504,d8a4d1ded4d3bb1e57a4cf19d164a7ec6648e3dd5433b17f5eae048c823b5504,d8a4d1ded4d3bb1e57a4cf19d164a7ec6648e3dd5433b17f5eae048c823b5504,d8a4d1ded4d3bb1e57a4cf19d164a7ec6648e3dd5433b17f5eae048c823b5504,ac6b26d9b67fd951b74c73d527818bb7965f188771ddc084e141331f6c679a93,ac6b26d9b67fd951b74c73d527818bb7965f188771ddc084e141331f6c679a93
341,grid_0341_n5_south_west_east_middle_h0_gate_t14,6396ca81ffef6ffc5fa4fb8b1de40b4da51518dd1d068535243fee4be103c652,160c74e88f0c8dc7b99535b583aac8fbe44af6ca6543fa0c2d50ae3fad659631,160c74e88f0c8dc7b99535b583aac8fbe44af6ca6543fa0c2d50ae3fad659631,160c74e88f0c8dc7b99535b583aac8fbe44af6ca6543fa0c2d50ae3fad659631,160c74e88f0c8dc7b99535b583aac8fbe44af6ca6543fa0c2d50ae3fad659631,ac6b26d9b67fd951b74c73d527818bb7965f188771ddc084e141331f6c679a93,ac6b26d9b67fd951b74c73d527818bb7965f188771ddc084e141331f6c679a93
342,grid_0342_n5_south_west_east_middle_h0_gate_t16,1aef008f8b57b4700c6a033fd7b88e039a65e853383d0e606f2e5b392f117599,2f069859c2f9116ec05db1d229ba16355c0cfbef548f874369c8d072ba93baf3,2f069859c2f9116ec05db1d229ba16355c0cfbef548f874369c8d072ba93baf3,2f069859c2f9116ec05db1d229ba16355c0cfbef548f874369c8d072ba93baf3,2f069859c2f9116ec05db1d229ba16355c0cfbef548f874369c8d072ba93baf3,ac6b26d9b67fd951b74c73d527818bb7965f188771ddc084e141331f6c679a93,ac6b26d9b67fd951b74c73d527818bb7965f188771ddc084e141331f6c679a93
343,grid_0343_n5_south_west_east_middle_h0_gate_t18,8678a6bf0f8562e3ca1cd6eeb20fa87d10e93eb7d60dd535dc9576e725d4a446,1eb227871f29248a5a1c09a72465d194c76b3f76c28e271558d8d2292b45143e,1eb227871f29248a5a1c09a72465d194c76b3f76c28e271558d8d2292b45143e,1eb227871f29248a5a1c09a72465d194c76b3f76c28e271558d8d2292b45143e,1eb227871f29248a5a1c09a72465d194c76b3f76c28e271558d8d2292b45143e,ac6b26d9b67fd951b74c73d527818bb7965f188771ddc084e141331f6c679a93,ac6b26d9b67fd951b74c73d527818bb7965f188771ddc084e141331f6c679a93
344,grid_0344_n5_south_west_east_middle_h0_staggered_t12,fce84e32d3bb1a1bb7a6029196ce01e38575f8015151e60f21f382698a533d02,ded62b3e64d92079ee01a71c8d7921888961b1a5b226c37b372e07bfa6e58047,ded62b3e64d92079ee01a71c8d7921888961b1a5b226c37b372e07bfa6e58047,ded62b3e64d92079ee01a71c8d7921888961b1a5b226c37b372e07bfa6e58047,ded62b3e64d92079ee01a71c8d7921888961b1a5b226c37b372e07bfa6e58047,ac6b26d9b67fd951b74c73d527818bb7965f188771ddc084e141331f6c679a93,ac6b26d9b67fd951b74c73d527818bb7965f188771ddc084e141331f6c679a93
345,grid_0345_n5_south_west_east_middle_h0_staggered_t14,f0443f0b4189291c4536f0d3f2d0c246028f91899577931aa1b5599be79ee659,3f791211a3d247a2a580d0f15bf2c9ef876833e328efa096ca42b6d1e62d27b0,3f791211a3d247a2a580d0f15bf2c9ef876833e328efa096ca42b6d1e62d27b0,3f791211a3d247a2a580d0f15bf2c9ef876833e328efa096ca42b6d1e62d27b0,3f791211a3d247a2a580d0f15bf2c9ef876833e328efa096ca42b6d1e62d27b0,ac6b26d9b67fd951b74c73d527818bb7965f188771ddc084e141331f6c679a93,ac6b26d9b67fd951b74c73d527818bb7965f188771ddc084e141331f6c679a93
346,grid_0346_n5_south_west_east_middle_h0_staggered_t16,964fae34555c236a8cbbde3bc9fb5ff982929afb589372d4b37818d9bee3c4b5,6893d0f1c0f9c3830a3c6e2f1159b8058581aeb8317de862eb30717b2d92baef,6893d0f1c0f9c3830a3c6e2f1159b8058581aeb8317de862eb30717b2d92baef,6893d0f1c0f9c3830a3c6e2f1159b8058581aeb8317de862eb30717b2d92baef,6893d0f1c0f9c3830a3c6e2f1159b8058581aeb8317de862eb30717b2d92baef,ac6b26d9b67fd951b74c73d527818bb7965f188771ddc084e141331f6c679a93,ac6b26d9b67fd951b74c73d527818bb7965f188771ddc084e141331f6c679a93
347,grid_0347_n5_south_west_east_middle_h0_staggered_t18,8a9881233c13a2ce65e01eed65f9a05020612d87f02c2308fa01b279da8b8d7d,2918177c58985c8be04765cf9f968a4c22f01062d35f5268965f5b9b9f7168d2,2918177c58985c8be04765cf9f968a4c22f01062d35f5268965f5b9b9f7168d2,2918177c58985c8be04765cf9f968a4c22f01062d35f5268965f5b9b9f7168d2,2918177c58985c8be04765cf9f968a4c22f01062d35f5268965f5b9b9f7168d2,ac6b26d9b67fd951b74c73d527818bb7965f188771ddc084e141331f6c679a93,ac6b26d9b67fd951b74c73d527818bb7965f188771ddc084e141331f6c679a93
348,grid_0348_n5_south_west_east_middle_h1_open_t12,b3e7b5df23ea64e00dc4f8ddca6f3c82ab05e85c50694cefb1e1da9f9d7b614b,d04675da8c63549687075b8e5abf170077373ba9ffcdf718efe6a01ea1e8ad4c,d04675da8c63549687075b8e5abf170077373ba9ffcdf718efe6a01ea1e8ad4c,d04675da8c63549687075b8e5abf170077373ba9ffcdf718efe6a01ea1e8ad4c,d04675da8c63549687075b8e5abf170077373ba9ffcdf718efe6a01ea1e8ad4c,1063900c3c29a8c5e1f77611b97dd0d747e5af5586ce88a4a291f955eb57e3d1,1063900c3c29a8c5e1f77611b97dd0d747e5af5586ce88a4a291f955eb57e3d1
349,grid_0349_n5_south_west_east_middle_h1_open_t14,29289154fc2ccaf2c6d731d196f351e848c9e1476641f19d547e9df701e2580e,fb30ff782cd2368135e0cbd255b60ec3866eb8ecaf570e82940f19da340f8ed7,fb30ff782cd2368135e0cbd255b60ec3866eb8ecaf570e82940f19da340f8ed7,fb30ff782cd2368135e0cbd255b60ec3866eb8ecaf570e82940f19da340f8ed7,fb30ff782cd2368135e0cbd255b60ec3866eb8ecaf570e82940f19da340f8ed7,1063900c3c29a8c5e1f77611b97dd0d747e5af5586ce88a4a291f955eb57e3d1,1063900c3c29a8c5e1f77611b97dd0d747e5af5586ce88a4a291f955eb57e3d1
350,grid_0350_n5_south_west_east_middle_h1_open_t16,6eecae9d24a065007941eff6f33eeee3ea54a5da59d58777470659b859ada2b7,40e7baceaa3b803e79f839b43ef449cde1080d50de3fc6065ff036ac08adf4d0,40e7baceaa3b803e79f839b43ef449cde1080d50de3fc6065ff036ac08adf4d0,40e7baceaa3b803e79f839b43ef449cde1080d50de3fc6065ff036ac08adf4d0,40e7baceaa3b803e79f839b43ef449cde1080d50de3fc6065ff036ac08adf4d0,1063900c3c29a8c5e1f77611b97dd0d747e5af5586ce88a4a291f955eb57e3d1,1063900c3c29a8c5e1f77611b97dd0d747e5af5586ce88a4a291f955eb57e3d1
351,grid_0351_n5_south_west_east_middle_h1_open_t18,cba765cbdb75f20c8fbab290fe6561ff1d1f116f20a351570172b57f3c3ac47e,556c9c257c583c02e6bfd811777c76f14d287af694364cc4f8193277000b8687,556c9c257c583c02e6bfd811777c76f14d287af694364cc4f8193277000b8687,556c9c257c583c02e6bfd811777c76f14d287af694364cc4f8193277000b8687,556c9c257c583c02e6bfd811777c76f14d287af694364cc4f8193277000b8687,1063900c3c29a8c5e1f77611b97dd0d747e5af5586ce88a4a291f955eb57e3d1,1063900c3c29a8c5e1f77611b97dd0d747e5af5586ce88a4a291f955eb57e3d1
352,grid_0352_n5_south_west_east_middle_h1_gate_t12,b4dbbed471733ebbea2bdf6c043baed32661828edf21c2853a3a0c4bea1becc1,0ab24e3cbea5194d5ae6c4347e8a133841285968c455a1379a21bd2a6e219d65,0ab24e3cbea5194d5ae6c4347e8a133841285968c455a1379a21bd2a6e219d65,0ab24e3cbea5194d5ae6c4347e8a133841285968c455a1379a21bd2a6e219d65,0ab24e3cbea5194d5ae6c4347e8a133841285968c455a1379a21bd2a6e219d65,0dc58cb7edcc5563213f11f22d4d42cabf67fd526c193a155e0e2128bfdc2709,0dc58cb7edcc5563213f11f22d4d42cabf67fd526c193a155e0e2128bfdc2709
353,grid_0353_n5_south_west_east_middle_h1_gate_t14,c65b738177f811df340c67340727b7d972d342befe5be13b8ba690ac7b748ef6,0b2294df55fd9a5bb242573d5ed9379f51dd578496fc97f086873b4104d9be5c,0b2294df55fd9a5bb242573d5ed9379f51dd578496fc97f086873b4104d9be5c,0b2294df55fd9a5bb242573d5ed9379f51dd578496fc97f086873b4104d9be5c,0b2294df55fd9a5bb242573d5ed9379f51dd578496fc97f086873b4104d9be5c,0dc58cb7edcc5563213f11f22d4d42cabf67fd526c193a155e0e2128bfdc2709,0dc58cb7edcc5563213f11f22d4d42cabf67fd526c193a155e0e2128bfdc2709
354,grid_0354_n5_south_west_east_middle_h1_gate_t16,f5b79b087ab20a8b8039bc196a0a12d7fd0fffdb531283be6dfa1fd86b03e402,0c6948b458468e41b943a0c1d46c240579dd9bf14f6d0ca8ca658aec985e6259,0c6948b458468e41b943a0c1d46c240579dd9bf14f6d0ca8ca658aec985e6259,0c6948b458468e41b943a0c1d46c240579dd9bf14f6d0ca8ca658aec985e6259,0c6948b458468e41b943a0c1d46c240579dd9bf14f6d0ca8ca658aec985e6259,0dc58cb7edcc5563213f11f22d4d42cabf67fd526c193a155e0e2128bfdc2709,0dc58cb7edcc5563213f11f22d4d42cabf67fd526c193a155e0e2128bfdc2709
355,grid_0355_n5_south_west_east_middle_h1_gate_t18,e4d9d5078f454a2bb58635fdb3ba59faed0756f7802199e2b046d171354d623b,27d6d1cf128aff323768b1a1831fba8d14437dc7a4e0cd0b25f42de5eb686093,27d6d1cf128aff323768b1a1831fba8d14437dc7a4e0cd0b25f42de5eb686093,27d6d1cf128aff323768b1a1831fba8d14437dc7a4e0cd0b25f42de5eb686093,27d6d1cf128aff323768b1a1831fba8d14437dc7a4e0cd0b25f42de5eb686093,0dc58cb7edcc5563213f11f22d4d42cabf67fd526c193a155e0e2128bfdc2709,0dc58cb7edcc5563213f11f22d4d42cabf67fd526c193a155e0e2128bfdc2709
356,grid_0356_n5_south_west_east_middle_h1_staggered_t12,50114294a159e9ee7ff9f8b1b81e4fcf18b08d17370827c8b1f264ea79d87bdf,7fa19b370ae8e82aac49b8077469a473a44b62a8aaaba93165d83efe6eddad4a,7fa19b370ae8e82aac49b8077469a473a44b62a8aaaba93165d83efe6eddad4a,7fa19b370ae8e82aac49b8077469a473a44b62a8aaaba93165d83efe6eddad4a,7fa19b370ae8e82aac49b8077469a473a44b62a8aaaba93165d83efe6eddad4a,4b329581bd90a739dd5d14c4daafe02b1d30c7ed924ee9d0fe55e4d1c400923a,4b329581bd90a739dd5d14c4daafe02b1d30c7ed924ee9d0fe55e4d1c400923a
357,grid_0357_n5_south_west_east_middle_h1_staggered_t14,71a00c904227578fd409fbc8039a87071d4f9a3f72db4999ab0fc723c41932ad,83c18d3b135a1d96f98b95f40ee2d5e6e0a6485be098f78d1facd9dd5826bd3f,83c18d3b135a1d96f98b95f40ee2d5e6e0a6485be098f78d1facd9dd5826bd3f,83c18d3b135a1d96f98b95f40ee2d5e6e0a6485be098f78d1facd9dd5826bd3f,83c18d3b135a1d96f98b95f40ee2d5e6e0a6485be098f78d1facd9dd5826bd3f,4b329581bd90a739dd5d14c4daafe02b1d30c7ed924ee9d0fe55e4d1c400923a,4b329581bd90a739dd5d14c4daafe02b1d30c7ed924ee9d0fe55e4d1c400923a
358,grid_0358_n5_south_west_east_middle_h1_staggered_t16,ea6e579fc47eea9f4f4600ce738e7d51c9d0d342aa435a1b9eacf0e9cc8900e2,04d9cf1b83d3eee69d338e60b49ef807016d2c3cea944e983b5a7cfa0b2d2cd4,04d9cf1b83d3eee69d338e60b49ef807016d2c3cea944e983b5a7cfa0b2d2cd4,04d9cf1b83d3eee69d338e60b49ef807016d2c3cea944e983b5a7cfa0b2d2cd4,04d9cf1b83d3eee69d338e60b49ef807016d2c3cea944e983b5a7cfa0b2d2cd4,4b329581bd90a739dd5d14c4daafe02b1d30c7ed924ee9d0fe55e4d1c400923a,4b329581bd90a739dd5d14c4daafe02b1d30c7ed924ee9d0fe55e4d1c400923a
359,grid_0359_n5_south_west_east_middle_h1_staggered_t18,3153d0f875ba2938df56304de48ed4e6325b9767b1b57fef718da08395fdd800,2ebc23ad47023c43272191d3c39cd6302190b19a7e5800392774cfbb0255145d,2ebc23ad47023c43272191d3c39cd6302190b19a7e5800392774cfbb0255145d,2ebc23ad47023c43272191d3c39cd6302190b19a7e5800392774cfbb0255145d,2ebc23ad47023c43272191d3c39cd6302190b19a7e5800392774cfbb0255145d,4b329581bd90a739dd5d14c4daafe02b1d30c7ed924ee9d0fe55e4d1c400923a,4b329581bd90a739dd5d14c4daafe02b1d30c7ed924ee9d0fe55e4d1c400923a
360,grid_0360_n5_south_west_east_middle_h2_open_t12,b4570d9bc714727c35841875083aa83f448e7059484a3ee349387c3a1520fd25,44e47f1c1687dc79c55f522eb846d6c9a249c0bc162da9fe56422e1b1cfb80a8,44e47f1c1687dc79c55f522eb846d6c9a249c0bc162da9fe56422e1b1cfb80a8,44e47f1c1687dc79c55f522eb846d6c9a249c0bc162da9fe56422e1b1cfb80a8,44e47f1c1687dc79c55f522eb846d6c9a249c0bc162da9fe56422e1b1cfb80a8,61543e12a0e92038b8a6366d286bbb6150b3c10b07783d507b892fc1ec96d6ee,61543e12a0e92038b8a6366d286bbb6150b3c10b07783d507b892fc1ec96d6ee
361,grid_0361_n5_south_west_east_middle_h2_open_t14,7716398770bf272b6535f9d6d1e064e57d1252b00e4066ee082590e376dea0aa,7a8fa3b3ff622e0c87cc8982d03da37d3dc5be0067ac68c14afd64f4d81c3a15,7a8fa3b3ff622e0c87cc8982d03da37d3dc5be0067ac68c14afd64f4d81c3a15,7a8fa3b3ff622e0c87cc8982d03da37d3dc5be0067ac68c14afd64f4d81c3a15,7a8fa3b3ff622e0c87cc8982d03da37d3dc5be0067ac68c14afd64f4d81c3a15,61543e12a0e92038b8a6366d286bbb6150b3c10b07783d507b892fc1ec96d6ee,61543e12a0e92038b8a6366d286bbb6150b3c10b07783d507b892fc1ec96d6ee
362,grid_0362_n5_south_west_east_middle_h2_open_t16,a90a80cca854dcaf0da7daeda4ee8bf46a73f1ebae8cf110d751dce36d353f59,dfefa78dfc193882764181edd895f6b74929094eee10cee243e83c2e85327ccc,dfefa78dfc193882764181edd895f6b74929094eee10cee243e83c2e85327ccc,dfefa78dfc193882764181edd895f6b74929094eee10cee243e83c2e85327ccc,dfefa78dfc193882764181edd895f6b74929094eee10cee243e83c2e85327ccc,61543e12a0e92038b8a6366d286bbb6150b3c10b07783d507b892fc1ec96d6ee,61543e12a0e92038b8a6366d286bbb6150b3c10b07783d507b892fc1ec96d6ee
363,grid_0363_n5_south_west_east_middle_h2_open_t18,d80cf84458960f913947370f0b979953ac7aae78dfa6745ebc2f56133ca9d624,5f0093d4c061d950d6a2839e729383a92137a30482a7ceb161572510da72ec33,5f0093d4c061d950d6a2839e729383a92137a30482a7ceb161572510da72ec33,5f0093d4c061d950d6a2839e729383a92137a30482a7ceb161572510da72ec33,5f0093d4c061d950d6a2839e729383a92137a30482a7ceb161572510da72ec33,61543e12a0e92038b8a6366d286bbb6150b3c10b07783d507b892fc1ec96d6ee,61543e12a0e92038b8a6366d286bbb6150b3c10b07783d507b892fc1ec96d6ee
364,grid_0364_n5_south_west_east_middle_h2_gate_t12,22adeb4ec155601c65a0ab14b51805cd35e0bbcb1ca389cde06f7eb8b24a9ae4,b65cdc3ecba368957f3509df94857bc634ec99b598c2bbc1d6447b4eb623fc92,b65cdc3ecba368957f3509df94857bc634ec99b598c2bbc1d6447b4eb623fc92,b65cdc3ecba368957f3509df94857bc634ec99b598c2bbc1d6447b4eb623fc92,b65cdc3ecba368957f3509df94857bc634ec99b598c2bbc1d6447b4eb623fc92,61543e12a0e92038b8a6366d286bbb6150b3c10b07783d507b892fc1ec96d6ee,61543e12a0e92038b8a6366d286bbb6150b3c10b07783d507b892fc1ec96d6ee
365,grid_0365_n5_south_west_east_middle_h2_gate_t14,ad918d9dbe75b84dbb33bb0b2e3c6d65e0e2c18400aef12f57f503f3daab0f59,87daea41236c836bae70de6ee8d7a6d250fe261bbe3a3aacc556f71302be13bb,87daea41236c836bae70de6ee8d7a6d250fe261bbe3a3aacc556f71302be13bb,87daea41236c836bae70de6ee8d7a6d250fe261bbe3a3aacc556f71302be13bb,87daea41236c836bae70de6ee8d7a6d250fe261bbe3a3aacc556f71302be13bb,61543e12a0e92038b8a6366d286bbb6150b3c10b07783d507b892fc1ec96d6ee,61543e12a0e92038b8a6366d286bbb6150b3c10b07783d507b892fc1ec96d6ee
366,grid_0366_n5_south_west_east_middle_h2_gate_t16,bb3356c1308e83e3c8c278e90d4be6fc1c23429f19349c61a6b275f22557d5b3,2a9c145f5b1c920fd92df7aaa42738cee6fdb8603adcca4eed1bb52e13c60e28,2a9c145f5b1c920fd92df7aaa42738cee6fdb8603adcca4eed1bb52e13c60e28,2a9c145f5b1c920fd92df7aaa42738cee6fdb8603adcca4eed1bb52e13c60e28,2a9c145f5b1c920fd92df7aaa42738cee6fdb8603adcca4eed1bb52e13c60e28,61543e12a0e92038b8a6366d286bbb6150b3c10b07783d507b892fc1ec96d6ee,61543e12a0e92038b8a6366d286bbb6150b3c10b07783d507b892fc1ec96d6ee
367,grid_0367_n5_south_west_east_middle_h2_gate_t18,60c1a90eefdc8d308ddee1c341ace2252074e57adaab3252943111c16393e797,d0b439961fbdac731dd4de59dc2c0919086b0452edf4c633fa3251f2f534ef8e,d0b439961fbdac731dd4de59dc2c0919086b0452edf4c633fa3251f2f534ef8e,d0b439961fbdac731dd4de59dc2c0919086b0452edf4c633fa3251f2f534ef8e,d0b439961fbdac731dd4de59dc2c0919086b0452edf4c633fa3251f2f534ef8e,61543e12a0e92038b8a6366d286bbb6150b3c10b07783d507b892fc1ec96d6ee,61543e12a0e92038b8a6366d286bbb6150b3c10b07783d507b892fc1ec96d6ee
368,grid_0368_n5_south_west_east_middle_h2_staggered_t12,61ec96c8ded0f0094713c8d0fcc97ba38061d908d6a37974f1c8a60dee2f2e00,0c089e4a14b2cdeb6103e137e721a639558e443e8110b42f8183b81c5edbc42e,0c089e4a14b2cdeb6103e137e721a639558e443e8110b42f8183b81c5edbc42e,0c089e4a14b2cdeb6103e137e721a639558e443e8110b42f8183b81c5edbc42e,0c089e4a14b2cdeb6103e137e721a639558e443e8110b42f8183b81c5edbc42e,61543e12a0e92038b8a6366d286bbb6150b3c10b07783d507b892fc1ec96d6ee,61543e12a0e92038b8a6366d286bbb6150b3c10b07783d507b892fc1ec96d6ee
369,grid_0369_n5_south_west_east_middle_h2_staggered_t14,fa67c29f0d84b5c466089e6fce13a0b299f9077d39b498ffed7849295b96af2f,a55d7be4220bd35040ed36f56b984bebd8c77a07b5d6ef521eeaaea0e598c6ec,a55d7be4220bd35040ed36f56b984bebd8c77a07b5d6ef521eeaaea0e598c6ec,a55d7be4220bd35040ed36f56b984bebd8c77a07b5d6ef521eeaaea0e598c6ec,a55d7be4220bd35040ed36f56b984bebd8c77a07b5d6ef521eeaaea0e598c6ec,61543e12a0e92038b8a6366d286bbb6150b3c10b07783d507b892fc1ec96d6ee,61543e12a0e92038b8a6366d286bbb6150b3c10b07783d507b892fc1ec96d6ee
370,grid_0370_n5_south_west_east_middle_h2_staggered_t16,9d05865e9babb36a8e76f1776ecf1b332e42f661382435ee14593372f45f53d5,ab5f56b6b487d50386ffd935c78dab8ed58452131294fd779e7dea0931256dde,ab5f56b6b487d50386ffd935c78dab8ed58452131294fd779e7dea0931256dde,ab5f56b6b487d50386ffd935c78dab8ed58452131294fd779e7dea0931256dde,ab5f56b6b487d50386ffd935c78dab8ed58452131294fd779e7dea0931256dde,61543e12a0e92038b8a6366d286bbb6150b3c10b07783d507b892fc1ec96d6ee,61543e12a0e92038b8a6366d286bbb6150b3c10b07783d507b892fc1ec96d6ee
371,grid_0371_n5_south_west_east_middle_h2_staggered_t18,5a81f9be0ebfdf5bf78561de8e4c9a9d44d4a29641bf610a5d0fcecce1179ba8,8e0b0830039b7bf9c9875af177abf1aa1fcd8c85d8fa30a50d1768f4dc5593e4,8e0b0830039b7bf9c9875af177abf1aa1fcd8c85d8fa30a50d1768f4dc5593e4,8e0b0830039b7bf9c9875af177abf1aa1fcd8c85d8fa30a50d1768f4dc5593e4,8e0b0830039b7bf9c9875af177abf1aa1fcd8c85d8fa30a50d1768f4dc5593e4,61543e12a0e92038b8a6366d286bbb6150b3c10b07783d507b892fc1ec96d6ee,61543e12a0e92038b8a6366d286bbb6150b3c10b07783d507b892fc1ec96d6ee
372,grid_0372_n5_south_west_east_middle_h3_open_t12,5146881687a5e792469d45246fb493a3c11581234e3e33e89a3a8a9cb5eed911,f7dc859eb17e684ef0a0f7d63e8761086ff71481bebd3c1277c103e289ed8d22,f7dc859eb17e684ef0a0f7d63e8761086ff71481bebd3c1277c103e289ed8d22,f7dc859eb17e684ef0a0f7d63e8761086ff71481bebd3c1277c103e289ed8d22,f7dc859eb17e684ef0a0f7d63e8761086ff71481bebd3c1277c103e289ed8d22,5dabb2317c9331e494435ca99670dedeafa9d179975097b7d501fbebfa2fd635,5dabb2317c9331e494435ca99670dedeafa9d179975097b7d501fbebfa2fd635
373,grid_0373_n5_south_west_east_middle_h3_open_t14,8c9a5b5d04825562d2dbd05f3284ba0f673699133e97be9d06aa0252085c2e0a,20c216fd194ec47b99bf6b53e7010f2b33874cd3d0c7998ebc9b5ef7b8a235a8,20c216fd194ec47b99bf6b53e7010f2b33874cd3d0c7998ebc9b5ef7b8a235a8,20c216fd194ec47b99bf6b53e7010f2b33874cd3d0c7998ebc9b5ef7b8a235a8,20c216fd194ec47b99bf6b53e7010f2b33874cd3d0c7998ebc9b5ef7b8a235a8,5dabb2317c9331e494435ca99670dedeafa9d179975097b7d501fbebfa2fd635,5dabb2317c9331e494435ca99670dedeafa9d179975097b7d501fbebfa2fd635
374,grid_0374_n5_south_west_east_middle_h3_open_t16,186e73b54719570ff61656ddb14d789455e548def470ebf1e409b3706312e075,e1841ae16ac74e959d285e7b85495b3156cc7d3b93e2021ff8108560de7a8d73,e1841ae16ac74e959d285e7b85495b3156cc7d3b93e2021ff8108560de7a8d73,e1841ae16ac74e959d285e7b85495b3156cc7d3b93e2021ff8108560de7a8d73,e1841ae16ac74e959d285e7b85495b3156cc7d3b93e2021ff8108560de7a8d73,5dabb2317c9331e494435ca99670dedeafa9d179975097b7d501fbebfa2fd635,5dabb2317c9331e494435ca99670dedeafa9d179975097b7d501fbebfa2fd635
375,grid_0375_n5_south_west_east_middle_h3_open_t18,eac7d0a1514e0f3f0520ccf61eb71f2dddd2c2a4a597998e43aec907b4c0fc20,104805efd4ba9a624e2285e017aa50682c3f8c41cba2433944ff341a0dd55d45,104805efd4ba9a624e2285e017aa50682c3f8c41cba2433944ff341a0dd55d45,104805efd4ba9a624e2285e017aa50682c3f8c41cba2433944ff341a0dd55d45,104805efd4ba9a624e2285e017aa50682c3f8c41cba2433944ff341a0dd55d45,5dabb2317c9331e494435ca99670dedeafa9d179975097b7d501fbebfa2fd635,5dabb2317c9331e494435ca99670dedeafa9d179975097b7d501fbebfa2fd635
376,grid_0376_n5_south_west_east_middle_h3_gate_t12,ce42fa73853eebfa497390ad16bb1187721bcf77b40630a354766986d39975ff,ecf888b17d3b97155c8da5160fb6afcab8e88f5b06d817470bae0787bfe81240,ecf888b17d3b97155c8da5160fb6afcab8e88f5b06d817470bae0787bfe81240,ecf888b17d3b97155c8da5160fb6afcab8e88f5b06d817470bae0787bfe81240,ecf888b17d3b97155c8da5160fb6afcab8e88f5b06d817470bae0787bfe81240,e01b8f9802d5d8b8cfd94cf6d763410d732ab408fefced77c8905732fd2c7b0f,e01b8f9802d5d8b8cfd94cf6d763410d732ab408fefced77c8905732fd2c7b0f
377,grid_0377_n5_south_west_east_middle_h3_gate_t14,2bc5f1a5f5267d16ad9f2b5108cb3bff8d129182a6de06b838be5162f342f69a,460a7e5546a70932505d4b7ac2a6d413059b225300bdfa37a5f28fc058becceb,460a7e5546a70932505d4b7ac2a6d413059b225300bdfa37a5f28fc058becceb,460a7e5546a70932505d4b7ac2a6d413059b225300bdfa37a5f28fc058becceb,460a7e5546a70932505d4b7ac2a6d413059b225300bdfa37a5f28fc058becceb,e01b8f9802d5d8b8cfd94cf6d763410d732ab408fefced77c8905732fd2c7b0f,e01b8f9802d5d8b8cfd94cf6d763410d732ab408fefced77c8905732fd2c7b0f
378,grid_0378_n5_south_west_east_middle_h3_gate_t16,00ef42b4ff61c1fa0725792477b70ad767f9dbceb8ae1525059072479af6d638,e040fd5159ffa516c05af2b1ebeb82743acc17cdb40db53b9c9e5d0b238cfad1,e040fd5159ffa516c05af2b1ebeb82743acc17cdb40db53b9c9e5d0b238cfad1,e040fd5159ffa516c05af2b1ebeb82743acc17cdb40db53b9c9e5d0b238cfad1,e040fd5159ffa516c05af2b1ebeb82743acc17cdb40db53b9c9e5d0b238cfad1,e01b8f9802d5d8b8cfd94cf6d763410d732ab408fefced77c8905732fd2c7b0f,e01b8f9802d5d8b8cfd94cf6d763410d732ab408fefced77c8905732fd2c7b0f
379,grid_0379_n5_south_west_east_middle_h3_gate_t18,5019e5d72c614154dd8d8b8b775b3a0ce9c60f06c40fbae499b4d8695a066791,17a4531bd13ac89caf3eddbc78b4fec92839e8bbc3032ba3adde2eb4bf54eb52,17a4531bd13ac89caf3eddbc78b4fec92839e8bbc3032ba3adde2eb4bf54eb52,17a4531bd13ac89caf3eddbc78b4fec92839e8bbc3032ba3adde2eb4bf54eb52,17a4531bd13ac89caf3eddbc78b4fec92839e8bbc3032ba3adde2eb4bf54eb52,e01b8f9802d5d8b8cfd94cf6d763410d732ab408fefced77c8905732fd2c7b0f,e01b8f9802d5d8b8cfd94cf6d763410d732ab408fefced77c8905732fd2c7b0f
380,grid_0380_n5_south_west_east_middle_h3_staggered_t12,33aa1362fae335765983dbdb402e64eeca887e4e48a71eea942f52f59a6ec20b,a2fa3019532ca127c162e8711aa7f4f5c796b367e8752ec6969ab3ffa422fd42,a2fa3019532ca127c162e8711aa7f4f5c796b367e8752ec6969ab3ffa422fd42,a2fa3019532ca127c162e8711aa7f4f5c796b367e8752ec6969ab3ffa422fd42,a2fa3019532ca127c162e8711aa7f4f5c796b367e8752ec6969ab3ffa422fd42,e01b8f9802d5d8b8cfd94cf6d763410d732ab408fefced77c8905732fd2c7b0f,e01b8f9802d5d8b8cfd94cf6d763410d732ab408fefced77c8905732fd2c7b0f
381,grid_0381_n5_south_west_east_middle_h3_staggered_t14,e3ec107f90b5a872280b01928da2ca11f44dff66c054c6cf0c28429cad6262db,75701775a126ae20d506da0a86c50ec6bc3250499b8708929bebeb82d9c1c837,75701775a126ae20d506da0a86c50ec6bc3250499b8708929bebeb82d9c1c837,75701775a126ae20d506da0a86c50ec6bc3250499b8708929bebeb82d9c1c837,75701775a126ae20d506da0a86c50ec6bc3250499b8708929bebeb82d9c1c837,e01b8f9802d5d8b8cfd94cf6d763410d732ab408fefced77c8905732fd2c7b0f,e01b8f9802d5d8b8cfd94cf6d763410d732ab408fefced77c8905732fd2c7b0f
382,grid_0382_n5_south_west_east_middle_h3_staggered_t16,22e452ba735072aa62ad1505a271d046fe422e50b0351150278d348998a3a3f8,90ce613262e56a3ae419ce9c13a6384fbe802054232931f450229fd5a20487af,90ce613262e56a3ae419ce9c13a6384fbe802054232931f450229fd5a20487af,90ce613262e56a3ae419ce9c13a6384fbe802054232931f450229fd5a20487af,90ce613262e56a3ae419ce9c13a6384fbe802054232931f450229fd5a20487af,e01b8f9802d5d8b8cfd94cf6d763410d732ab408fefced77c8905732fd2c7b0f,e01b8f9802d5d8b8cfd94cf6d763410d732ab408fefced77c8905732fd2c7b0f
383,grid_0383_n5_south_west_east_middle_h3_staggered_t18,2c0b8ae547c39976a6c8d7f68b705d45254b65b59a42891c0cc9ccf263670ea8,c2ea8e6e194e7f4774d2e0f76822480f54cf183434809dfa07fb2357962e096f,c2ea8e6e194e7f4774d2e0f76822480f54cf183434809dfa07fb2357962e096f,c2ea8e6e194e7f4774d2e0f76822480f54cf183434809dfa07fb2357962e096f,c2ea8e6e194e7f4774d2e0f76822480f54cf183434809dfa07fb2357962e096f,e01b8f9802d5d8b8cfd94cf6d763410d732ab408fefced77c8905732fd2c7b0f,e01b8f9802d5d8b8cfd94cf6d763410d732ab408fefced77c8905732fd2c7b0f
384,grid_0384_n5_south_west_south_middle_h0_open_t12,a168033549a571343c93a22d21225903d5dc8017c732f05d48db8eeae65d00c7,ebb2e7b5bd43f77b9ab041cc527f2e4865c95e92c81ee9e8f085fa2d13acce14,ebb2e7b5bd43f77b9ab041cc527f2e4865c95e92c81ee9e8f085fa2d13acce14,ebb2e7b5bd43f77b9ab041cc527f2e4865c95e92c81ee9e8f085fa2d13acce14,ebb2e7b5bd43f77b9ab041cc527f2e4865c95e92c81ee9e8f085fa2d13acce14,3e31cce9201ac3edb15216031eebace3e318b4fc82bd5e3e511c88788b7cc941,3e31cce9201ac3edb15216031eebace3e318b4fc82bd5e3e511c88788b7cc941
385,grid_0385_n5_south_west_south_middle_h0_open_t14,5bd0c41f29d08d8666fbca6103abc4be2d4bfca7200ca9f4fd01000325287318,fbc2f68c549a0b7fae46fb25082c83afd3e67b274d7c7e8fd2eddb60308d5df7,fbc2f68c549a0b7fae46fb25082c83afd3e67b274d7c7e8fd2eddb60308d5df7,fbc2f68c549a0b7fae46fb25082c83afd3e67b274d7c7e8fd2eddb60308d5df7,fbc2f68c549a0b7fae46fb25082c83afd3e67b274d7c7e8fd2eddb60308d5df7,3e31cce9201ac3edb15216031eebace3e318b4fc82bd5e3e511c88788b7cc941,3e31cce9201ac3edb15216031eebace3e318b4fc82bd5e3e511c88788b7cc941
386,grid_0386_n5_south_west_south_middle_h0_open_t16,f0f0909652429fed21738dff6d487281ed1e8e143c72e5735f12ebade5fa1703,ea89f9afbb9c8000c949cedfb7346e0096de6eaf3419b03ae2d3261578ae4194,ea89f9afbb9c8000c949cedfb7346e0096de6eaf3419b03ae2d3261578ae4194,ea89f9afbb9c8000c949cedfb7346e0096de6eaf3419b03ae2d3261578ae4194,ea89f9afbb9c8000c949cedfb7346e0096de6eaf3419b03ae2d3261578ae4194,3e31cce9201ac3edb15216031eebace3e318b4fc82bd5e3e511c88788b7cc941,3e31cce9201ac3edb15216031eebace3e318b4fc82bd5e3e511c88788b7cc941
387,grid_0387_n5_south_west_south_middle_h0_open_t18,c2332e3c8f5d8543d6fefde32ab0e0c0b31f1d992444a16aa3f384c28413784d,6b84b365bdbb696086a03dd61fa1b121a92255b68c4a3213e09d9192ce3802aa,6b84b365bdbb696086a03dd61fa1b121a92255b68c4a3213e09d9192ce3802aa,6b84b365bdbb696086a03dd61fa1b121a92255b68c4a3213e09d9192ce3802aa,6b84b365bdbb696086a03dd61fa1b121a92255b68c4a3213e09d9192ce3802aa,3e31cce9201ac3edb15216031eebace3e318b4fc82bd5e3e511c88788b7cc941,3e31cce9201ac3edb15216031eebace3e318b4fc82bd5e3e511c88788b7cc941
388,grid_0388_n5_south_west_south_middle_h0_gate_t12,025b3cd274ac69298bb3f1d37b59def07b3bd01257ba977034fab60cbbeaf977,5aa9073df84c87df77695f277cc922f1f9e23a97f11ce60142b31c709aeb3912,5aa9073df84c87df77695f277cc922f1f9e23a97f11ce60142b31c709aeb3912,5aa9073df84c87df77695f277cc922f1f9e23a97f11ce60142b31c709aeb3912,5aa9073df84c87df77695f277cc922f1f9e23a97f11ce60142b31c709aeb3912,3e31cce9201ac3edb15216031eebace3e318b4fc82bd5e3e511c88788b7cc941,3e31cce9201ac3edb15216031eebace3e318b4fc82bd5e3e511c88788b7cc941
389,grid_0389_n5_south_west_south_middle_h0_gate_t14,975585aedc46e8d90d67380ff5f2d6a3644330046f9c22f9e8aa68eb8df5897d,f76fe99666fce58a27f54ca1a342b4eea901f2d3403ef2c1b2296fdf88acbf6b,f76fe99666fce58a27f54ca1a342b4eea901f2d3403ef2c1b2296fdf88acbf6b,f76fe99666fce58a27f54ca1a342b4eea901f2d3403ef2c1b2296fdf88acbf6b,f76fe99666fce58a27f54ca1a342b4eea901f2d3403ef2c1b2296fdf88acbf6b,3e31cce9201ac3edb15216031eebace3e318b4fc82bd5e3e511c88788b7cc941,3e31cce9201ac3edb15216031eebace3e318b4fc82bd5e3e511c88788b7cc941
390,grid_0390_n5_south_west_south_middle_h0_gate_t16,59d3c9fbeafd3a24464687dc43fda1354b7e68399ee3e844ba14a214fe6a2a33,646a4ac8e86503c9413775541b39c76fb35e6bb1599037393dd15dd66133b1e0,646a4ac8e86503c9413775541b39c76fb35e6bb1599037393dd15dd66133b1e0,646a4ac8e86503c9413775541b39c76fb35e6bb1599037393dd15dd66133b1e0,646a4ac8e86503c9413775541b39c76fb35e6bb1599037393dd15dd66133b1e0,3e31cce9201ac3edb15216031eebace3e318b4fc82bd5e3e511c88788b7cc941,3e31cce9201ac3edb15216031eebace3e318b4fc82bd5e3e511c88788b7cc941
391,grid_0391_n5_south_west_south_middle_h0_gate_t18,812e14fff4358d60d2a15e953b712242e1585d51ce85dd3d9eed78881142f8e3,fa10c0963547f017230ba0a3102680da5920e8e4905a9aaa2caf82fc243e6316,fa10c0963547f017230ba0a3102680da5920e8e4905a9aaa2caf82fc243e6316,fa10c0963547f017230ba0a3102680da5920e8e4905a9aaa2caf82fc243e6316,fa10c0963547f017230ba0a3102680da5920e8e4905a9aaa2caf82fc243e6316,3e31cce9201ac3edb15216031eebace3e318b4fc82bd5e3e511c88788b7cc941,3e31cce9201ac3edb15216031eebace3e318b4fc82bd5e3e511c88788b7cc941
392,grid_0392_n5_south_west_south_middle_h0_staggered_t12,1bd5a5a17ebcb5c8d1525224c1e27919b6e193c5f771bb4abbfadeb407673bcd,5aa9073df84c87df77695f277cc922f1f9e23a97f11ce60142b31c709aeb3912,5aa9073df84c87df77695f277cc922f1f9e23a97f11ce60142b31c709aeb3912,5aa9073df84c87df77695f277cc922f1f9e23a97f11ce60142b31c709aeb3912,5aa9073df84c87df77695f277cc922f1f9e23a97f11ce60142b31c709aeb3912,3e31cce9201ac3edb15216031eebace3e318b4fc82bd5e3e511c88788b7cc941,3e31cce9201ac3edb15216031eebace3e318b4fc82bd5e3e511c88788b7cc941
393,grid_0393_n5_south_west_south_middle_h0_staggered_t14,6bb292bf9d5baaa9fe19924883b2403666cd8dd0b4a7254eb23e09ecbdc664e8,f76fe99666fce58a27f54ca1a342b4eea901f2d3403ef2c1b2296fdf88acbf6b,f76fe99666fce58a27f54ca1a342b4eea901f2d3403ef2c1b2296fdf88acbf6b,f76fe99666fce58a27f54ca1a342b4eea901f2d3403ef2c1b2296fdf88acbf6b,f76fe99666fce58a27f54ca1a342b4eea901f2d3403ef2c1b2296fdf88acbf6b,3e31cce9201ac3edb15216031eebace3e318b4fc82bd5e3e511c88788b7cc941,3e31cce9201ac3edb15216031eebace3e318b4fc82bd5e3e511c88788b7cc941
394,grid_0394_n5_south_west_south_middle_h0_staggered_t16,be8deea09900177520a23607988fa313979f4602af6203cb1c306b906d069f20,646a4ac8e86503c9413775541b39c76fb35e6bb1599037393dd15dd66133b1e0,646a4ac8e86503c9413775541b39c76fb35e6bb1599037393dd15dd66133b1e0,646a4ac8e86503c9413775541b39c76fb35e6bb1599037393dd15dd66133b1e0,646a4ac8e86503c9413775541b39c76fb35e6bb1599037393dd15dd66133b1e0,3e31cce9201ac3edb15216031eebace3e318b4fc82bd5e3e511c88788b7cc941,3e31cce9201ac3edb15216031eebace3e318b4fc82bd5e3e511c88788b7cc941
395,grid_0395_n5_south_west_south_middle_h0_staggered_t18,ea9d3b00979961f34c7bfc0b7e5c6653a02374c67301e1bfd008452af69b439a,fa10c0963547f017230ba0a3102680da5920e8e4905a9aaa2caf82fc243e6316,fa10c0963547f017230ba0a3102680da5920e8e4905a9aaa2caf82fc243e6316,fa10c0963547f017230ba0a3102680da5920e8e4905a9aaa2caf82fc243e6316,fa10c0963547f017230ba0a3102680da5920e8e4905a9aaa2caf82fc243e6316,3e31cce9201ac3edb15216031eebace3e318b4fc82bd5e3e511c88788b7cc941,3e31cce9201ac3edb15216031eebace3e318b4fc82bd5e3e511c88788b7cc941
396,grid_0396_n5_south_west_south_middle_h1_open_t12,c93a6d584aa7d0ed9a8a8321a3cbdd673d29d80532294b8ff1c5808231824271,bdcd96f19329f7683ae3fa792636a0b0e69ed37bccb069cfd42eb5455c303b60,bdcd96f19329f7683ae3fa792636a0b0e69ed37bccb069cfd42eb5455c303b60,bdcd96f19329f7683ae3fa792636a0b0e69ed37bccb069cfd42eb5455c303b60,bdcd96f19329f7683ae3fa792636a0b0e69ed37bccb069cfd42eb5455c303b60,bb13fbb8f0470056e175663d8d6704552d849cade02140c626bd55b0b29da48e,bb13fbb8f0470056e175663d8d6704552d849cade02140c626bd55b0b29da48e
397,grid_0397_n5_south_west_south_middle_h1_open_t14,4bb6a43b9c316e5c3f6e74c8c7020c97fec2e90e030895c4477dc39c112bc6cf,bdcd96f19329f7683ae3fa792636a0b0e69ed37bccb069cfd42eb5455c303b60,bdcd96f19329f7683ae3fa792636a0b0e69ed37bccb069cfd42eb5455c303b60,bdcd96f19329f7683ae3fa792636a0b0e69ed37bccb069cfd42eb5455c303b60,bdcd96f19329f7683ae3fa792636a0b0e69ed37bccb069cfd42eb5455c303b60,bb13fbb8f0470056e175663d8d6704552d849cade02140c626bd55b0b29da48e,bb13fbb8f0470056e175663d8d6704552d849cade02140c626bd55b0b29da48e
398,grid_0398_n5_south_west_south_middle_h1_open_t16,28be73433f247d6d5a0ce96df1f0dea3e96117ee6062eb45d2d0017bea969db5,bdcd96f19329f7683ae3fa792636a0b0e69ed37bccb069cfd42eb5455c303b60,bdcd96f19329f7683ae3fa792636a0b0e69ed37bccb069cfd42eb5455c303b60,bdcd96f19329f7683ae3fa792636a0b0e69ed37bccb069cfd42eb5455c303b60,bdcd96f19329f7683ae3fa792636a0b0e69ed37bccb069cfd42eb5455c303b60,bb13fbb8f0470056e175663d8d6704552d849cade02140c626bd55b0b29da48e,bb13fbb8f0470056e175663d8d6704552d849cade02140c626bd55b0b29da48e
399,grid_0399_n5_south_west_south_middle_h1_open_t18,98eaa317783cd627be11252fea7117dce53889e559b7350c6eb313aaaaafc9f2,bdcd96f19329f7683ae3fa792636a0b0e69ed37bccb069cfd42eb5455c303b60,bdcd96f19329f7683ae3fa792636a0b0e69ed37bccb069cfd42eb5455c303b60,bdcd96f19329f7683ae3fa792636a0b0e69ed37bccb069cfd42eb5455c303b60,bdcd96f19329f7683ae3fa792636a0b0e69ed37bccb069cfd42eb5455c303b60,bb13fbb8f0470056e175663d8d6704552d849cade02140c626bd55b0b29da48e,bb13fbb8f0470056e175663d8d6704552d849cade02140c626bd55b0b29da48e
400,grid_0400_n5_south_west_south_middle_h1_gate_t12,e7bcc7351e4305142b2e31f96e3772bdb01ddd238ae955bdb217b16f27689aa7,bdcd96f19329f7683ae3fa792636a0b0e69ed37bccb069cfd42eb5455c303b60,bdcd96f19329f7683ae3fa792636a0b0e69ed37bccb069cfd42eb5455c303b60,bdcd96f19329f7683ae3fa792636a0b0e69ed37bccb069cfd42eb5455c303b60,bdcd96f19329f7683ae3fa792636a0b0e69ed37bccb069cfd42eb5455c303b60,bb13fbb8f0470056e175663d8d6704552d849cade02140c626bd55b0b29da48e,bb13fbb8f0470056e175663d8d6704552d849cade02140c626bd55b0b29da48e
401,grid_0401_n5_south_west_south_middle_h1_gate_t14,50e5c6fcdebcd956721065c2c30a599e4d1e76d2eb20d00b584ef6b16e1f9bb2,bdcd96f19329f7683ae3fa792636a0b0e69ed37bccb069cfd42eb5455c303b60,bdcd96f19329f7683ae3fa792636a0b0e69ed37bccb069cfd42eb5455c303b60,bdcd96f19329f7683ae3fa792636a0b0e69ed37bccb069cfd42eb5455c303b60,bdcd96f19329f7683ae3fa792636a0b0e69ed37bccb069cfd42eb5455c303b60,bb13fbb8f0470056e175663d8d6704552d849cade02140c626bd55b0b29da48e,bb13fbb8f0470056e175663d8d6704552d849cade02140c626bd55b0b29da48e
402,grid_0402_n5_south_west_south_middle_h1_gate_t16,57643428a3f3fccba608b00106a70c968aa777728323e713e4e2984d7d598d96,bdcd96f19329f7683ae3fa792636a0b0e69ed37bccb069cfd42eb5455c303b60,bdcd96f19329f7683ae3fa792636a0b0e69ed37bccb069cfd42eb5455c303b60,bdcd96f19329f7683ae3fa792636a0b0e69ed37bccb069cfd42eb5455c303b60,bdcd96f19329f7683ae3fa792636a0b0e69ed37bccb069cfd42eb5455c303b60,bb13fbb8f0470056e175663d8d6704552d849cade02140c626bd55b0b29da48e,bb13fbb8f0470056e175663d8d6704552d849cade02140c626bd55b0b29da48e
403,grid_0403_n5_south_west_south_middle_h1_gate_t18,b6c90e4ea25e9ccbbf6b6585ad11e5aa8b8a9ab3435a3e3911c752b387f0d230,bdcd96f19329f7683ae3fa792636a0b0e69ed37bccb069cfd42eb5455c303b60,bdcd96f19329f7683ae3fa792636a0b0e69ed37bccb069cfd42eb5455c303b60,bdcd96f19329f7683ae3fa792636a0b0e69ed37bccb069cfd42eb5455c303b60,bdcd96f19329f7683ae3fa792636a0b0e69ed37bccb069cfd42eb5455c303b60,bb13fbb8f0470056e175663d8d6704552d849cade02140c626bd55b0b29da48e,bb13fbb8f0470056e175663d8d6704552d849cade02140c626bd55b0b29da48e
404,grid_0404_n5_south_west_south_middle_h1_staggered_t12,ec5c02e2eb18f4c3aa2235724270c7a489e589bc2f0328093096e053345bbb89,bdcd96f19329f7683ae3fa792636a0b0e69ed37bccb069cfd42eb5455c303b60,bdcd96f19329f7683ae3fa792636a0b0e69ed37bccb069cfd42eb5455c303b60,bdcd96f19329f7683ae3fa792636a0b0e69ed37bccb069cfd42eb5455c303b60,bdcd96f19329f7683ae3fa792636a0b0e69ed37bccb069cfd42eb5455c303b60,bb13fbb8f0470056e175663d8d6704552d849cade02140c626bd55b0b29da48e,bb13fbb8f0470056e175663d8d6704552d849cade02140c626bd55b0b29da48e
405,grid_0405_n5_south_west_south_middle_h1_staggered_t14,662817f8b561cfb5d0c119dd853f185bdf7b583004384acc1c443e1e2c8e2555,bdcd96f19329f7683ae3fa792636a0b0e69ed37bccb069cfd42eb5455c303b60,bdcd96f19329f7683ae3fa792636a0b0e69ed37bccb069cfd42eb5455c303b60,bdcd96f19329f7683ae3fa792636a0b0e69ed37bccb069cfd42eb5455c303b60,bdcd96f19329f7683ae3fa792636a0b0e69ed37bccb069cfd42eb5455c303b60,bb13fbb8f0470056e175663d8d6704552d849cade02140c626bd55b0b29da48e,bb13fbb8f0470056e175663d8d6704552d849cade02140c626bd55b0b29da48e
406,grid_0406_n5_south_west_south_middle_h1_staggered_t16,dfa67f93369806d66df952d3612f0b5d2c6fe6233e59bf3901aa39833c972cb2,bdcd96f19329f7683ae3fa792636a0b0e69ed37bccb069cfd42eb5455c303b60,bdcd96f19329f7683ae3fa792636a0b0e69ed37bccb069cfd42eb5455c303b60,bdcd96f19329f7683ae3fa792636a0b0e69ed37bccb069cfd42eb5455c303b60,bdcd96f19329f7683ae3fa792636a0b0e69ed37bccb069cfd42eb5455c303b60,bb13fbb8f0470056e175663d8d6704552d849cade02140c626bd55b0b29da48e,bb13fbb8f0470056e175663d8d6704552d849cade02140c626bd55b0b29da48e
407,grid_0407_n5_south_west_south_middle_h1_staggered_t18,fb28f408cccd73023d3e195507c6b6b758cbce31d546c6efa77f30d13b7bd7cd,bdcd96f19329f7683ae3fa792636a0b0e69ed37bccb069cfd42eb5455c303b60,bdcd96f19329f7683ae3fa792636a0b0e69ed37bccb069cfd42eb5455c303b60,bdcd96f19329f7683ae3fa792636a0b0e69ed37bccb069cfd42eb5455c303b60,bdcd96f19329f7683ae3fa792636a0b0e69ed37bccb069cfd42eb5455c303b60,bb13fbb8f0470056e175663d8d6704552d849cade02140c626bd55b0b29da48e,bb13fbb8f0470056e175663d8d6704552d849cade02140c626bd55b0b29da48e
408,grid_0408_n5_south_west_south_middle_h2_open_t12,4d0a8659b2524b00a13ce76673018fc8dcf1d5a7fe992589f490db4310e6b306,43415787703ae76dd0ee392533f70be66f3bdc5eb4c8a5157270082cb86f7ad6,43415787703ae76dd0ee392533f70be66f3bdc5eb4c8a5157270082cb86f7ad6,43415787703ae76dd0ee392533f70be66f3bdc5eb4c8a5157270082cb86f7ad6,43415787703ae76dd0ee392533f70be66f3bdc5eb4c8a5157270082cb86f7ad6,de49392d4a7425ca51f4bc8aff36723443c33eb51a9f32e07ba5ba294b827901,de49392d4a7425ca51f4bc8aff36723443c33eb51a9f32e07ba5ba294b827901
409,grid_0409_n5_south_west_south_middle_h2_open_t14,3b5c5d6e3b56f839a40084ef3251d170bdb59de0550735781c2ea197d01a4e24,7eaadcc2ce16703862f8d56e9884bbc25371ef8806536f0c3ffa0f85fdf7ab9a,7eaadcc2ce16703862f8d56e9884bbc25371ef8806536f0c3ffa0f85fdf7ab9a,7eaadcc2ce16703862f8d56e9884bbc25371ef8806536f0c3ffa0f85fdf7ab9a,7eaadcc2ce16703862f8d56e9884bbc25371ef8806536f0c3ffa0f85fdf7ab9a,de49392d4a7425ca51f4bc8aff36723443c33eb51a9f32e07ba5ba294b827901,de49392d4a7425ca51f4bc8aff36723443c33eb51a9f32e07ba5ba294b827901
410,grid_0410_n5_south_west_south_middle_h2_open_t16,746e31555f85398b8b5f06958a2c8ad4c97479979be74900a352fbf996323599,22baa9338838b84cdc0a98e2ebbbbebfc93aa9e69f02da8be32cfea5d26c9707,22baa9338838b84cdc0a98e2ebbbbebfc93aa9e69f02da8be32cfea5d26c9707,22baa9338838b84cdc0a98e2ebbbbebfc93aa9e69f02da8be32cfea5d26c9707,22baa9338838b84cdc0a98e2ebbbbebfc93aa9e69f02da8be32cfea5d26c9707,de49392d4a7425ca51f4bc8aff36723443c33eb51a9f32e07ba5ba294b827901,de49392d4a7425ca51f4bc8aff36723443c33eb51a9f32e07ba5ba294b827901
411,grid_0411_n5_south_west_south_middle_h2_open_t18,71e86f42a68d6f647ff13e84e377e6aa3d093813d4d60ac60ee0e9d18bc72e45,ff46e088975ace9add999fa79614505c4f052a5afe166a38363c36cf58cef4f0,ff46e088975ace9add999fa79614505c4f052a5afe166a38363c36cf58cef4f0,ff46e088975ace9add999fa79614505c4f052a5afe166a38363c36cf58cef4f0,ff46e088975ace9add999fa79614505c4f052a5afe166a38363c36cf58cef4f0,de49392d4a7425ca51f4bc8aff36723443c33eb51a9f32e07ba5ba294b827901,de49392d4a7425ca51f4bc8aff36723443c33eb51a9f32e07ba5ba294b827901
412,grid_0412_n5_south_west_south_middle_h2_gate_t12,bf5f9014a30a07e6f4cf7ca7a328d33e182b67d0e5c46cd642f7fe0b09929642,711f6aa764f945a0195465ee39ada44274d5f2535fc702aef41e6b948311b8f6,711f6aa764f945a0195465ee39ada44274d5f2535fc702aef41e6b948311b8f6,711f6aa764f945a0195465ee39ada44274d5f2535fc702aef41e6b948311b8f6,711f6aa764f945a0195465ee39ada44274d5f2535fc702aef41e6b948311b8f6,de49392d4a7425ca51f4bc8aff36723443c33eb51a9f32e07ba5ba294b827901,de49392d4a7425ca51f4bc8aff36723443c33eb51a9f32e07ba5ba294b827901
413,grid_0413_n5_south_west_south_middle_h2_gate_t14,552b438e9766fae5eed7047a17a00118a6d65c83cf13b7e2d08f3a3bd2d56c52,22a5bd8f7526181df62ffe9d1f25359bac888dc2b412819ae1d3a7b6291de341,22a5bd8f7526181df62ffe9d1f25359bac888dc2b412819ae1d3a7b6291de341,22a5bd8f7526181df62ffe9d1f25359bac888dc2b412819ae1d3a7b6291de341,22a5bd8f7526181df62ffe9d1f25359bac888dc2b412819ae1d3a7b6291de341,de49392d4a7425ca51f4bc8aff36723443c33eb51a9f32e07ba5ba294b827901,de49392d4a7425ca51f4bc8aff36723443c33eb51a9f32e07ba5ba294b827901
414,grid_0414_n5_south_west_south_middle_h2_gate_t16,c097f78dc947887a58984f2a422c3a3d344fbf1dbdcd0f398757d50b5097318e,79da695d4fc7c124ff39bc6ef827bda2f8046f6b082af2d669d26fd0a754906f,79da695d4fc7c124ff39bc6ef827bda2f8046f6b082af2d669d26fd0a754906f,79da695d4fc7c124ff39bc6ef827bda2f8046f6b082af2d669d26fd0a754906f,79da695d4fc7c124ff39bc6ef827bda2f8046f6b082af2d669d26fd0a754906f,de49392d4a7425ca51f4bc8aff36723443c33eb51a9f32e07ba5ba294b827901,de49392d4a7425ca51f4bc8aff36723443c33eb51a9f32e07ba5ba294b827901
415,grid_0415_n5_south_west_south_middle_h2_gate_t18,231427316bdd50746c676204fe1adb4bb20f872639543d1946b3c15b165348a6,33c58b7e4c08336803a99a5c4b3f5c0483ab3092a48ca35cfe0ce2d14e76ca0c,33c58b7e4c08336803a99a5c4b3f5c0483ab3092a48ca35cfe0ce2d14e76ca0c,33c58b7e4c08336803a99a5c4b3f5c0483ab3092a48ca35cfe0ce2d14e76ca0c,33c58b7e4c08336803a99a5c4b3f5c0483ab3092a48ca35cfe0ce2d14e76ca0c,de49392d4a7425ca51f4bc8aff36723443c33eb51a9f32e07ba5ba294b827901,de49392d4a7425ca51f4bc8aff36723443c33eb51a9f32e07ba5ba294b827901
416,grid_0416_n5_south_west_south_middle_h2_staggered_t12,427ca67333345851351afb8e4b3d703d3d13b6918e50269d68f2e02bb5872796,711f6aa764f945a0195465ee39ada44274d5f2535fc702aef41e6b948311b8f6,711f6aa764f945a0195465ee39ada44274d5f2535fc702aef41e6b948311b8f6,711f6aa764f945a0195465ee39ada44274d5f2535fc702aef41e6b948311b8f6,711f6aa764f945a0195465ee39ada44274d5f2535fc702aef41e6b948311b8f6,de49392d4a7425ca51f4bc8aff36723443c33eb51a9f32e07ba5ba294b827901,de49392d4a7425ca51f4bc8aff36723443c33eb51a9f32e07ba5ba294b827901
417,grid_0417_n5_south_west_south_middle_h2_staggered_t14,af2095774c798e96e2e59504bdfca55952d1881a62116e3cd7b3bca347ebbf7b,22a5bd8f7526181df62ffe9d1f25359bac888dc2b412819ae1d3a7b6291de341,22a5bd8f7526181df62ffe9d1f25359bac888dc2b412819ae1d3a7b6291de341,22a5bd8f7526181df62ffe9d1f25359bac888dc2b412819ae1d3a7b6291de341,22a5bd8f7526181df62ffe9d1f25359bac888dc2b412819ae1d3a7b6291de341,de49392d4a7425ca51f4bc8aff36723443c33eb51a9f32e07ba5ba294b827901,de49392d4a7425ca51f4bc8aff36723443c33eb51a9f32e07ba5ba294b827901
418,grid_0418_n5_south_west_south_middle_h2_staggered_t16,6c3973d0485c1cb4fc974021e7956e394732b93cdde05474152dbb9fe02beb03,79da695d4fc7c124ff39bc6ef827bda2f8046f6b082af2d669d26fd0a754906f,79da695d4fc7c124ff39bc6ef827bda2f8046f6b082af2d669d26fd0a754906f,79da695d4fc7c124ff39bc6ef827bda2f8046f6b082af2d669d26fd0a754906f,79da695d4fc7c124ff39bc6ef827bda2f8046f6b082af2d669d26fd0a754906f,de49392d4a7425ca51f4bc8aff36723443c33eb51a9f32e07ba5ba294b827901,de49392d4a7425ca51f4bc8aff36723443c33eb51a9f32e07ba5ba294b827901
419,grid_0419_n5_south_west_south_middle_h2_staggered_t18,70945e20361d96febe939a945c411608371017a54d4d042aa64208e6e05d94f1,514d0d1976ae20b6210db0925fe525870a9a027c9e830e90d6d1fc295d32c56e,514d0d1976ae20b6210db0925fe525870a9a027c9e830e90d6d1fc295d32c56e,514d0d1976ae20b6210db0925fe525870a9a027c9e830e90d6d1fc295d32c56e,514d0d1976ae20b6210db0925fe525870a9a027c9e830e90d6d1fc295d32c56e,de49392d4a7425ca51f4bc8aff36723443c33eb51a9f32e07ba5ba294b827901,de49392d4a7425ca51f4bc8aff36723443c33eb51a9f32e07ba5ba294b827901
420,grid_0420_n5_south_west_south_middle_h3_open_t12,81f62bcebb8e3e224f72d1ca90126631d1b2bb5ec3a932c47d1ce0ad376728f5,cf9a1bb5b52751ec2f09d900a33cab6cd53a01ba3e353473d093bba9b3934d8e,cf9a1bb5b52751ec2f09d900a33cab6cd53a01ba3e353473d093bba9b3934d8e,cf9a1bb5b52751ec2f09d900a33cab6cd53a01ba3e353473d093bba9b3934d8e,cf9a1bb5b52751ec2f09d900a33cab6cd53a01ba3e353473d093bba9b3934d8e,ef4fa4eb100f13dc06fe253f5acd2518392a44f5f61646e7f36c722a1136c93c,ef4fa4eb100f13dc06fe253f5acd2518392a44f5f61646e7f36c722a1136c93c
421,grid_0421_n5_south_west_south_middle_h3_open_t14,5d026791bfcb6bc0bcce1f2fd619ad53281470c06446d02bf7423d039148ab02,8cb9bd868d0472b83837afa5b97850254d9d0105382a1d4ff81d1fb61e0a287f,8cb9bd868d0472b83837afa5b97850254d9d0105382a1d4ff81d1fb61e0a287f,8cb9bd868d0472b83837afa5b97850254d9d0105382a1d4ff81d1fb61e0a287f,8cb9bd868d0472b83837afa5b97850254d9d0105382a1d4ff81d1fb61e0a287f,ef4fa4eb100f13dc06fe253f5acd2518392a44f5f61646e7f36c722a1136c93c,ef4fa4eb100f13dc06fe253f5acd2518392a44f5f61646e7f36c722a1136c93c
422,grid_0422_n5_south_west_south_middle_h3_open_t16,7fa321eb08f9a79511e6b5f9bc398153748f0de3dfa789d134d507f372c8ee30,f365cf84f65efca78bf589daf7941aaf950bae8ad9048d4a62e9ab71ebd753c8,f365cf84f65efca78bf589daf7941aaf950bae8ad9048d4a62e9ab71ebd753c8,f365cf84f65efca78bf589daf7941aaf950bae8ad9048d4a62e9ab71ebd753c8,f365cf84f65efca78bf589daf7941aaf950bae8ad9048d4a62e9ab71ebd753c8,ef4fa4eb100f13dc06fe253f5acd2518392a44f5f61646e7f36c722a1136c93c,ef4fa4eb100f13dc06fe253f5acd2518392a44f5f61646e7f36c722a1136c93c
423,grid_0423_n5_south_west_south_middle_h3_open_t18,4e2ca08c5702d0c2871b8be7fc6f356ef7da6ae2fd3b2e2cd648f170d4f99e2a,9aea9d594e700ba611708bd0bcfcc051966562149e4eb8ddd3a209e03ff4fc58,9aea9d594e700ba611708bd0bcfcc051966562149e4eb8ddd3a209e03ff4fc58,9aea9d594e700ba611708bd0bcfcc051966562149e4eb8ddd3a209e03ff4fc58,9aea9d594e700ba611708bd0bcfcc051966562149e4eb8ddd3a209e03ff4fc58,e4ee5865da00b4a4cd74533f9d7dfd6dab2831a8aa7e6f9747bb1ee599949a17,e4ee5865da00b4a4cd74533f9d7dfd6dab2831a8aa7e6f9747bb1ee599949a17
424,grid_0424_n5_south_west_south_middle_h3_gate_t12,0fc8141e3569546e063ecce6557675efabb5b09c3ba1f1839229a1eb3b34570b,b1324f5fd0c42d1e7b656bf87aaac256244e03931a6cef3ad1465e7f989a4cd5,b1324f5fd0c42d1e7b656bf87aaac256244e03931a6cef3ad1465e7f989a4cd5,b1324f5fd0c42d1e7b656bf87aaac256244e03931a6cef3ad1465e7f989a4cd5,b1324f5fd0c42d1e7b656bf87aaac256244e03931a6cef3ad1465e7f989a4cd5,ef4fa4eb100f13dc06fe253f5acd2518392a44f5f61646e7f36c722a1136c93c,ef4fa4eb100f13dc06fe253f5acd2518392a44f5f61646e7f36c722a1136c93c
425,grid_0425_n5_south_west_south_middle_h3_gate_t14,01abd54c1d8a77b4784f010613f66b1e6ae8c25901f151c39648b8e6dc6d42ca,7ff98b7a421c20d20282c84f0666ec6d45bb8181a6a1560014f01ca69cbab8d1,7ff98b7a421c20d20282c84f0666ec6d45bb8181a6a1560014f01ca69cbab8d1,7ff98b7a421c20d20282c84f0666ec6d45bb8181a6a1560014f01ca69cbab8d1,7ff98b7a421c20d20282c84f0666ec6d45bb8181a6a1560014f01ca69cbab8d1,6cdb0fb5628ef161c3b4ac020c249a681badae559b827f1ce070c684f7a2b943,6cdb0fb5628ef161c3b4ac020c249a681badae559b827f1ce070c684f7a2b943
426,grid_0426_n5_south_west_south_middle_h3_gate_t16,da7025bb5d876492ca76d5d9c02563aad3ff6ae75b943afe3e4e978fd4b8f8ba,16adad09e8f27aa86540249803b358ae1797f005530210076df5de1fd1f0b7a9,16adad09e8f27aa86540249803b358ae1797f005530210076df5de1fd1f0b7a9,16adad09e8f27aa86540249803b358ae1797f005530210076df5de1fd1f0b7a9,16adad09e8f27aa86540249803b358ae1797f005530210076df5de1fd1f0b7a9,6cdb0fb5628ef161c3b4ac020c249a681badae559b827f1ce070c684f7a2b943,6cdb0fb5628ef161c3b4ac020c249a681badae559b827f1ce070c684f7a2b943
427,grid_0427_n5_south_west_south_middle_h3_gate_t18,311cf8fc9437b0a0500809c43560ce6591c13e9ccbf3e4528f950003403a11c4,098e36f06aef16ba0fb5e46ceb79e9f913ba86c943ba680b14c573624db3d83e,098e36f06aef16ba0fb5e46ceb79e9f913ba86c943ba680b14c573624db3d83e,098e36f06aef16ba0fb5e46ceb79e9f913ba86c943ba680b14c573624db3d83e,098e36f06aef16ba0fb5e46ceb79e9f913ba86c943ba680b14c573624db3d83e,abe5dff8c11e96d47b9fb9f2157e5c5b35d762789cb6c6d15b11c4f0c72b1494,abe5dff8c11e96d47b9fb9f2157e5c5b35d762789cb6c6d15b11c4f0c72b1494
428,grid_0428_n5_south_west_south_middle_h3_staggered_t12,8a5d60505f3aed1231da0f8708465d3e8b5495dc609fcf4685c446485e589551,b1324f5fd0c42d1e7b656bf87aaac256244e03931a6cef3ad1465e7f989a4cd5,b1324f5fd0c42d1e7b656bf87aaac256244e03931a6cef3ad1465e7f989a4cd5,b1324f5fd0c42d1e7b656bf87aaac256244e03931a6cef3ad1465e7f989a4cd5,b1324f5fd0c42d1e7b656bf87aaac256244e03931a6cef3ad1465e7f989a4cd5,ef4fa4eb100f13dc06fe253f5acd2518392a44f5f61646e7f36c722a1136c93c,ef4fa4eb100f13dc06fe253f5acd2518392a44f5f61646e7f36c722a1136c93c
429,grid_0429_n5_south_west_south_middle_h3_staggered_t14,1098c61e1bc04fba774bc632040c71bc637d5fd043ec7141b11649593cd2f9bc,7ff98b7a421c20d20282c84f0666ec6d45bb8181a6a1560014f01ca69cbab8d1,7ff98b7a421c20d20282c84f0666ec6d45bb8181a6a1560014f01ca69cbab8d1,7ff98b7a421c20d20282c84f0666ec6d45bb8181a6a1560014f01ca69cbab8d1,7ff98b7a421c20d20282c84f0666ec6d45bb8181a6a1560014f01ca69cbab8d1,6cdb0fb5628ef161c3b4ac020c249a681badae559b827f1ce070c684f7a2b943,6cdb0fb5628ef161c3b4ac020c249a681badae559b827f1ce070c684f7a2b943
430,grid_0430_n5_south_west_south_middle_h3_staggered_t16,f1db59ae72dc08464d5bdcc7f68c46e00b8c1e87ed3cebbdc10e2c5da341b71b,16adad09e8f27aa86540249803b358ae1797f005530210076df5de1fd1f0b7a9,16adad09e8f27aa86540249803b358ae1797f005530210076df5de1fd1f0b7a9,16adad09e8f27aa86540249803b358ae1797f005530210076df5de1fd1f0b7a9,16adad09e8f27aa86540249803b358ae1797f005530210076df5de1fd1f0b7a9,6cdb0fb5628ef161c3b4ac020c249a681badae559b827f1ce070c684f7a2b943,6cdb0fb5628ef161c3b4ac020c249a681badae559b827f1ce070c684f7a2b943
431,grid_0431_n5_south_west_south_middle_h3_staggered_t18,bb83d36f5050d152c4563973d688a3b3e58e0ed53ff620b14becbc95099bf40a,098e36f06aef16ba0fb5e46ceb79e9f913ba86c943ba680b14c573624db3d83e,098e36f06aef16ba0fb5e46ceb79e9f913ba86c943ba680b14c573624db3d83e,098e36f06aef16ba0fb5e46ceb79e9f913ba86c943ba680b14c573624db3d83e,098e36f06aef16ba0fb5e46ceb79e9f913ba86c943ba680b14c573624db3d83e,abe5dff8c11e96d47b9fb9f2157e5c5b35d762789cb6c6d15b11c4f0c72b1494,abe5dff8c11e96d47b9fb9f2157e5c5b35d762789cb6c6d15b11c4f0c72b1494
432,grid_0432_n6_north_west_south_east_h0_open_t12,b97dbee237544ac508cbbc4732a9968c1be5f10d869f71aef7621cc33926b47a,4b6930168789b20dbe15b4e31ce9b48d92982f90fd5b5751a9507093f35a65ed,4b6930168789b20dbe15b4e31ce9b48d92982f90fd5b5751a9507093f35a65ed,4b6930168789b20dbe15b4e31ce9b48d92982f90fd5b5751a9507093f35a65ed,4b6930168789b20dbe15b4e31ce9b48d92982f90fd5b5751a9507093f35a65ed,4b329581bd90a739dd5d14c4daafe02b1d30c7ed924ee9d0fe55e4d1c400923a,4b329581bd90a739dd5d14c4daafe02b1d30c7ed924ee9d0fe55e4d1c400923a
433,grid_0433_n6_north_west_south_east_h0_open_t14,5e57412def176a7b5787c5b372327e57b8bb6785c65e9510f4fc968fbd8a68b3,7a2ba6d55fb66fbbb1af80537fbf9723152e4c253d1cd78f97020e79ce4668c1,7a2ba6d55fb66fbbb1af80537fbf9723152e4c253d1cd78f97020e79ce4668c1,7a2ba6d55fb66fbbb1af80537fbf9723152e4c253d1cd78f97020e79ce4668c1,7a2ba6d55fb66fbbb1af80537fbf9723152e4c253d1cd78f97020e79ce4668c1,4b329581bd90a739dd5d14c4daafe02b1d30c7ed924ee9d0fe55e4d1c400923a,4b329581bd90a739dd5d14c4daafe02b1d30c7ed924ee9d0fe55e4d1c400923a
434,grid_0434_n6_north_west_south_east_h0_open_t16,da2a27a15995eda39dfa75e064936be60ea7cf5247be26356207facfdfc00f7b,2e688b4841102267eb32f911f1086af4cbb80780e3881ddd67ceef927b69cb5a,2e688b4841102267eb32f911f1086af4cbb80780e3881ddd67ceef927b69cb5a,2e688b4841102267eb32f911f1086af4cbb80780e3881ddd67ceef927b69cb5a,2e688b4841102267eb32f911f1086af4cbb80780e3881ddd67ceef927b69cb5a,4b329581bd90a739dd5d14c4daafe02b1d30c7ed924ee9d0fe55e4d1c400923a,4b329581bd90a739dd5d14c4daafe02b1d30c7ed924ee9d0fe55e4d1c400923a
435,grid_0435_n6_north_west_south_east_h0_open_t18,2eca57ca932ab5dc55ec70648dd96eccf74ccc4ff255de82fa1067fbd1cb34ed,ba32b4e246e95bb977c506ab888df0b970e5a16484fbe4da1857c35cad04a110,ba32b4e246e95bb977c506ab888df0b970e5a16484fbe4da1857c35cad04a110,ba32b4e246e95bb977c506ab888df0b970e5a16484fbe4da1857c35cad04a110,ba32b4e246e95bb977c506ab888df0b970e5a16484fbe4da1857c35cad04a110,4b329581bd90a739dd5d14c4daafe02b1d30c7ed924ee9d0fe55e4d1c400923a,4b329581bd90a739dd5d14c4daafe02b1d30c7ed924ee9d0fe55e4d1c400923a
436,grid_0436_n6_north_west_south_east_h0_gate_t12,7c4855b09f650d457e5cbb4f0b688faed9a7bb26d25fbab92b3d3c32435947a3,,,,,,
437,grid_0437_n6_north_west_south_east_h0_gate_t14,da6588da14e5bfc3e81b49713d6d09cd9e3bb9e0d2f2f97f7e924aefb5c1d88e,2129f688c66124c37706ad2b22f90e0c0ec09c77dc88b07f73fa013b2651f9b1,2129f688c66124c37706ad2b22f90e0c0ec09c77dc88b07f73fa013b2651f9b1,2129f688c66124c37706ad2b22f90e0c0ec09c77dc88b07f73fa013b2651f9b1,2129f688c66124c37706ad2b22f90e0c0ec09c77dc88b07f73fa013b2651f9b1,4b329581bd90a739dd5d14c4daafe02b1d30c7ed924ee9d0fe55e4d1c400923a,4b329581bd90a739dd5d14c4daafe02b1d30c7ed924ee9d0fe55e4d1c400923a
438,grid_0438_n6_north_west_south_east_h0_gate_t16,34c3c97971f0203c0be7abe3697e2fecc8d375e233b7cc194d9a31c4665212e8,552685854aeb71693728b1c4dd69b1b59d1de9a7ff3166575edcc492d189d364,552685854aeb71693728b1c4dd69b1b59d1de9a7ff3166575edcc492d189d364,552685854aeb71693728b1c4dd69b1b59d1de9a7ff3166575edcc492d189d364,552685854aeb71693728b1c4dd69b1b59d1de9a7ff3166575edcc492d189d364,4b329581bd90a739dd5d14c4daafe02b1d30c7ed924ee9d0fe55e4d1c400923a,4b329581bd90a739dd5d14c4daafe02b1d30c7ed924ee9d0fe55e4d1c400923a
439,grid_0439_n6_north_west_south_east_h0_gate_t18,ed07affe23b946c1e8f15b4b44de881a1979852975a5d5f536ee2b57d52f28ef,3c27c50ceefde032cd4053b84d6193a5a528531c3029e4b35c50f41f0da9db9f,3c27c50ceefde032cd4053b84d6193a5a528531c3029e4b35c50f41f0da9db9f,3c27c50ceefde032cd4053b84d6193a5a528531c3029e4b35c50f41f0da9db9f,3c27c50ceefde032cd4053b84d6193a5a528531c3029e4b35c50f41f0da9db9f,4b329581bd90a739dd5d14c4daafe02b1d30c7ed924ee9d0fe55e4d1c400923a,4b329581bd90a739dd5d14c4daafe02b1d30c7ed924ee9d0fe55e4d1c400923a
440,grid_0440_n6_north_west_south_east_h0_staggered_t12,1a9d404106a121293726da41c55227800d81ab5fe1a45d92f8ce889613de1f0e,851e53599288f1dfdc2ea80908bac9e326c3f2d602f659b27560d4a7835b0a9d,851e53599288f1dfdc2ea80908bac9e326c3f2d602f659b27560d4a7835b0a9d,851e53599288f1dfdc2ea80908bac9e326c3f2d602f659b27560d4a7835b0a9d,851e53599288f1dfdc2ea80908bac9e326c3f2d602f659b27560d4a7835b0a9d,4b329581bd90a739dd5d14c4daafe02b1d30c7ed924ee9d0fe55e4d1c400923a,4b329581bd90a739dd5d14c4daafe02b1d30c7ed924ee9d0fe55e4d1c400923a
441,grid_0441_n6_north_west_south_east_h0_staggered_t14,0211a6472eb3771c2bae9273451d041e91b35a8cb9d8102071fd84e863d3ea78,1b4718fe7f6de3ed422358f1d5388292263d2b4aab5f92c9b8a73c06422bd6bf,1b4718fe7f6de3ed422358f1d5388292263d2b4aab5f92c9b8a73c06422bd6bf,1b4718fe7f6de3ed422358f1d5388292263d2b4aab5f92c9b8a73c06422bd6bf,1b4718fe7f6de3ed422358f1d5388292263d2b4aab5f92c9b8a73c06422bd6bf,4b329581bd90a739dd5d14c4daafe02b1d30c7ed924ee9d0fe55e4d1c400923a,4b329581bd90a739dd5d14c4daafe02b1d30c7ed924ee9d0fe55e4d1c400923a
442,grid_0442_n6_north_west_south_east_h0_staggered_t16,e50f7815eab11d203c989366d6860c138e495e2aca60eceedbf29c056ff6d758,6434bd3661e2eaf1f6e36b0c525b076d74f0f010bc1764e8748c2a20b8844e24,6434bd3661e2eaf1f6e36b0c525b076d74f0f010bc1764e8748c2a20b8844e24,6434bd3661e2eaf1f6e36b0c525b076d74f0f010bc1764e8748c2a20b8844e24,6434bd3661e2eaf1f6e36b0c525b076d74f0f010bc1764e8748c2a20b8844e24,4b329581bd90a739dd5d14c4daafe02b1d30c7ed924ee9d0fe55e4d1c400923a,4b329581bd90a739dd5d14c4daafe02b1d30c7ed924ee9d0fe55e4d1c400923a
443,grid_0443_n6_north_west_south_east_h0_staggered_t18,bea5466e62b1e0709f11c9415575141bcedf4239df5d49fd963e18d62b3b4a2d,a89b380b7f7946682ce401a8fd83f2e03a942a2657235e27671e4a32ca331b77,a89b380b7f7946682ce401a8fd83f2e03a942a2657235e27671e4a32ca331b77,a89b380b7f7946682ce401a8fd83f2e03a942a2657235e27671e4a32ca331b77,a89b380b7f7946682ce401a8fd83f2e03a942a2657235e27671e4a32ca331b77,4b329581bd90a739dd5d14c4daafe02b1d30c7ed924ee9d0fe55e4d1c400923a,4b329581bd90a739dd5d14c4daafe02b1d30c7ed924ee9d0fe55e4d1c400923a
444,grid_0444_n6_north_west_south_east_h1_open_t12,fe00057478cffb798b42fdde5a2a7cc7e56c5413293291b9279865394fd423ab,4643b799bc80e9804a7ae005ccff0fc6709d8a055e7944e7557a1107ea0f7cea,4643b799bc80e9804a7ae005ccff0fc6709d8a055e7944e7557a1107ea0f7cea,4643b799bc80e9804a7ae005ccff0fc6709d8a055e7944e7557a1107ea0f7cea,4643b799bc80e9804a7ae005ccff0fc6709d8a055e7944e7557a1107ea0f7cea,257c13805a1eb057217883bb483e05b5a2e818e4cbdef2513928b352ab2085bc,257c13805a1eb057217883bb483e05b5a2e818e4cbdef2513928b352ab2085bc
445,grid_0445_n6_north_west_south_east_h1_open_t14,bec3334456dc847b5b19bb056412fbb67bbe53d03308882d44ad21ecb36c6972,4d18f0a3172bfa6504d1c3aebc883895d03102935250642f0e90d24eca2a0341,4d18f0a3172bfa6504d1c3aebc883895d03102935250642f0e90d24eca2a0341,4d18f0a3172bfa6504d1c3aebc883895d03102935250642f0e90d24eca2a0341,4d18f0a3172bfa6504d1c3aebc883895d03102935250642f0e90d24eca2a0341,257c13805a1eb057217883bb483e05b5a2e818e4cbdef2513928b352ab2085bc,257c13805a1eb057217883bb483e05b5a2e818e4cbdef2513928b352ab2085bc
446,grid_0446_n6_north_west_south_east_h1_open_t16,c11b72a44cb0a16839410469be97b7dae99242cdccfd082973c0506f01d82942,6220f429c0ad02aaac6450fbeb3eea5215dd25e6a9d7b3403828089a71c4c41e,6220f429c0ad02aaac6450fbeb3eea5215dd25e6a9d7b3403828089a71c4c41e,6220f429c0ad02aaac6450fbeb3eea5215dd25e6a9d7b3403828089a71c4c41e,6220f429c0ad02aaac6450fbeb3eea5215dd25e6a9d7b3403828089a71c4c41e,257c13805a1eb057217883bb483e05b5a2e818e4cbdef2513928b352ab2085bc,257c13805a1eb057217883bb483e05b5a2e818e4cbdef2513928b352ab2085bc
447,grid_0447_n6_north_west_south_east_h1_open_t18,efa03255f9a68c44b4eed9a586e4734bcd6b3504bcab56b590361458545c76e2,7d0d9cb8b50dc19cc80729326c7956579784724d42117b7e8451a7c857a0b8cb,7d0d9cb8b50dc19cc80729326c7956579784724d42117b7e8451a7c857a0b8cb,7d0d9cb8b50dc19cc80729326c7956579784724d42117b7e8451a7c857a0b8cb,7d0d9cb8b50dc19cc80729326c7956579784724d42117b7e8451a7c857a0b8cb,257c13805a1eb057217883bb483e05b5a2e818e4cbdef2513928b352ab2085bc,257c13805a1eb057217883bb483e05b5a2e818e4cbdef2513928b352ab2085bc
448,grid_0448_n6_north_west_south_east_h1_gate_t12,f379e57209817a1b73f3c8fa741e3363bc75354a2e912961b8252d68ab50513d,,,,,,
449,grid_0449_n6_north_west_south_east_h1_gate_t14,b6b57ddac2df5f7ffbbf8f2844e25641a05609a9149651e4fa9395acb8a3d12e,2f7b56691b574e3b4779d18d42894365e9a899d64fc1e2eb68b3b036480447ff,2f7b56691b574e3b4779d18d42894365e9a899d64fc1e2eb68b3b036480447ff,2f7b56691b574e3b4779d18d42894365e9a899d64fc1e2eb68b3b036480447ff,2f7b56691b574e3b4779d18d42894365e9a899d64fc1e2eb68b3b036480447ff,0dc58cb7edcc5563213f11f22d4d42cabf67fd526c193a155e0e2128bfdc2709,0dc58cb7edcc5563213f11f22d4d42cabf67fd526c193a155e0e2128bfdc2709
450,grid_0450_n6_north_west_south_east_h1_gate_t16,bf4e4c965889ad4c6d4aa108ad73da824f87f01a79ae9548f65ef0a138ba56ab,679a6b1343ea13e32c647a87c3a1ad5804c34e6a39a8cd81ad806d1ccbc8619b,679a6b1343ea13e32c647a87c3a1ad5804c34e6a39a8cd81ad806d1ccbc8619b,679a6b1343ea13e32c647a87c3a1ad5804c34e6a39a8cd81ad806d1ccbc8619b,679a6b1343ea13e32c647a87c3a1ad5804c34e6a39a8cd81ad806d1ccbc8619b,0dc58cb7edcc5563213f11f22d4d42cabf67fd526c193a155e0e2128bfdc2709,0dc58cb7edcc5563213f11f22d4d42cabf67fd526c193a155e0e2128bfdc2709
451,grid_0451_n6_north_west_south_east_h1_gate_t18,507ba8f7de7dc9519adda5f46a2c979af9145120f41a9036ec139c067d35900b,9f21af8313152956e0ffe1811fb8c70e559deeae74a1a00177a1e50d4e9a03a1,9f21af8313152956e0ffe1811fb8c70e559deeae74a1a00177a1e50d4e9a03a1,9f21af8313152956e0ffe1811fb8c70e559deeae74a1a00177a1e50d4e9a03a1,9f21af8313152956e0ffe1811fb8c70e559deeae74a1a00177a1e50d4e9a03a1,0dc58cb7edcc5563213f11f22d4d42cabf67fd526c193a155e0e2128bfdc2709,0dc58cb7edcc5563213f11f22d4d42cabf67fd526c193a155e0e2128bfdc2709
452,grid_0452_n6_north_west_south_east_h1_staggered_t12,642e003118210187426dccbabe3a32de79e9f9460dd5977fc71e2411c27f0ded,f438bf649eacd5cd9fc187d8cdfec6dad20d494eb27f3507ec3eafc829d4f13c,f438bf649eacd5cd9fc187d8cdfec6dad20d494eb27f3507ec3eafc829d4f13c,f438bf649eacd5cd9fc187d8cdfec6dad20d494eb27f3507ec3eafc829d4f13c,f438bf649eacd5cd9fc187d8cdfec6dad20d494eb27f3507ec3eafc829d4f13c,257c13805a1eb057217883bb483e05b5a2e818e4cbdef2513928b352ab2085bc,257c13805a1eb057217883bb483e05b5a2e818e4cbdef2513928b352ab2085bc
453,grid_0453_n6_north_west_south_east_h1_staggered_t14,6fef2ca39481eb29a1ea6b60aa26e363fa112f9ea283ca6072aea713ac1b65fc,217d8fc35fa13bb8bee95ae399b037c79f38297f638d23d5d4bc0dfa30c2a1f4,217d8fc35fa13bb8bee95ae399b037c79f38297f638d23d5d4bc0dfa30c2a1f4,217d8fc35fa13bb8bee95ae399b037c79f38297f638d23d5d4bc0dfa30c2a1f4,217d8fc35fa13bb8bee95ae399b037c79f38297f638d23d5d4bc0dfa30c2a1f4,257c13805a1eb057217883bb483e05b5a2e818e4cbdef2513928b352ab2085bc,257c13805a1eb057217883bb483e05b5a2e818e4cbdef2513928b352ab2085bc
454,grid_0454_n6_north_west_south_east_h1_staggered_t16,6d7de5cb6c83fdec64bbe627071254c5b4aeb027141bd01060908166b04e5e91,1907dcc71af6a6e059b26d0526f80329148f19736e12037471219d425f43aec1,1907dcc71af6a6e059b26d0526f80329148f19736e12037471219d425f43aec1,1907dcc71af6a6e059b26d0526f80329148f19736e12037471219d425f43aec1,1907dcc71af6a6e059b26d0526f80329148f19736e12037471219d425f43aec1,257c13805a1eb057217883bb483e05b5a2e818e4cbdef2513928b352ab2085bc,257c13805a1eb057217883bb483e05b5a2e818e4cbdef2513928b352ab2085bc
455,grid_0455_n6_north_west_south_east_h1_staggered_t18,2fa405bf46f099f9177495c34060ac43d7304bc55864843db37b040ed9f95de5,47c2d5a008434bdea544495e639b7a290f35e012b7713a3200a59cb5be589ac4,47c2d5a008434bdea544495e639b7a290f35e012b7713a3200a59cb5be589ac4,47c2d5a008434bdea544495e639b7a290f35e012b7713a3200a59cb5be589ac4,47c2d5a008434bdea544495e639b7a290f35e012b7713a3200a59cb5be589ac4,257c13805a1eb057217883bb483e05b5a2e818e4cbdef2513928b352ab2085bc,257c13805a1eb057217883bb483e05b5a2e818e4cbdef2513928b352ab2085bc
456,grid_0456_n6_north_west_south_east_h2_open_t12,9e4094f36b7a992030bd8bba97b81af31c3115c2727f844a3546fd1952ac3237,e437187a7109b314811826c49751574303e5a22c69084ed7c128101675bc0b68,e437187a7109b314811826c49751574303e5a22c69084ed7c128101675bc0b68,e437187a7109b314811826c49751574303e5a22c69084ed7c128101675bc0b68,e437187a7109b314811826c49751574303e5a22c69084ed7c128101675bc0b68,62155e695d2dc75b8e89b55da694af90ead199e399dfefe762166d56233eebd9,62155e695d2dc75b8e89b55da694af90ead199e399dfefe762166d56233eebd9
457,grid_0457_n6_north_west_south_east_h2_open_t14,f3a1492ea107eb6754f7fcf5e26d7000aca200600eb48ef2ba6bac7840fb0388,cb19b93dcf48f69c7950704b204fd4c42c6d5ebfe4c49a0f184184e068c2a06c,cb19b93dcf48f69c7950704b204fd4c42c6d5ebfe4c49a0f184184e068c2a06c,cb19b93dcf48f69c7950704b204fd4c42c6d5ebfe4c49a0f184184e068c2a06c,cb19b93dcf48f69c7950704b204fd4c42c6d5ebfe4c49a0f184184e068c2a06c,62155e695d2dc75b8e89b55da694af90ead199e399dfefe762166d56233eebd9,62155e695d2dc75b8e89b55da694af90ead199e399dfefe762166d56233eebd9
458,grid_0458_n6_north_west_south_east_h2_open_t16,6269e9d10249b43884697fa52a7a948b8ac26bbb2bfd7d4e33ecf9609153348d,71c90dda505e064b6c0d2cbbc5ad11fd55dd3ef6bdde8d4fda27ae95ee031ca5,71c90dda505e064b6c0d2cbbc5ad11fd55dd3ef6bdde8d4fda27ae95ee031ca5,71c90dda505e064b6c0d2cbbc5ad11fd55dd3ef6bdde8d4fda27ae95ee031ca5,71c90dda505e064b6c0d2cbbc5ad11fd55dd3ef6bdde8d4fda27ae95ee031ca5,62155e695d2dc75b8e89b55da694af90ead199e399dfefe762166d56233eebd9,62155e695d2dc75b8e89b55da694af90ead199e399dfefe762166d56233eebd9
459,grid_0459_n6_north_west_south_east_h2_open_t18,7391b41dd88f6d7673e9a0041220fd368362787b3a3e9f85143ef2ba18072c2e,73117018f7f77c840899769df057ae5c4e049992c720995d0c34287ebacfaac3,73117018f7f77c840899769df057ae5c4e049992c720995d0c34287ebacfaac3,73117018f7f77c840899769df057ae5c4e049992c720995d0c34287ebacfaac3,73117018f7f77c840899769df057ae5c4e049992c720995d0c34287ebacfaac3,62155e695d2dc75b8e89b55da694af90ead199e399dfefe762166d56233eebd9,62155e695d2dc75b8e89b55da694af90ead199e399dfefe762166d56233eebd9
460,grid_0460_n6_north_west_south_east_h2_gate_t12,a5a9c20b04c59cc3bc7f865470228bed0e13bba94a4030790bf436b45d52ab65,807ac0d84055d30c07485619b1962bd689ed897cef73734ce1c3831783db02af,807ac0d84055d30c07485619b1962bd689ed897cef73734ce1c3831783db02af,807ac0d84055d30c07485619b1962bd689ed897cef73734ce1c3831783db02af,807ac0d84055d30c07485619b1962bd689ed897cef73734ce1c3831783db02af,62155e695d2dc75b8e89b55da694af90ead199e399dfefe762166d56233eebd9,62155e695d2dc75b8e89b55da694af90ead199e399dfefe762166d56233eebd9
461,grid_0461_n6_north_west_south_east_h2_gate_t14,abcf67efcb98d33c2c3f31c0173e590e12f39add7a773d157de9845be908610f,ecc1d157692a786e6f808fa8a6309e1ac3b94575ada9581266f930e74f18ab81,ecc1d157692a786e6f808fa8a6309e1ac3b94575ada9581266f930e74f18ab81,ecc1d157692a786e6f808fa8a6309e1ac3b94575ada9581266f930e74f18ab81,ecc1d157692a786e6f808fa8a6309e1ac3b94575ada9581266f930e74f18ab81,62155e695d2dc75b8e89b55da694af90ead199e399dfefe762166d56233eebd9,62155e695d2dc75b8e89b55da694af90ead199e399dfefe762166d56233eebd9
462,grid_0462_n6_north_west_south_east_h2_gate_t16,b781120ffb03296698544c54271be6358ea0bdc6ecce5fc72ee892a4548a8048,def2ae1ef1bc5fa019a41d570eb3d2f569ba09d0a7f8ad753724246173f2d222,def2ae1ef1bc5fa019a41d570eb3d2f569ba09d0a7f8ad753724246173f2d222,def2ae1ef1bc5fa019a41d570eb3d2f569ba09d0a7f8ad753724246173f2d222,def2ae1ef1bc5fa019a41d570eb3d2f569ba09d0a7f8ad753724246173f2d222,62155e695d2dc75b8e89b55da694af90ead199e399dfefe762166d56233eebd9,62155e695d2dc75b8e89b55da694af90ead199e399dfefe762166d56233eebd9
463,grid_0463_n6_north_west_south_east_h2_gate_t18,f412cf1db258746b73fa97e829577bb0a0dc125fa4b47fddf4cfd74f45821778,66eeb4a071b33d429f6c7d1d67d33b599e34a3bc104668cb46436879d796e57d,66eeb4a071b33d429f6c7d1d67d33b599e34a3bc104668cb46436879d796e57d,66eeb4a071b33d429f6c7d1d67d33b599e34a3bc104668cb46436879d796e57d,66eeb4a071b33d429f6c7d1d67d33b599e34a3bc104668cb46436879d796e57d,62155e695d2dc75b8e89b55da694af90ead199e399dfefe762166d56233eebd9,62155e695d2dc75b8e89b55da694af90ead199e399dfefe762166d56233eebd9
464,grid_0464_n6_north_west_south_east_h2_staggered_t12,f8353805aa749270488c3443a123d69cec992f3c1f3538ec821ca1da73e19001,d34f1ef2672b642a0029b700bc3a657fcd7cb1b64cb73e5e30f8a24efa4c2d8b,d34f1ef2672b642a0029b700bc3a657fcd7cb1b64cb73e5e30f8a24efa4c2d8b,d34f1ef2672b642a0029b700bc3a657fcd7cb1b64cb73e5e30f8a24efa4c2d8b,d34f1ef2672b642a0029b700bc3a657fcd7cb1b64cb73e5e30f8a24efa4c2d8b,62155e695d2dc75b8e89b55da694af90ead199e399dfefe762166d56233eebd9,62155e695d2dc75b8e89b55da694af90ead199e399dfefe762166d56233eebd9
465,grid_0465_n6_north_west_south_east_h2_staggered_t14,5d76607292328d2ba9b3c7eed7db279d2e54ed6ad1dd574c1f84bd6ddc424d50,34668ec04b1117743af257b030fed7f197f0118381ec5612ed043bf4edffee3e,34668ec04b1117743af257b030fed7f197f0118381ec5612ed043bf4edffee3e,34668ec04b1117743af257b030fed7f197f0118381ec5612ed043bf4edffee3e,34668ec04b1117743af257b030fed7f197f0118381ec5612ed043bf4edffee3e,62155e695d2dc75b8e89b55da694af90ead199e399dfefe762166d56233eebd9,62155e695d2dc75b8e89b55da694af90ead199e399dfefe762166d56233eebd9
466,grid_0466_n6_north_west_south_east_h2_staggered_t16,4f9c5a75cd4ee9c9c16c684496f2ba12d0734943c3d1fd78519a5ef1bbbac2cd,b4f87027f027b7f1c93cf9a7d19b96469b444f795e1c57b7fb2818f6a9c60b09,b4f87027f027b7f1c93cf9a7d19b96469b444f795e1c57b7fb2818f6a9c60b09,b4f87027f027b7f1c93cf9a7d19b96469b444f795e1c57b7fb2818f6a9c60b09,b4f87027f027b7f1c93cf9a7d19b96469b444f795e1c57b7fb2818f6a9c60b09,62155e695d2dc75b8e89b55da694af90ead199e399dfefe762166d56233eebd9,62155e695d2dc75b8e89b55da694af90ead199e399dfefe762166d56233eebd9
467,grid_0467_n6_north_west_south_east_h2_staggered_t18,8c70d336198eaad0a7a76926c8f0714035c61f5698be32b7bbf95f86b9b53274,dc6d83a7e986957411c2d0c8e72409c3af49472d8781bdd4676a8a243ba4ae4a,dc6d83a7e986957411c2d0c8e72409c3af49472d8781bdd4676a8a243ba4ae4a,dc6d83a7e986957411c2d0c8e72409c3af49472d8781bdd4676a8a243ba4ae4a,dc6d83a7e986957411c2d0c8e72409c3af49472d8781bdd4676a8a243ba4ae4a,62155e695d2dc75b8e89b55da694af90ead199e399dfefe762166d56233eebd9,62155e695d2dc75b8e89b55da694af90ead199e399dfefe762166d56233eebd9
468,grid_0468_n6_north_west_south_east_h3_open_t12,51c8b177503fbaa410a8aed436573bbba1c43d81dadc09fa6d2bc259a33d7915,1be5d9dc5c2a2704f594cdb7b5193518db048804b32ca953395586f5cc9364f1,1be5d9dc5c2a2704f594cdb7b5193518db048804b32ca953395586f5cc9364f1,1be5d9dc5c2a2704f594cdb7b5193518db048804b32ca953395586f5cc9364f1,1be5d9dc5c2a2704f594cdb7b5193518db048804b32ca953395586f5cc9364f1,4b329581bd90a739dd5d14c4daafe02b1d30c7ed924ee9d0fe55e4d1c400923a,4b329581bd90a739dd5d14c4daafe02b1d30c7ed924ee9d0fe55e4d1c400923a
469,grid_0469_n6_north_west_south_east_h3_open_t14,4ab8734cdcd1a90a7c9746879147e1149cfaea47a15d77f224e4a948e6466366,b755337f7217f45c2bfaec9bd37d1150bb0cd1f0053e55a5f31ca48fc9c4928f,b755337f7217f45c2bfaec9bd37d1150bb0cd1f0053e55a5f31ca48fc9c4928f,b755337f7217f45c2bfaec9bd37d1150bb0cd1f0053e55a5f31ca48fc9c4928f,b755337f7217f45c2bfaec9bd37d1150bb0cd1f0053e55a5f31ca48fc9c4928f,4b329581bd90a739dd5d14c4daafe02b1d30c7ed924ee9d0fe55e4d1c400923a,4b329581bd90a739dd5d14c4daafe02b1d30c7ed924ee9d0fe55e4d1c400923a
470,grid_0470_n6_north_west_south_east_h3_open_t16,9624928d3f77b56c10a24078a44706b1745a398b4037626a4136ad5a21939292,0d56e934ab726a73b25cad59200aab95cd8ad17da61a4a6b803a253451386e77,0d56e934ab726a73b25cad59200aab95cd8ad17da61a4a6b803a253451386e77,0d56e934ab726a73b25cad59200aab95cd8ad17da61a4a6b803a253451386e77,0d56e934ab726a73b25cad59200aab95cd8ad17da61a4a6b803a253451386e77,4b329581bd90a739dd5d14c4daafe02b1d30c7ed924ee9d0fe55e4d1c400923a,4b329581bd90a739dd5d14c4daafe02b1d30c7ed924ee9d0fe55e4d1c400923a
471,grid_0471_n6_north_west_south_east_h3_open_t18,e4973e13646f382ba3b1c23df6bc5bf55e7d38e869e9c5bbbd1435334c054bee,6fb2978956aacddd7c37881febca11417a9a3b5a0bd0c77271987443fc883a63,6fb2978956aacddd7c37881febca11417a9a3b5a0bd0c77271987443fc883a63,6fb2978956aacddd7c37881febca11417a9a3b5a0bd0c77271987443fc883a63,6fb2978956aacddd7c37881febca11417a9a3b5a0bd0c77271987443fc883a63,4b329581bd90a739dd5d14c4daafe02b1d30c7ed924ee9d0fe55e4d1c400923a,4b329581bd90a739dd5d14c4daafe02b1d30c7ed924ee9d0fe55e4d1c400923a
472,grid_0472_n6_north_west_south_east_h3_gate_t12,d76c22d847154f814d5c1997faf3e8a5cde5597703f5314bde078a937e417c89,,,,,,
473,grid_0473_n6_north_west_south_east_h3_gate_t14,4310c1f096f0924a00199b7107647a804da06917d934a6ca52a21815eaf89eb8,8c3287fe4c1e908a621f6c607d37d271737c5e448ee776ff3545b232fc1eedb7,8c3287fe4c1e908a621f6c607d37d271737c5e448ee776ff3545b232fc1eedb7,8c3287fe4c1e908a621f6c607d37d271737c5e448ee776ff3545b232fc1eedb7,8c3287fe4c1e908a621f6c607d37d271737c5e448ee776ff3545b232fc1eedb7,4b329581bd90a739dd5d14c4daafe02b1d30c7ed924ee9d0fe55e4d1c400923a,4b329581bd90a739dd5d14c4daafe02b1d30c7ed924ee9d0fe55e4d1c400923a
474,grid_0474_n6_north_west_south_east_h3_gate_t16,7f2063175a4ce7dbeeb9c96ff48d6397ae6aa2b1358f41565d42dba5235a3ea6,cec06dafa1b9229118103627460c988be7c53bb9ce5e79b4f7c69ba08671609d,cec06dafa1b9229118103627460c988be7c53bb9ce5e79b4f7c69ba08671609d,cec06dafa1b9229118103627460c988be7c53bb9ce5e79b4f7c69ba08671609d,cec06dafa1b9229118103627460c988be7c53bb9ce5e79b4f7c69ba08671609d,4b329581bd90a739dd5d14c4daafe02b1d30c7ed924ee9d0fe55e4d1c400923a,4b329581bd90a739dd5d14c4daafe02b1d30c7ed924ee9d0fe55e4d1c400923a
475,grid_0475_n6_north_west_south_east_h3_gate_t18,21c571857b41cf997027e418e8a8a543c9baf9836f454e7b34319c8d5d615a13,d40783fd2c38cbade5b19387a12baa0d8b1b66fa03faa5f452b4692af7853fda,d40783fd2c38cbade5b19387a12baa0d8b1b66fa03faa5f452b4692af7853fda,d40783fd2c38cbade5b19387a12baa0d8b1b66fa03faa5f452b4692af7853fda,d40783fd2c38cbade5b19387a12baa0d8b1b66fa03faa5f452b4692af7853fda,4b329581bd90a739dd5d14c4daafe02b1d30c7ed924ee9d0fe55e4d1c400923a,4b329581bd90a739dd5d14c4daafe02b1d30c7ed924ee9d0fe55e4d1c400923a
476,grid_0476_n6_north_west_south_east_h3_staggered_t12,3dcd7201e54a9c03a8f662e554ee92c64aaedfced638aaadcfcc1dee11e7e89e,3c6dc1ff10651c19713411c31a24d695d215ff7a0881931168a08b24a96dc466,3c6dc1ff10651c19713411c31a24d695d215ff7a0881931168a08b24a96dc466,3c6dc1ff10651c19713411c31a24d695d215ff7a0881931168a08b24a96dc466,3c6dc1ff10651c19713411c31a24d695d215ff7a0881931168a08b24a96dc466,4b329581bd90a739dd5d14c4daafe02b1d30c7ed924ee9d0fe55e4d1c400923a,4b329581bd90a739dd5d14c4daafe02b1d30c7ed924ee9d0fe55e4d1c400923a
477,grid_0477_n6_north_west_south_east_h3_staggered_t14,4218384381f5aed09bfd164d31e27e9bbe8df69635d6d994be6948da80e790e8,85d5474c3dfd7b70c8fc0e56417ad80863eb36317392934c4786b3729f9c1745,85d5474c3dfd7b70c8fc0e56417ad80863eb36317392934c4786b3729f9c1745,85d5474c3dfd7b70c8fc0e56417ad80863eb36317392934c4786b3729f9c1745,85d5474c3dfd7b70c8fc0e56417ad80863eb36317392934c4786b3729f9c1745,4b329581bd90a739dd5d14c4daafe02b1d30c7ed924ee9d0fe55e4d1c400923a,4b329581bd90a739dd5d14c4daafe02b1d30c7ed924ee9d0fe55e4d1c400923a
478,grid_0478_n6_north_west_south_east_h3_staggered_t16,9f52c75e4994564fb90f53321f68d267ff8eaa32ef4349ba0184db87bd729fb0,f555790923ab4a9d2ee974e2067818ed8ba373b9684c5f4fefe52452b76204d1,f555790923ab4a9d2ee974e2067818ed8ba373b9684c5f4fefe52452b76204d1,f555790923ab4a9d2ee974e2067818ed8ba373b9684c5f4fefe52452b76204d1,f555790923ab4a9d2ee974e2067818ed8ba373b9684c5f4fefe52452b76204d1,4b329581bd90a739dd5d14c4daafe02b1d30c7ed924ee9d0fe55e4d1c400923a,4b329581bd90a739dd5d14c4daafe02b1d30c7ed924ee9d0fe55e4d1c400923a
479,grid_0479_n6_north_west_south_east_h3_staggered_t18,74b84a5caba5e85ae9df229014b6fc26444a8e1898affc51aaa5b7bd4331e790,ce8c68fe1129ec6304206eb080ba5940ad9c32dc6ffa696997a06891239b6936,ce8c68fe1129ec6304206eb080ba5940ad9c32dc6ffa696997a06891239b6936,ce8c68fe1129ec6304206eb080ba5940ad9c32dc6ffa696997a06891239b6936,ce8c68fe1129ec6304206eb080ba5940ad9c32dc6ffa696997a06891239b6936,4b329581bd90a739dd5d14c4daafe02b1d30c7ed924ee9d0fe55e4d1c400923a,4b329581bd90a739dd5d14c4daafe02b1d30c7ed924ee9d0fe55e4d1c400923a
480,grid_0480_n6_north_west_east_middle_h0_open_t12,0ad11c51ef57438a8bdf090250acaaed3c4758fe23dc041c45a784290955a111,00b7fdc2be3df0a5e2eb9d2d5359ab94b98d05b05287eb4884913651842d318b,00b7fdc2be3df0a5e2eb9d2d5359ab94b98d05b05287eb4884913651842d318b,00b7fdc2be3df0a5e2eb9d2d5359ab94b98d05b05287eb4884913651842d318b,00b7fdc2be3df0a5e2eb9d2d5359ab94b98d05b05287eb4884913651842d318b,53370631653dfdcc2be91756ede00d58714550e03df0818f102ea9d00658aad4,53370631653dfdcc2be91756ede00d58714550e03df0818f102ea9d00658aad4
481,grid_0481_n6_north_west_east_middle_h0_open_t14,6bb387eaf0382efcc55b10edb7d84a4ce27dd9b16c24004da80427b0a16b19ba,2a52e75425ea61a266e9b679c5981f902fce731261d0c701ee8cb6c7699ad786,2a52e75425ea61a266e9b679c5981f902fce731261d0c701ee8cb6c7699ad786,2a52e75425ea61a266e9b679c5981f902fce731261d0c701ee8cb6c7699ad786,2a52e75425ea61a266e9b679c5981f902fce731261d0c701ee8cb6c7699ad786,53370631653dfdcc2be91756ede00d58714550e03df0818f102ea9d00658aad4,53370631653dfdcc2be91756ede00d58714550e03df0818f102ea9d00658aad4
482,grid_0482_n6_north_west_east_middle_h0_open_t16,d05c50dccf9fd7aaf758a672819540ee2ed64594f7412736f74ce6a909f39b84,4a3a36d4d915c43807299d8ae4505c4b32b51ed993f3b9350612839d83226505,4a3a36d4d915c43807299d8ae4505c4b32b51ed993f3b9350612839d83226505,4a3a36d4d915c43807299d8ae4505c4b32b51ed993f3b9350612839d83226505,4a3a36d4d915c43807299d8ae4505c4b32b51ed993f3b9350612839d83226505,53370631653dfdcc2be91756ede00d58714550e03df0818f102ea9d00658aad4,53370631653dfdcc2be91756ede00d58714550e03df0818f102ea9d00658aad4
483,grid_0483_n6_north_west_east_middle_h0_open_t18,9746192262511e9e7244bcf908665294cd40921d1f414827951dfdfc7953e0de,69a82752234381eae57b013fe61a96f3be77225a242f167767f8ac6ca650ebf8,69a82752234381eae57b013fe61a96f3be77225a242f167767f8ac6ca650ebf8,69a82752234381eae57b013fe61a96f3be77225a242f167767f8ac6ca650ebf8,69a82752234381eae57b013fe61a96f3be77225a242f167767f8ac6ca650ebf8,53370631653dfdcc2be91756ede00d58714550e03df0818f102ea9d00658aad4,53370631653dfdcc2be91756ede00d58714550e03df0818f102ea9d00658aad4
484,grid_0484_n6_north_west_east_middle_h0_gate_t12,ce992c115566009744e5598251c163591c7a61ad4e682ade6659ba1b2fcb0dd8,b1930f617e8cd56d014adf0698d29388996c46da8284516a666bc511d816aaf4,b1930f617e8cd56d014adf0698d29388996c46da8284516a666bc511d816aaf4,b1930f617e8cd56d014adf0698d29388996c46da8284516a666bc511d816aaf4,b1930f617e8cd56d014adf0698d29388996c46da8284516a666bc511d816aaf4,53370631653dfdcc2be91756ede00d58714550e03df0818f102ea9d00658aad4,53370631653dfdcc2be91756ede00d58714550e03df0818f102ea9d00658aad4
485,grid_0485_n6_north_west_east_middle_h0_gate_t14,72599c393ebd6df7964363ed227ee50efa36c49395fd580baf973b1612d99d23,4d1deb74d8fe0764b84037dfe9a536b1e537308f2b177cffacae9a81440bd02a,4d1deb74d8fe0764b84037dfe9a536b1e537308f2b177cffacae9a81440bd02a,4d1deb74d8fe0764b84037dfe9a536b1e537308f2b177cffacae9a81440bd02a,4d1deb74d8fe0764b84037dfe9a536b1e537308f2b177cffacae9a81440bd02a,53370631653dfdcc2be91756ede00d58714550e03df0818f102ea9d00658aad4,53370631653dfdcc2be91756ede00d58714550e03df0818f102ea9d00658aad4
486,grid_0486_n6_north_west_east_middle_h0_gate_t16,9f6679d489072164cc508c62b3cd5ee507fcd8fadffb4e5e0a68b9a84f079697,a309c2b222e2a5323ecd2c21538d4497a95b10adfe370e4557a35845cb3ca39f,a309c2b222e2a5323ecd2c21538d4497a95b10adfe370e4557a35845cb3ca39f,a309c2b222e2a5323ecd2c21538d4497a95b10adfe370e4557a35845cb3ca39f,a309c2b222e2a5323ecd2c21538d4497a95b10adfe370e4557a35845cb3ca39f,53370631653dfdcc2be91756ede00d58714550e03df0818f102ea9d00658aad4,53370631653dfdcc2be91756ede00d58714550e03df0818f102ea9d00658aad4
487,grid_0487_n6_north_west_east_middle_h0_gate_t18,f3ffd7ae1d56facbf85d415eda343c96cf1ae87e7d9559124a17c3403b312fd4,ecbb4805fd7efda426a9d4e800aadcf734b09fedc23d92e3050bd7d905053d71,ecbb4805fd7efda426a9d4e800aadcf734b09fedc23d92e3050bd7d905053d71,ecbb4805fd7efda426a9d4e800aadcf734b09fedc23d92e3050bd7d905053d71,ecbb4805fd7efda426a9d4e800aadcf734b09fedc23d92e3050bd7d905053d71,53370631653dfdcc2be91756ede00d58714550e03df0818f102ea9d00658aad4,53370631653dfdcc2be91756ede00d58714550e03df0818f102ea9d00658aad4
488,grid_0488_n6_north_west_east_middle_h0_staggered_t12,93a1f480e92c3d50fcb39a6b8c96c26925b0ce20ba2c89d8f17d257bd7513ac0,17087cd41f4a4ff7c9f09455d6c2e2d5ef54170e5b212fe8b7ffa4da215d8ef0,17087cd41f4a4ff7c9f09455d6c2e2d5ef54170e5b212fe8b7ffa4da215d8ef0,17087cd41f4a4ff7c9f09455d6c2e2d5ef54170e5b212fe8b7ffa4da215d8ef0,17087cd41f4a4ff7c9f09455d6c2e2d5ef54170e5b212fe8b7ffa4da215d8ef0,53370631653dfdcc2be91756ede00d58714550e03df0818f102ea9d00658aad4,53370631653dfdcc2be91756ede00d58714550e03df0818f102ea9d00658aad4
489,grid_0489_n6_north_west_east_middle_h0_staggered_t14,65f89ae460683f7084ed651f973c8bee4e87262885d05fb60549aa93aeac2220,39f22d6793e07bafe140c436a3bf906abcc1d0615af5f6ba5705e386c3378bc6,39f22d6793e07bafe140c436a3bf906abcc1d0615af5f6ba5705e386c3378bc6,39f22d6793e07bafe140c436a3bf906abcc1d0615af5f6ba5705e386c3378bc6,39f22d6793e07bafe140c436a3bf906abcc1d0615af5f6ba5705e386c3378bc6,53370631653dfdcc2be91756ede00d58714550e03df0818f102ea9d00658aad4,53370631653dfdcc2be91756ede00d58714550e03df0818f102ea9d00658aad4
490,grid_0490_n6_north_west_east_middle_h0_staggered_t16,557063dacee28b5de3222bd28da25dac0075abb3ed6d2689c2215b9f659ea9e5,5cfb314eb4ceb1f2bd04da6d5c77d6fac139e4b3cea51c5141dc9d6116007816,5cfb314eb4ceb1f2bd04da6d5c77d6fac139e4b3cea51c5141dc9d6116007816,5cfb314eb4ceb1f2bd04da6d5c77d6fac139e4b3cea51c5141dc9d6116007816,5cfb314eb4ceb1f2bd04da6d5c77d6fac139e4b3cea51c5141dc9d6116007816,53370631653dfdcc2be91756ede00d58714550e03df0818f102ea9d00658aad4,53370631653dfdcc2be91756ede00d58714550e03df0818f102ea9d00658aad4
491,grid_0491_n6_north_west_east_middle_h0_staggered_t18,4ef43a7fe86124ca7ade1b970b08c63c474d87cb7f65d71633de1f75da0731cb,2e6edd18642390538c63a1b33a0aa8e8805c84a8fa10718bc37d4c556ac85174,2e6edd18642390538c63a1b33a0aa8e8805c84a8fa10718bc37d4c556ac85174,2e6edd18642390538c63a1b33a0aa8e8805c84a8fa10718bc37d4c556ac85174,2e6edd18642390538c63a1b33a0aa8e8805c84a8fa10718bc37d4c556ac85174,53370631653dfdcc2be91756ede00d58714550e03df0818f102ea9d00658aad4,53370631653dfdcc2be91756ede00d58714550e03df0818f102ea9d00658aad4
492,grid_0492_n6_north_west_east_middle_h1_open_t12,3f7763df807cbc08edf71a43ac24a3ae2c1e191aede4018c857da6649d683eac,0df7535373288c28350d0687e214f8dcaae4dd992e0445d4dde7138c7513debd,0df7535373288c28350d0687e214f8dcaae4dd992e0445d4dde7138c7513debd,0df7535373288c28350d0687e214f8dcaae4dd992e0445d4dde7138c7513debd,0df7535373288c28350d0687e214f8dcaae4dd992e0445d4dde7138c7513debd,257c13805a1eb057217883bb483e05b5a2e818e4cbdef2513928b352ab2085bc,257c13805a1eb057217883bb483e05b5a2e818e4cbdef2513928b352ab2085bc
493,grid_0493_n6_north_west_east_middle_h1_open_t14,f7ece57c3cbcc42bbe6571afedc3f5bcc95b21a4a69bf10ba43e84fca123ce31,3b13ad15299cf29d4148e1fe73d82cff0e6236c2760a17b7410a9d7bf7d0b5a8,3b13ad15299cf29d4148e1fe73d82cff0e6236c2760a17b7410a9d7bf7d0b5a8,3b13ad15299cf29d4148e1fe73d82cff0e6236c2760a17b7410a9d7bf7d0b5a8,3b13ad15299cf29d4148e1fe73d82cff0e6236c2760a17b7410a9d7bf7d0b5a8,257c13805a1eb057217883bb483e05b5a2e818e4cbdef2513928b352ab2085bc,257c13805a1eb057217883bb483e05b5a2e818e4cbdef2513928b352ab2085bc
494,grid_0494_n6_north_west_east_middle_h1_open_t16,4d991d0c3b87a96fdf2b419e3de3874055cbcd507e6e7bb5b551dd46fa447b4e,2594dd4b43820d3e028ee1b93fb8edc6a0c0da1f281a25ec27b9157265b83014,2594dd4b43820d3e028ee1b93fb8edc6a0c0da1f281a25ec27b9157265b83014,2594dd4b43820d3e028ee1b93fb8edc6a0c0da1f281a25ec27b9157265b83014,2594dd4b43820d3e028ee1b93fb8edc6a0c0da1f281a25ec27b9157265b83014,257c13805a1eb057217883bb483e05b5a2e818e4cbdef2513928b352ab2085bc,257c13805a1eb057217883bb483e05b5a2e818e4cbdef2513928b352ab2085bc
495,grid_0495_n6_north_west_east_middle_h1_open_t18,c6c0b8a15c69934384f47c824e49b27ba2822fa96eaa92226f2ebd6c855e8ee2,ed06873e1cff9213006fe0e18ef52289736f7a5fe8bdee89dcf2dacc91058fef,ed06873e1cff9213006fe0e18ef52289736f7a5fe8bdee89dcf2dacc91058fef,ed06873e1cff9213006fe0e18ef52289736f7a5fe8bdee89dcf2dacc91058fef,ed06873e1cff9213006fe0e18ef52289736f7a5fe8bdee89dcf2dacc91058fef,257c13805a1eb057217883bb483e05b5a2e818e4cbdef2513928b352ab2085bc,257c13805a1eb057217883bb483e05b5a2e818e4cbdef2513928b352ab2085bc
496,grid_0496_n6_north_west_east_middle_h1_gate_t12,45002d724e1480a9d7bab1f2ca193796327f655328717a4f1c542248bb14bd6e,c2333bb3f75427fca360415bb7b44e6d388f6b4a78ea62d192493b0ad834fde2,c2333bb3f75427fca360415bb7b44e6d388f6b4a78ea62d192493b0ad834fde2,c2333bb3f75427fca360415bb7b44e6d388f6b4a78ea62d192493b0ad834fde2,c2333bb3f75427fca360415bb7b44e6d388f6b4a78ea62d192493b0ad834fde2,0dc58cb7edcc5563213f11f22d4d42cabf67fd526c193a155e0e2128bfdc2709,0dc58cb7edcc5563213f11f22d4d42cabf67fd526c193a155e0e2128bfdc2709
497,grid_0497_n6_north_west_east_middle_h1_gate_t14,4d4999a3d23aacd675aec4293fdffe71f64fe1d841c642b0d3c6b019f8cfb209,eb72fa71ed6e17c440a6334eec28a7db9a7d2abc16e08bb9ff638e0ef260d441,eb72fa71ed6e17c440a6334eec28a7db9a7d2abc16e08bb9ff638e0ef260d441,eb72fa71ed6e17c440a6334eec28a7db9a7d2abc16e08bb9ff638e0ef260d441,eb72fa71ed6e17c440a6334eec28a7db9a7d2abc16e08bb9ff638e0ef260d441,0dc58cb7edcc5563213f11f22d4d42cabf67fd526c193a155e0e2128bfdc2709,0dc58cb7edcc5563213f11f22d4d42cabf67fd526c193a155e0e2128bfdc2709
498,grid_0498_n6_north_west_east_middle_h1_gate_t16,ac7070ccb8cf14e41d5cb296dc8e672608f9850724771db2c822f408c4cb9e09,d06723baa21b4d27c80fda5ab4e0cb96070f26d37a0a6328a27e40515698631e,d06723baa21b4d27c80fda5ab4e0cb96070f26d37a0a6328a27e40515698631e,d06723baa21b4d27c80fda5ab4e0cb96070f26d37a0a6328a27e40515698631e,d06723baa21b4d27c80fda5ab4e0cb96070f26d37a0a6328a27e40515698631e,0dc58cb7edcc5563213f11f22d4d42cabf67fd526c193a155e0e2128bfdc2709,0dc58cb7edcc5563213f11f22d4d42cabf67fd526c193a155e0e2128bfdc2709
499,grid_0499_n6_north_west_east_middle_h1_gate_t18,c889cc37a37697b7f8a95e7076a5dca0eccbf3ae488ed3ffb406fec55f4c23cf,c7828f8a77a9fa59e4c084068a33d0d49602ff2de5bd188899aef7b459b89c4f,c7828f8a77a9fa59e4c084068a33d0d49602ff2de5bd188899aef7b459b89c4f,c7828f8a77a9fa59e4c084068a33d0d49602ff2de5bd188899aef7b459b89c4f,c7828f8a77a9fa59e4c084068a33d0d49602ff2de5bd188899aef7b459b89c4f,0dc58cb7edcc5563213f11f22d4d42cabf67fd526c193a155e0e2128bfdc2709,0dc58cb7edcc5563213f11f22d4d42cabf67fd526c193a155e0e2128bfdc2709
500,grid_0500_n6_north_west_east_middle_h1_staggered_t12,6042c6c036d38649ea53b595d30bf5b69193484a196c090c5c8c6e1795510a16,1a32f7d39eec0d838620834072615656a70739ba37c03eeb020bcb1f9d7f0bbe,1a32f7d39eec0d838620834072615656a70739ba37c03eeb020bcb1f9d7f0bbe,1a32f7d39eec0d838620834072615656a70739ba37c03eeb020bcb1f9d7f0bbe,1a32f7d39eec0d838620834072615656a70739ba37c03eeb020bcb1f9d7f0bbe,257c13805a1eb057217883bb483e05b5a2e818e4cbdef2513928b352ab2085bc,257c13805a1eb057217883bb483e05b5a2e818e4cbdef2513928b352ab2085bc
501,grid_0501_n6_north_west_east_middle_h1_staggered_t14,836fe45c581eb0417bdfa0ce48803fc91757110a468f17a217794de6ecc78be5,94ef1a1bfd1451ad8a4045eda782a08071e0e672f0a743a492f0ae800488b369,94ef1a1bfd1451ad8a4045eda782a08071e0e672f0a743a492f0ae800488b369,94ef1a1bfd1451ad8a4045eda782a08071e0e672f0a743a492f0ae800488b369,94ef1a1bfd1451ad8a4045eda782a08071e0e672f0a743a492f0ae800488b369,257c13805a1eb057217883bb483e05b5a2e818e4cbdef2513928b352ab2085bc,257c13805a1eb057217883bb483e05b5a2e818e4cbdef2513928b352ab2085bc
502,grid_0502_n6_north_west_east_middle_h1_staggered_t16,2f920bfd0cea284cea13ef2294b8955183331c671b40dc54a11a1e096846001c,70682e9d0dbff65caa6465333176f5d5bcc01b7509b363262ce6b499e98a410a,70682e9d0dbff65caa6465333176f5d5bcc01b7509b363262ce6b499e98a410a,70682e9d0dbff65caa6465333176f5d5bcc01b7509b363262ce6b499e98a410a,70682e9d0dbff65caa6465333176f5d5bcc01b7509b363262ce6b499e98a410a,257c13805a1eb057217883bb483e05b5a2e818e4cbdef2513928b352ab2085bc,257c13805a1eb057217883bb483e05b5a2e818e4cbdef2513928b352ab2085bc
503,grid_0503_n6_north_west_east_middle_h1_staggered_t18,ce4bfa9840269fc5d4174e6996c3cc6b8a0fb968bb474cd5238af34234029623,8c1cbe52d221d8ea720b22a6b5ba31764a0d2f09e4ad6a478cf61a5c56cd18fb,8c1cbe52d221d8ea720b22a6b5ba31764a0d2f09e4ad6a478cf61a5c56cd18fb,8c1cbe52d221d8ea720b22a6b5ba31764a0d2f09e4ad6a478cf61a5c56cd18fb,8c1cbe52d221d8ea720b22a6b5ba31764a0d2f09e4ad6a478cf61a5c56cd18fb,257c13805a1eb057217883bb483e05b5a2e818e4cbdef2513928b352ab2085bc,257c13805a1eb057217883bb483e05b5a2e818e4cbdef2513928b352ab2085bc
504,grid_0504_n6_north_west_east_middle_h2_open_t12,bf156094abdfa19bc0e97d2ddb2c627355299a1cc6a0d3cc48a6b4f0daf84c00,a59bf0fa1fd64b9cc94f58277c1dfbb12ed173aa0f50beb8cf25b29a1cb5168c,a59bf0fa1fd64b9cc94f58277c1dfbb12ed173aa0f50beb8cf25b29a1cb5168c,a59bf0fa1fd64b9cc94f58277c1dfbb12ed173aa0f50beb8cf25b29a1cb5168c,a59bf0fa1fd64b9cc94f58277c1dfbb12ed173aa0f50beb8cf25b29a1cb5168c,4b329581bd90a739dd5d14c4daafe02b1d30c7ed924ee9d0fe55e4d1c400923a,4b329581bd90a739dd5d14c4daafe02b1d30c7ed924ee9d0fe55e4d1c400923a
505,grid_0505_n6_north_west_east_middle_h2_open_t14,8818d76374798bb278f12b186b0d54d7f4424bf9babc3f035e11756d72978524,a3062866aca0431066cf557ee6ff992b1cea1e3d9e9843f7b3f30ccdb66ba460,a3062866aca0431066cf557ee6ff992b1cea1e3d9e9843f7b3f30ccdb66ba460,a3062866aca0431066cf557ee6ff992b1cea1e3d9e9843f7b3f30ccdb66ba460,a3062866aca0431066cf557ee6ff992b1cea1e3d9e9843f7b3f30ccdb66ba460,4b329581bd90a739dd5d14c4daafe02b1d30c7ed924ee9d0fe55e4d1c400923a,4b329581bd90a739dd5d14c4daafe02b1d30c7ed924ee9d0fe55e4d1c400923a
506,grid_0506_n6_north_west_east_middle_h2_open_t16,1839f6b13f45550cf3b2e4a8dc8b672aa5d5430f3895428fb870993fbfcccba2,58d29e8276dc329dfefd879c5548d15681a45bddb2ee70d92f927c0a588d34c7,58d29e8276dc329dfefd879c5548d15681a45bddb2ee70d92f927c0a588d34c7,58d29e8276dc329dfefd879c5548d15681a45bddb2ee70d92f927c0a588d34c7,58d29e8276dc329dfefd879c5548d15681a45bddb2ee70d92f927c0a588d34c7,4b329581bd90a739dd5d14c4daafe02b1d30c7ed924ee9d0fe55e4d1c400923a,4b329581bd90a739dd5d14c4daafe02b1d30c7ed924ee9d0fe55e4d1c400923a
507,grid_0507_n6_north_west_east_middle_h2_open_t18,7500499bf894161fb03ce4ec2268c31a782caa53825838fd5391e5377e9954a3,0585e27114c2851e95d00f79294a5dd50c4ecb3cb5cafb19e484a856f13632da,0585e27114c2851e95d00f79294a5dd50c4ecb3cb5cafb19e484a856f13632da,0585e27114c2851e95d00f79294a5dd50c4ecb3cb5cafb19e484a856f13632da,0585e27114c2851e95d00f79294a5dd50c4ecb3cb5cafb19e484a856f13632da,4b329581bd90a739dd5d14c4daafe02b1d30c7ed924ee9d0fe55e4d1c400923a,4b329581bd90a739dd5d14c4daafe02b1d30c7ed924ee9d0fe55e4d1c400923a
508,grid_0508_n6_north_west_east_middle_h2_gate_t12,a191bfa53ac2827e632fbfd037f5f87c0e9e71c330080a1d7e1dff76a7503505,5bbd01535e8d9fded3dc56846b40a50bc55ef9cce4e8a3e97e6a96eaf7cb4a05,5bbd01535e8d9fded3dc56846b40a50bc55ef9cce4e8a3e97e6a96eaf7cb4a05,5bbd01535e8d9fded3dc56846b40a50bc55ef9cce4e8a3e97e6a96eaf7cb4a05,5bbd01535e8d9fded3dc56846b40a50bc55ef9cce4e8a3e97e6a96eaf7cb4a05,4b329581bd90a739dd5d14c4daafe02b1d30c7ed924ee9d0fe55e4d1c400923a,4b329581bd90a739dd5d14c4daafe02b1d30c7ed924ee9d0fe55e4d1c400923a
509,grid_0509_n6_north_west_east_middle_h2_gate_t14,dca2e06796462db0493157d08579dd176e8d0c2a5d71a4d96f2cd8e6297b00ec,580a0c0cb9cf8ee5104e96fe72183fd0f6c86cc28a9c7c75f83c7f71b1b30730,580a0c0cb9cf8ee5104e96fe72183fd0f6c86cc28a9c7c75f83c7f71b1b30730,580a0c0cb9cf8ee5104e96fe72183fd0f6c86cc28a9c7c75f83c7f71b1b30730,580a0c0cb9cf8ee5104e96fe72183fd0f6c86cc28a9c7c75f83c7f71b1b30730,4b329581bd90a739dd5d14c4daafe02b1d30c7ed924ee9d0fe55e4d1c400923a,4b329581bd90a739dd5d14c4daafe02b1d30c7ed924ee9d0fe55e4d1c400923a
510,grid_0510_n6_north_west_east_middle_h2_gate_t16,3db69597b5f350b12faf7b81b8469d325fb3c4f56fa2f97d868d76b18dc55aa6,62569a2e4fcfd1d0a85bab4bb666023c5a616bec62de558969218f3ee558c64e,62569a2e4fcfd1d0a85bab4bb666023c5a616bec62de558969218f3ee558c64e,62569a2e4fcfd1d0a85bab4bb666023c5a616bec62de558969218f3ee558c64e,62569a2e4fcfd1d0a85bab4bb666023c5a616bec62de558969218f3ee558c64e,4b329581bd90a739dd5d14c4daafe02b1d30c7ed924ee9d0fe55e4d1c400923a,4b329581bd90a739dd5d14c4daafe02b1d30c7ed924ee9d0fe55e4d1c400923a
511,grid_0511_n6_north_west_east_middle_h2_gate_t18,8f1e2a14f9c7d4cbfc289a7ef09e16f24194c39d09f73bb14f287bee3285920d,6a256cb72719387e066c1d3d799ab88ad97fe36470094dba2b88ec59b99c58f6,6a256cb72719387e066c1d3d799ab88ad97fe36470094dba2b88ec59b99c58f6,6a256cb72719387e066c1d3d799ab88ad97fe36470094dba2b88ec59b99c58f6,6a256cb72719387e066c1d3d799ab88ad97fe36470094dba2b88ec59b99c58f6,4b329581bd90a739dd5d14c4daafe02b1d30c7ed924ee9d0fe55e4d1c400923a,4b329581bd90a739dd5d14c4daafe02b1d30c7ed924ee9d0fe55e4d1c400923a
512,grid_0512_n6_north_west_east_middle_h2_staggered_t12,d9308d41df0965cbbc64caaf466327aed3c5d571a95b7ee820ddb418aed090d9,751a6a8f330bf78c8d1ac37544531ca7a029e6463063268a4f31d91f9b62ee16,751a6a8f330bf78c8d1ac37544531ca7a029e6463063268a4f31d91f9b62ee16,751a6a8f330bf78c8d1ac37544531ca7a029e6463063268a4f31d91f9b62ee16,751a6a8f330bf78c8d1ac37544531ca7a029e6463063268a4f31d91f9b62ee16,4b329581bd90a739dd5d14c4daafe02b1d30c7ed924ee9d0fe55e4d1c400923a,4b329581bd90a739dd5d14c4daafe02b1d30c7ed924ee9d0fe55e4d1c400923a
513,grid_0513_n6_north_west_east_middle_h2_staggered_t14,8a335676014ea70e358060b5f3f3e79dc680199196b35b1fe005313315b6dc3d,7cab488acc4e7de105d66c0d623ff473d86607c04b43288e2ba3873db89d4859,7cab488acc4e7de105d66c0d623ff473d86607c04b43288e2ba3873db89d4859,7cab488acc4e7de105d66c0d623ff473d86607c04b43288e2ba3873db89d4859,7cab488acc4e7de105d66c0d623ff473d86607c04b43288e2ba3873db89d4859,4b329581bd90a739dd5d14c4daafe02b1d30c7ed924ee9d0fe55e4d1c400923a,4b329581bd90a739dd5d14c4daafe02b1d30c7ed924ee9d0fe55e4d1c400923a
514,grid_0514_n6_north_west_east_middle_h2_staggered_t16,b43a775141af057f5d5b336751a65c555286fc2923a05d3f2a87f91af8fcfa91,9390e099967d6585c3de85973547496bdcdbf4d62bc5b910084c1a5154df1894,9390e099967d6585c3de85973547496bdcdbf4d62bc5b910084c1a5154df1894,9390e099967d6585c3de85973547496bdcdbf4d62bc5b910084c1a5154df1894,9390e099967d6585c3de85973547496bdcdbf4d62bc5b910084c1a5154df1894,4b329581bd90a739dd5d14c4daafe02b1d30c7ed924ee9d0fe55e4d1c400923a,4b329581bd90a739dd5d14c4daafe02b1d30c7ed924ee9d0fe55e4d1c400923a
515,grid_0515_n6_north_west_east_middle_h2_staggered_t18,38efc25e5e15adc24ddfad4e4cf0d832fcfd375f4ebd3c7bbd11e4a7a4b537e7,094f29320c6e4bfc99e823a47a104843e253dc3f6d29836715c61f1056541291,094f29320c6e4bfc99e823a47a104843e253dc3f6d29836715c61f1056541291,094f29320c6e4bfc99e823a47a104843e253dc3f6d29836715c61f1056541291,094f29320c6e4bfc99e823a47a104843e253dc3f6d29836715c61f1056541291,4b329581bd90a739dd5d14c4daafe02b1d30c7ed924ee9d0fe55e4d1c400923a,4b329581bd90a739dd5d14c4daafe02b1d30c7ed924ee9d0fe55e4d1c400923a
516,grid_0516_n6_north_west_east_middle_h3_open_t12,09c937a1a5b6e586373296dc8d2d36798c1c4bf9314c6f80fd01c65415da161e,f27b5f92acabf2431280d33ad74554d8f60d7c6e18634cdd8bda4221e6474999,f27b5f92acabf2431280d33ad74554d8f60d7c6e18634cdd8bda4221e6474999,f27b5f92acabf2431280d33ad74554d8f60d7c6e18634cdd8bda4221e6474999,f27b5f92acabf2431280d33ad74554d8f60d7c6e18634cdd8bda4221e6474999,4b329581bd90a739dd5d14c4daafe02b1d30c7ed924ee9d0fe55e4d1c400923a,4b329581bd90a739dd5d14c4daafe02b1d30c7ed924ee9d0fe55e4d1c400923a
517,grid_0517_n6_north_west_east_middle_h3_open_t14,7cf5ac1395d7049ca8705573c2cb80608b13140e84305f3ddd9abe7f875c720a,a2c7a7440aa0d361f93b0115ae95762310abe70646810ec73cb4852a6ddc341a,a2c7a7440aa0d361f93b0115ae95762310abe70646810ec73cb4852a6ddc341a,a2c7a7440aa0d361f93b0115ae95762310abe70646810ec73cb4852a6ddc341a,a2c7a7440aa0d361f93b0115ae95762310abe70646810ec73cb4852a6ddc341a,4b329581bd90a739dd5d14c4daafe02b1d30c7ed924ee9d0fe55e4d1c400923a,4b329581bd90a739dd5d14c4daafe02b1d30c7ed924ee9d0fe55e4d1c400923a
518,grid_0518_n6_north_west_east_middle_h3_open_t16,0fee17137dd88a020119ab34dd8f691c1769c5d4f1d5faf89887ed79540ccf33,318abd6c1bd8ac299d37c3783c12e499d574449218a5ba7d565c2e54b5083134,318abd6c1bd8ac299d37c3783c12e499d574449218a5ba7d565c2e54b5083134,318abd6c1bd8ac299d37c3783c12e499d574449218a5ba7d565c2e54b5083134,318abd6c1bd8ac299d37c3783c12e499d574449218a5ba7d565c2e54b5083134,4b329581bd90a739dd5d14c4daafe02b1d30c7ed924ee9d0fe55e4d1c400923a,4b329581bd90a739dd5d14c4daafe02b1d30c7ed924ee9d0fe55e4d1c400923a
519,grid_0519_n6_north_west_east_middle_h3_open_t18,11354a9e3988e810101ccbf57969b1d72a09874aa5a7fd4dc1469949e19b37eb,5c298912e623d1b0adce13a22ddf2683c8ee021c5da806c7fecbe688dc6b5622,5c298912e623d1b0adce13a22ddf2683c8ee021c5da806c7fecbe688dc6b5622,5c298912e623d1b0adce13a22ddf2683c8ee021c5da806c7fecbe688dc6b5622,5c298912e623d1b0adce13a22ddf2683c8ee021c5da806c7fecbe688dc6b5622,4b329581bd90a739dd5d14c4daafe02b1d30c7ed924ee9d0fe55e4d1c400923a,4b329581bd90a739dd5d14c4daafe02b1d30c7ed924ee9d0fe55e4d1c400923a
520,grid_0520_n6_north_west_east_middle_h3_gate_t12,4bd829a8ba7172dff44e3bde2c6e8e3ff790473b68231b89c50d37f5159ef467,144ddfda29626fa5e4e0fb8cadd868468873bed50c917ee4e28291041973bc77,144ddfda29626fa5e4e0fb8cadd868468873bed50c917ee4e28291041973bc77,144ddfda29626fa5e4e0fb8cadd868468873bed50c917ee4e28291041973bc77,144ddfda29626fa5e4e0fb8cadd868468873bed50c917ee4e28291041973bc77,4b329581bd90a739dd5d14c4daafe02b1d30c7ed924ee9d0fe55e4d1c400923a,4b329581bd90a739dd5d14c4daafe02b1d30c7ed924ee9d0fe55e4d1c400923a
521,grid_0521_n6_north_west_east_middle_h3_gate_t14,9a9aa8a587721584c9949a9dd96b645e415d6a9fda8ce249c2d0d5c6308e39e9,42e0926688c23bd83eea946b5cec1190767e06dd00d55d388fdb824ebf0ab0e2,42e0926688c23bd83eea946b5cec1190767e06dd00d55d388fdb824ebf0ab0e2,42e0926688c23bd83eea946b5cec1190767e06dd00d55d388fdb824ebf0ab0e2,42e0926688c23bd83eea946b5cec1190767e06dd00d55d388fdb824ebf0ab0e2,4b329581bd90a739dd5d14c4daafe02b1d30c7ed924ee9d0fe55e4d1c400923a,4b329581bd90a739dd5d14c4daafe02b1d30c7ed924ee9d0fe55e4d1c400923a
522,grid_0522_n6_north_west_east_middle_h3_gate_t16,22c716a33430e621e0c22404c9610e6202db8dd3946cfb1c1a8895d452fc0645,c29361a649ac0faf6238249d253800a661241aa2c69489de54baa97ee77f0b49,c29361a649ac0faf6238249d253800a661241aa2c69489de54baa97ee77f0b49,c29361a649ac0faf6238249d253800a661241aa2c69489de54baa97ee77f0b49,c29361a649ac0faf6238249d253800a661241aa2c69489de54baa97ee77f0b49,4b329581bd90a739dd5d14c4daafe02b1d30c7ed924ee9d0fe55e4d1c400923a,4b329581bd90a739dd5d14c4daafe02b1d30c7ed924ee9d0fe55e4d1c400923a
523,grid_0523_n6_north_west_east_middle_h3_gate_t18,ccff0696f58a8298f9e06125799f2cf46a94c06dccfd5846256c1b672e0e0124,e4e9d484e67a41982a56af02b4993456a44c0c090fc0125ccf58de4f80af50d3,e4e9d484e67a41982a56af02b4993456a44c0c090fc0125ccf58de4f80af50d3,e4e9d484e67a41982a56af02b4993456a44c0c090fc0125ccf58de4f80af50d3,e4e9d484e67a41982a56af02b4993456a44c0c090fc0125ccf58de4f80af50d3,4b329581bd90a739dd5d14c4daafe02b1d30c7ed924ee9d0fe55e4d1c400923a,4b329581bd90a739dd5d14c4daafe02b1d30c7ed924ee9d0fe55e4d1c400923a
524,grid_0524_n6_north_west_east_middle_h3_staggered_t12,84707d4d72828a23a2c765b9a5dc6d1bef9b1b28692103ec5d4a5cc063b85a4e,ae2402a32b55fc2cd3b4d72f6d4f13ab85947000e4033fa067fd2598ea3297eb,ae2402a32b55fc2cd3b4d72f6d4f13ab85947000e4033fa067fd2598ea3297eb,ae2402a32b55fc2cd3b4d72f6d4f13ab85947000e4033fa067fd2598ea3297eb,ae2402a32b55fc2cd3b4d72f6d4f13ab85947000e4033fa067fd2598ea3297eb,4b329581bd90a739dd5d14c4daafe02b1d30c7ed924ee9d0fe55e4d1c400923a,4b329581bd90a739dd5d14c4daafe02b1d30c7ed924ee9d0fe55e4d1c400923a
525,grid_0525_n6_north_west_east_middle_h3_staggered_t14,c4b0b5838361277a5a0ca9d912557ff32e9d0209d7c127826450341cdbeb38f3,e583cd40b5f7d86ddedc9fb0f76d69b7dadc40d84ede0abae81bdb47c480562e,e583cd40b5f7d86ddedc9fb0f76d69b7dadc40d84ede0abae81bdb47c480562e,e583cd40b5f7d86ddedc9fb0f76d69b7dadc40d84ede0abae81bdb47c480562e,e583cd40b5f7d86ddedc9fb0f76d69b7dadc40d84ede0abae81bdb47c480562e,4b329581bd90a739dd5d14c4daafe02b1d30c7ed924ee9d0fe55e4d1c400923a,4b329581bd90a739dd5d14c4daafe02b1d30c7ed924ee9d0fe55e4d1c400923a
526,grid_0526_n6_north_west_east_middle_h3_staggered_t16,5a8ac0af8ce71b02e65f2492582678f4b07501722272e928d4a22c534e709837,d01ced32a808d54bab5bc3bcdae0191954ad44f826d4b5ed15f9cec4d8f0a044,d01ced32a808d54bab5bc3bcdae0191954ad44f826d4b5ed15f9cec4d8f0a044,d01ced32a808d54bab5bc3bcdae0191954ad44f826d4b5ed15f9cec4d8f0a044,d01ced32a808d54bab5bc3bcdae0191954ad44f826d4b5ed15f9cec4d8f0a044,4b329581bd90a739dd5d14c4daafe02b1d30c7ed924ee9d0fe55e4d1c400923a,4b329581bd90a739dd5d14c4daafe02b1d30c7ed924ee9d0fe55e4d1c400923a
527,grid_0527_n6_north_west_east_middle_h3_staggered_t18,541f8016e3000a680448e14d92c468da1e0ae067d8262d1a42ff0130f3fb6cfe,8cd4185e5b32e0825aba506cce6bcc7535b88c48b0b2c606b93503c609d8ec77,8cd4185e5b32e0825aba506cce6bcc7535b88c48b0b2c606b93503c609d8ec77,8cd4185e5b32e0825aba506cce6bcc7535b88c48b0b2c606b93503c609d8ec77,8cd4185e5b32e0825aba506cce6bcc7535b88c48b0b2c606b93503c609d8ec77,4b329581bd90a739dd5d14c4daafe02b1d30c7ed924ee9d0fe55e4d1c400923a,4b329581bd90a739dd5d14c4daafe02b1d30c7ed924ee9d0fe55e4d1c400923a
528,grid_0528_n6_north_west_south_middle_h0_open_t12,8c480e4c28d5b926a01daabe1fc6a787317890ae6fca1366dfe0ead929bcb2ca,8855ca292b4aee162ee92711093e036afdd9f15229cf246fcb9093c69597d016,8855ca292b4aee162ee92711093e036afdd9f15229cf246fcb9093c69597d016,8855ca292b4aee162ee92711093e036afdd9f15229cf246fcb9093c69597d016,8855ca292b4aee162ee92711093e036afdd9f15229cf246fcb9093c69597d016,4b329581bd90a739dd5d14c4daafe02b1d30c7ed924ee9d0fe55e4d1c400923a,4b329581bd90a739dd5d14c4daafe02b1d30c7ed924ee9d0fe55e4d1c400923a
529,grid_0529_n6_north_west_south_middle_h0_open_t14,dfcc76969b5f1bb3b92634a24380540f025593241655246151933671657dc9ab,6b363f219c22875b5fcf63c29a1b694735e77a281538c8260b66774920a4bc0e,6b363f219c22875b5fcf63c29a1b694735e77a281538c8260b66774920a4bc0e,6b363f219c22875b5fcf63c29a1b694735e77a281538c8260b66774920a4bc0e,6b363f219c22875b5fcf63c29a1b694735e77a281538c8260b66774920a4bc0e,4b329581bd90a739dd5d14c4daafe02b1d30c7ed924ee9d0fe55e4d1c400923a,4b329581bd90a739dd5d14c4daafe02b1d30c7ed924ee9d0fe55e4d1c400923a
530,grid_0530_n6_north_west_south_middle_h0_open_t16,1f9d39427a1b3c05789aa06906f12aa322bc212c92367a02169cd6c67aec56f2,64a7553aa463c0580896cd700649768f71fe6b49dc3b99c227faa5111f4eec33,64a7553aa463c0580896cd700649768f71fe6b49dc3b99c227faa5111f4eec33,64a7553aa463c0580896cd700649768f71fe6b49dc3b99c227faa5111f4eec33,64a7553aa463c0580896cd700649768f71fe6b49dc3b99c227faa5111f4eec33,4b329581bd90a739dd5d14c4daafe02b1d30c7ed924ee9d0fe55e4d1c400923a,4b329581bd90a739dd5d14c4daafe02b1d30c7ed924ee9d0fe55e4d1c400923a
531,grid_0531_n6_north_west_south_middle_h0_open_t18,ccd8beb1605ca1d18fc8bd5e5dfa773a5db95ad3ab0ac4b4b4b11f6e9d4057e9,ff980ac10356bfe694857e70617c45d6f2414b1b704ceea8380cc6dd0857fc19,ff980ac10356bfe694857e70617c45d6f2414b1b704ceea8380cc6dd0857fc19,ff980ac10356bfe694857e70617c45d6f2414b1b704ceea8380cc6dd0857fc19,ff980ac10356bfe694857e70617c45d6f2414b1b704ceea8380cc6dd0857fc19,4b329581bd90a739dd5d14c4daafe02b1d30c7ed924ee9d0fe55e4d1c400923a,4b329581bd90a739dd5d14c4daafe02b1d30c7ed924ee9d0fe55e4d1c400923a
532,grid_0532_n6_north_west_south_middle_h0_gate_t12,76f36b4c20dbc3afc3aecf5bd28b14b51a3aeab5c19c14b24112103fb6c8bc72,3bcc720276ed6f2b525af7a171a87b9929b32650a29e68019bff3f016b4116d1,3bcc720276ed6f2b525af7a171a87b9929b32650a29e68019bff3f016b4116d1,3bcc720276ed6f2b525af7a171a87b9929b32650a29e68019bff3f016b4116d1,3bcc720276ed6f2b525af7a171a87b9929b32650a29e68019bff3f016b4116d1,4b329581bd90a739dd5d14c4daafe02b1d30c7ed924ee9d0fe55e4d1c400923a,4b329581bd90a739dd5d14c4daafe02b1d30c7ed924ee9d0fe55e4d1c400923a
533,grid_0533_n6_north_west_south_middle_h0_gate_t14,fdcc5940664aa55aabf833783b3b788a20c958b0788b1a4b6897b2d85c74bf04,b27d95f922a85d378a74a42e8355399876b6d7b9f7706ee2540378c02d86f5d4,b27d95f922a85d378a74a42e8355399876b6d7b9f7706ee2540378c02d86f5d4,b27d95f922a85d378a74a42e8355399876b6d7b9f7706ee2540378c02d86f5d4,b27d95f922a85d378a74a42e8355399876b6d7b9f7706ee2540378c02d86f5d4,4b329581bd90a739dd5d14c4daafe02b1d30c7ed924ee9d0fe55e4d1c400923a,4b329581bd90a739dd5d14c4daafe02b1d30c7ed924ee9d0fe55e4d1c400923a
534,grid_0534_n6_north_west_south_middle_h0_gate_t16,a1a61571495c0433c21f3aa911dbb70167d528e3c1267e535a9e53e7f0b1431c,d6d8a5e4cba0b7f84a8810b22ed66b88dd2b950b820ef2ed2f8c7f7d8820ac39,d6d8a5e4cba0b7f84a8810b22ed66b88dd2b950b820ef2ed2f8c7f7d8820ac39,d6d8a5e4cba0b7f84a8810b22ed66b88dd2b950b820ef2ed2f8c7f7d8820ac39,d6d8a5e4cba0b7f84a8810b22ed66b88dd2b950b820ef2ed2f8c7f7d8820ac39,4b329581bd90a739dd5d14c4daafe02b1d30c7ed924ee9d0fe55e4d1c400923a,4b329581bd90a739dd5d14c4daafe02b1d30c7ed924ee9d0fe55e4d1c400923a
535,grid_0535_n6_north_west_south_middle_h0_gate_t18,411cc98b4531446279ea4219789deafe1e8d1b294b092ec7c7a446e3940e0c1c,709ab3b4431995382330d86900b05cd51010e37bba42e35445172015aa94aa78,709ab3b4431995382330d86900b05cd51010e37bba42e35445172015aa94aa78,709ab3b4431995382330d86900b05cd51010e37bba42e35445172015aa94aa78,709ab3b4431995382330d86900b05cd51010e37bba42e35445172015aa94aa78,4b329581bd90a739dd5d14c4daafe02b1d30c7ed924ee9d0fe55e4d1c400923a,4b329581bd90a739dd5d14c4daafe02b1d30c7ed924ee9d0fe55e4d1c400923a
536,grid_0536_n6_north_west_south_middle_h0_staggered_t12,b11d4601ffecad64417ecf35540b59b946b3ad9eff00425d7252420bb2ecd3a2,8761272300b193a65ee550fccd35f0cd53f80fe27e781d9a9a64fc4cabccc843,8761272300b193a65ee550fccd35f0cd53f80fe27e781d9a9a64fc4cabccc843,8761272300b193a65ee550fccd35f0cd53f80fe27e781d9a9a64fc4cabccc843,8761272300b193a65ee550fccd35f0cd53f80fe27e781d9a9a64fc4cabccc843,4b329581bd90a739dd5d14c4daafe02b1d30c7ed924ee9d0fe55e4d1c400923a,4b329581bd90a739dd5d14c4daafe02b1d30c7ed924ee9d0fe55e4d1c400923a
537,grid_0537_n6_north_west_south_middle_h0_staggered_t14,6ab31f1a439e8c12d04601c3631bf4b038d3153caf7f109eb7487403fd83cfd2,ff2e0acbe9946fe29ee91a1308918ead21def6f20bff6e47ece690a6fc2a7fd8,ff2e0acbe9946fe29ee91a1308918ead21def6f20bff6e47ece690a6fc2a7fd8,ff2e0acbe9946fe29ee91a1308918ead21def6f20bff6e47ece690a6fc2a7fd8,ff2e0acbe9946fe29ee91a1308918ead21def6f20bff6e47ece690a6fc2a7fd8,4b329581bd90a739dd5d14c4daafe02b1d30c7ed924ee9d0fe55e4d1c400923a,4b329581bd90a739dd5d14c4daafe02b1d30c7ed924ee9d0fe55e4d1c400923a
538,grid_0538_n6_north_west_south_middle_h0_staggered_t16,5443b6e2f5077976895f0be06a019e76c35dd8a83ed12499833697ef3c448d41,d3a414998cbaec95059592d857a10afaae28de6beafb9e1dc92b9b646fa29a30,d3a414998cbaec95059592d857a10afaae28de6beafb9e1dc92b9b646fa29a30,d3a414998cbaec95059592d857a10afaae28de6beafb9e1dc92b9b646fa29a30,d3a414998cbaec95059592d857a10afaae28de6beafb9e1dc92b9b646fa29a30,4b329581bd90a739dd5d14c4daafe02b1d30c7ed924ee9d0fe55e4d1c400923a,4b329581bd90a739dd5d14c4daafe02b1d30c7ed924ee9d0fe55e4d1c400923a
539,grid_0539_n6_north_west_south_middle_h0_staggered_t18,8a9985d9a8e71568c987da56a5d97888678096aab10cda90c5feb7e436c77cbf,25769c0ff116deff36401b3ace2a6f34d0156d6fae7e86d2bce119be53585034,25769c0ff116deff36401b3ace2a6f34d0156d6fae7e86d2bce119be53585034,25769c0ff116deff36401b3ace2a6f34d0156d6fae7e86d2bce119be53585034,25769c0ff116deff36401b3ace2a6f34d0156d6fae7e86d2bce119be53585034,4b329581bd90a739dd5d14c4daafe02b1d30c7ed924ee9d0fe55e4d1c400923a,4b329581bd90a739dd5d14c4daafe02b1d30c7ed924ee9d0fe55e4d1c400923a
540,grid_0540_n6_north_west_south_middle_h1_open_t12,cb95f9bd99f564076135632fcbc60f63c415fe4afd94f3333a608690746086d2,e0df157e888508bab08caa17e9417fd661e0531f62bce42a4e42e61d2f09a3eb,e0df157e888508bab08caa17e9417fd661e0531f62bce42a4e42e61d2f09a3eb,e0df157e888508bab08caa17e9417fd661e0531f62bce42a4e42e61d2f09a3eb,e0df157e888508bab08caa17e9417fd661e0531f62bce42a4e42e61d2f09a3eb,4b329581bd90a739dd5d14c4daafe02b1d30c7ed924ee9d0fe55e4d1c400923a,4b329581bd90a739dd5d14c4daafe02b1d30c7ed924ee9d0fe55e4d1c400923a
541,grid_0541_n6_north_west_south_middle_h1_open_t14,1d5401cf293c54a6fe39346968ff824d19f3b33a12dfbcf72c46247125035fcf,720d70b099b0e0f77f7fa9d29b56c8de88a94a81c868e78b15fe12418489ce1d,720d70b099b0e0f77f7fa9d29b56c8de88a94a81c868e78b15fe12418489ce1d,720d70b099b0e0f77f7fa9d29b56c8de88a94a81c868e78b15fe12418489ce1d,720d70b099b0e0f77f7fa9d29b56c8de88a94a81c868e78b15fe12418489ce1d,4b329581bd90a739dd5d14c4daafe02b1d30c7ed924ee9d0fe55e4d1c400923a,4b329581bd90a739dd5d14c4daafe02b1d30c7ed924ee9d0fe55e4d1c400923a
542,grid_0542_n6_north_west_south_middle_h1_open_t16,e7ca8b241d62737049883d7fd01f7d09222e6dcea14c0bd0a149ca08068477ae,c129616e1b7663775ffbf6fe66cb175fdcd62de125e5f7f13cfc0e793863cc58,c129616e1b7663775ffbf6fe66cb175fdcd62de125e5f7f13cfc0e793863cc58,c129616e1b7663775ffbf6fe66cb175fdcd62de125e5f7f13cfc0e793863cc58,c129616e1b7663775ffbf6fe66cb175fdcd62de125e5f7f13cfc0e793863cc58,4b329581bd90a739dd5d14c4daafe02b1d30c7ed924ee9d0fe55e4d1c400923a,4b329581bd90a739dd5d14c4daafe02b1d30c7ed924ee9d0fe55e4d1c400923a
543,grid_0543_n6_north_west_south_middle_h1_open_t18,7e9cc80bed858f21781785b7707c7db23ea64a02446ee67c3ac784b7b6cc471a,7de3dd716c89b68792a34723a132d489ee88a93ce29d0fe1b113665095810c76,7de3dd716c89b68792a34723a132d489ee88a93ce29d0fe1b113665095810c76,7de3dd716c89b68792a34723a132d489ee88a93ce29d0fe1b113665095810c76,7de3dd716c89b68792a34723a132d489ee88a93ce29d0fe1b113665095810c76,4b329581bd90a739dd5d14c4daafe02b1d30c7ed924ee9d0fe55e4d1c400923a,4b329581bd90a739dd5d14c4daafe02b1d30c7ed924ee9d0fe55e4d1c400923a
544,grid_0544_n6_north_west_south_middle_h1_gate_t12,58531b5e0948d4ff60a9195988595931a3ccb13c49767973167a89b7d6319f53,4210b539c0a238c234307ec1b5bf7f8e6512b393560bbbab8f656c5149b94a62,4210b539c0a238c234307ec1b5bf7f8e6512b393560bbbab8f656c5149b94a62,4210b539c0a238c234307ec1b5bf7f8e6512b393560bbbab8f656c5149b94a62,4210b539c0a238c234307ec1b5bf7f8e6512b393560bbbab8f656c5149b94a62,0dc58cb7edcc5563213f11f22d4d42cabf67fd526c193a155e0e2128bfdc2709,0dc58cb7edcc5563213f11f22d4d42cabf67fd526c193a155e0e2128bfdc2709
545,grid_0545_n6_north_west_south_middle_h1_gate_t14,621a6f8fa0f10edb09d27206f10a33d49c38cceff7334535334a838934aa368e,f4ad9d191252d2bcda7209d65eed1e47d5bbe453c7c3729ae37be026042e76a8,f4ad9d191252d2bcda7209d65eed1e47d5bbe453c7c3729ae37be026042e76a8,f4ad9d191252d2bcda7209d65eed1e47d5bbe453c7c3729ae37be026042e76a8,f4ad9d191252d2bcda7209d65eed1e47d5bbe453c7c3729ae37be026042e76a8,0dc58cb7edcc5563213f11f22d4d42cabf67fd526c193a155e0e2128bfdc2709,0dc58cb7edcc5563213f11f22d4d42cabf67fd526c193a155e0e2128bfdc2709
546,grid_0546_n6_north_west_south_middle_h1_gate_t16,7b03d701b4c40d6cbce700b05a064d2730006bc141edbcb12a07b83f9e3af36f,7243cb00efbb2f388023716d48249c2fd225e6bc8d8aa37b4ce4f04e53f24cad,7243cb00efbb2f388023716d48249c2fd225e6bc8d8aa37b4ce4f04e53f24cad,7243cb00efbb2f388023716d48249c2fd225e6bc8d8aa37b4ce4f04e53f24cad,7243cb00efbb2f388023716d48249c2fd225e6bc8d8aa37b4ce4f04e53f24cad,0dc58cb7edcc5563213f11f22d4d42cabf67fd526c193a155e0e2128bfdc2709,0dc58cb7edcc5563213f11f22d4d42cabf67fd526c193a155e0e2128bfdc2709
547,grid_0547_n6_north_west_south_middle_h1_gate_t18,e853406d1b2cfed0b2e687f560a82ae28852389a28eeb3712aaef5d27c5e9241,25c8ff698834081fd967dfa212a0f28d27ac1ee66f7e476526f98c145e07d248,25c8ff698834081fd967dfa212a0f28d27ac1ee66f7e476526f98c145e07d248,25c8ff698834081fd967dfa212a0f28d27ac1ee66f7e476526f98c145e07d248,25c8ff698834081fd967dfa212a0f28d27ac1ee66f7e476526f98c145e07d248,0dc58cb7edcc5563213f11f22d4d42cabf67fd526c193a155e0e2128bfdc2709,0dc58cb7edcc5563213f11f22d4d42cabf67fd526c193a155e0e2128bfdc2709
548,grid_0548_n6_north_west_south_middle_h1_staggered_t12,7f7ba2c665103ee0664b3a01d9ba9a84a2ff52cec36fd3efc73c36de014091b1,7381c274547ffdf923377d141d0bd35e852b0456f2ac262a1b69cf84e934ff6e,7381c274547ffdf923377d141d0bd35e852b0456f2ac262a1b69cf84e934ff6e,7381c274547ffdf923377d141d0bd35e852b0456f2ac262a1b69cf84e934ff6e,7381c274547ffdf923377d141d0bd35e852b0456f2ac262a1b69cf84e934ff6e,4b329581bd90a739dd5d14c4daafe02b1d30c7ed924ee9d0fe55e4d1c400923a,4b329581bd90a739dd5d14c4daafe02b1d30c7ed924ee9d0fe55e4d1c400923a
549,grid_0549_n6_north_west_south_middle_h1_staggered_t14,8d5876b4db09c573cc4588543cdf51ba9170aa3db1fee3e160442fd009beaa63,5d3c3d400eb9fd74a9f2730605a5a89af31fe4e599ca18816c70f01ed7e6f2a6,5d3c3d400eb9fd74a9f2730605a5a89af31fe4e599ca18816c70f01ed7e6f2a6,5d3c3d400eb9fd74a9f2730605a5a89af31fe4e599ca18816c70f01ed7e6f2a6,5d3c3d400eb9fd74a9f2730605a5a89af31fe4e599ca18816c70f01ed7e6f2a6,4b329581bd90a739dd5d14c4daafe02b1d30c7ed924ee9d0fe55e4d1c400923a,4b329581bd90a739dd5d14c4daafe02b1d30c7ed924ee9d0fe55e4d1c400923a
550,grid_0550_n6_north_west_south_middle_h1_staggered_t16,e041725d58f8913c79259c3846332723cbce6fdf285b83b8ebb3e5ceb4759ca7,73fa89725ceb55bdd422511d42a696d895b66cf6a236c33ea0133a9526114c85,73fa89725ceb55bdd422511d42a696d895b66cf6a236c33ea0133a9526114c85,73fa89725ceb55bdd422511d42a696d895b66cf6a236c33ea0133a9526114c85,73fa89725ceb55bdd422511d42a696d895b66cf6a236c33ea0133a9526114c85,4b329581bd90a739dd5d14c4daafe02b1d30c7ed924ee9d0fe55e4d1c400923a,4b329581bd90a739dd5d14c4daafe02b1d30c7ed924ee9d0fe55e4d1c400923a
551,grid_0551_n6_north_west_south_middle_h1_staggered_t18,fd7a83b32619e8eb6c45b6d3e845d1c8021099c8fb2289ed2b111b32f4db3d3f,60bb04af496941fcd6ac9a76873b66a3f465adef5bccc6d3fafe8deb8208e68a,60bb04af496941fcd6ac9a76873b66a3f465adef5bccc6d3fafe8deb8208e68a,60bb04af496941fcd6ac9a76873b66a3f465adef5bccc6d3fafe8deb8208e68a,60bb04af496941fcd6ac9a76873b66a3f465adef5bccc6d3fafe8deb8208e68a,4b329581bd90a739dd5d14c4daafe02b1d30c7ed924ee9d0fe55e4d1c400923a,4b329581bd90a739dd5d14c4daafe02b1d30c7ed924ee9d0fe55e4d1c400923a
552,grid_0552_n6_north_west_south_middle_h2_open_t12,7e627cc532edfd92ba6ed9c0ab898a705ef0a79fd72377c1cf4cc17bc2c9baad,492f9e1d18bccfa21ad2d1411654f282a87ea2fd73fd10959a9fd2e9142fef7f,492f9e1d18bccfa21ad2d1411654f282a87ea2fd73fd10959a9fd2e9142fef7f,492f9e1d18bccfa21ad2d1411654f282a87ea2fd73fd10959a9fd2e9142fef7f,492f9e1d18bccfa21ad2d1411654f282a87ea2fd73fd10959a9fd2e9142fef7f,62155e695d2dc75b8e89b55da694af90ead199e399dfefe762166d56233eebd9,62155e695d2dc75b8e89b55da694af90ead199e399dfefe762166d56233eebd9
553,grid_0553_n6_north_west_south_middle_h2_open_t14,b17b545da04fc91951e2878070a4231325a302d6a1df08ab9f8b1147d278bb62,5bfc89b7f4965a9014bffaa740ecf3c96f8234935ed8b15c604fb5ad785d8272,5bfc89b7f4965a9014bffaa740ecf3c96f8234935ed8b15c604fb5ad785d8272,5bfc89b7f4965a9014bffaa740ecf3c96f8234935ed8b15c604fb5ad785d8272,5bfc89b7f4965a9014bffaa740ecf3c96f8234935ed8b15c604fb5ad785d8272,62155e695d2dc75b8e89b55da694af90ead199e399dfefe762166d56233eebd9,62155e695d2dc75b8e89b55da694af90ead199e399dfefe762166d56233eebd9
554,grid_0554_n6_north_west_south_middle_h2_open_t16,8622433943c0e6030bb00ac95f6e122e23fbd1f4a8fbfb4125a6a9e7726922be,82dfdb9b24580998772027b0e8f52ea2872d651609cb13b4c002b08adbc6f99b,82dfdb9b24580998772027b0e8f52ea2872d651609cb13b4c002b08adbc6f99b,82dfdb9b24580998772027b0e8f52ea2872d651609cb13b4c002b08adbc6f99b,82dfdb9b24580998772027b0e8f52ea2872d651609cb13b4c002b08adbc6f99b,62155e695d2dc75b8e89b55da694af90ead199e399dfefe762166d56233eebd9,62155e695d2dc75b8e89b55da694af90ead199e399dfefe762166d56233eebd9
555,grid_0555_n6_north_west_south_middle_h2_open_t18,56d3b3a314b5e4482bd37568c99400b0bea88414a6133bb905dac9828aaf8945,3034401a1634347f76f391f9cb99a61499c671ea14f7b6e57dca84f87ca925ef,3034401a1634347f76f391f9cb99a61499c671ea14f7b6e57dca84f87ca925ef,3034401a1634347f76f391f9cb99a61499c671ea14f7b6e57dca84f87ca925ef,3034401a1634347f76f391f9cb99a61499c671ea14f7b6e57dca84f87ca925ef,62155e695d2dc75b8e89b55da694af90ead199e399dfefe762166d56233eebd9,62155e695d2dc75b8e89b55da694af90ead199e399dfefe762166d56233eebd9
556,grid_0556_n6_north_west_south_middle_h2_gate_t12,c0fe74cfb2761351f810a32d9ffb9e6ac7a95e6319a04d0ba8d7b656bf5df77d,73c3bb8bcc54cdbfda13815e94345d0fea80995995b73bf05f8c67c6d0ef9651,73c3bb8bcc54cdbfda13815e94345d0fea80995995b73bf05f8c67c6d0ef9651,73c3bb8bcc54cdbfda13815e94345d0fea80995995b73bf05f8c67c6d0ef9651,73c3bb8bcc54cdbfda13815e94345d0fea80995995b73bf05f8c67c6d0ef9651,62155e695d2dc75b8e89b55da694af90ead199e399dfefe762166d56233eebd9,62155e695d2dc75b8e89b55da694af90ead199e399dfefe762166d56233eebd9
557,grid_0557_n6_north_west_south_middle_h2_gate_t14,d577000977a00832321f8de5ba3b923bae9d5a62960f21b7aa1c9f8d9aef8560,62eccf0f62d80eb1495703d9fa4d629184f191ed17f2e072e43826e463bcb5d7,62eccf0f62d80eb1495703d9fa4d629184f191ed17f2e072e43826e463bcb5d7,62eccf0f62d80eb1495703d9fa4d629184f191ed17f2e072e43826e463bcb5d7,62eccf0f62d80eb1495703d9fa4d629184f191ed17f2e072e43826e463bcb5d7,62155e695d2dc75b8e89b55da694af90ead199e399dfefe762166d56233eebd9,62155e695d2dc75b8e89b55da694af90ead199e399dfefe762166d56233eebd9
558,grid_0558_n6_north_west_south_middle_h2_gate_t16,b17aac530b04bb50904eb0963b111388656bfd3e24f463312bc8176d019dec27,beab250c36da193a2ccf6cb82303108ac8935f6882267ad2700fec15149a9658,beab250c36da193a2ccf6cb82303108ac8935f6882267ad2700fec15149a9658,beab250c36da193a2ccf6cb82303108ac8935f6882267ad2700fec15149a9658,beab250c36da193a2ccf6cb82303108ac8935f6882267ad2700fec15149a9658,62155e695d2dc75b8e89b55da694af90ead199e399dfefe762166d56233eebd9,62155e695d2dc75b8e89b55da694af90ead199e399dfefe762166d56233eebd9
559,grid_0559_n6_north_west_south_middle_h2_gate_t18,17db4f4ee321127352429a54301b76fd0bc1b90761113b69fccdf5db5c94346b,d79a22fea0feabf8031b0ffb14807b2d920c5a6ff2e404910dfdba13a0808c8c,d79a22fea0feabf8031b0ffb14807b2d920c5a6ff2e404910dfdba13a0808c8c,d79a22fea0feabf8031b0ffb14807b2d920c5a6ff2e404910dfdba13a0808c8c,d79a22fea0feabf8031b0ffb14807b2d920c5a6ff2e404910dfdba13a0808c8c,62155e695d2dc75b8e89b55da694af90ead199e399dfefe762166d56233eebd9,62155e695d2dc75b8e89b55da694af90ead199e399dfefe762166d56233eebd9
560,grid_0560_n6_north_west_south_middle_h2_staggered_t12,2972ad1aa96143cbbe77ecdd99b43df4468d1e4fa059ddf8488e50b537722619,15e051387ebeb17932de82e29ee51365613d81c4f8950f3b168f8c50c1f37a68,15e051387ebeb17932de82e29ee51365613d81c4f8950f3b168f8c50c1f37a68,15e051387ebeb17932de82e29ee51365613d81c4f8950f3b168f8c50c1f37a68,15e051387ebeb17932de82e29ee51365613d81c4f8950f3b168f8c50c1f37a68,62155e695d2dc75b8e89b55da694af90ead199e399dfefe762166d56233eebd9,62155e695d2dc75b8e89b55da694af90ead199e399dfefe762166d56233eebd9
561,grid_0561_n6_north_west_south_middle_h2_staggered_t14,94e1d9aba8d0768f775ecf21a9c8a1544df996e3669015f69edc480a7e8bc252,88c874eb0fa4a87778203adcbe7a9c3af40b23494e2bed940a30accd73de52d6,88c874eb0fa4a87778203adcbe7a9c3af40b23494e2bed940a30accd73de52d6,88c874eb0fa4a87778203adcbe7a9c3af40b23494e2bed940a30accd73de52d6,88c874eb0fa4a87778203adcbe7a9c3af40b23494e2bed940a30accd73de52d6,62155e695d2dc75b8e89b55da694af90ead199e399dfefe762166d56233eebd9,62155e695d2dc75b8e89b55da694af90ead199e399dfefe762166d56233eebd9
562,grid_0562_n6_north_west_south_middle_h2_staggered_t16,5044167857c761f910a9b4e5ca237a30fe7a6135613a36f40c918ae893adbdf2,9e15ce2aa62c92c73f7496a4a979e0848596d8801e593718ee97d1d172269748,9e15ce2aa62c92c73f7496a4a979e0848596d8801e593718ee97d1d172269748,9e15ce2aa62c92c73f7496a4a979e0848596d8801e593718ee97d1d172269748,9e15ce2aa62c92c73f7496a4a979e0848596d8801e593718ee97d1d172269748,62155e695d2dc75b8e89b55da694af90ead199e399dfefe762166d56233eebd9,62155e695d2dc75b8e89b55da694af90ead199e399dfefe762166d56233eebd9
563,grid_0563_n6_north_west_south_middle_h2_staggered_t18,0e2b079dc1936af466825de7f2500d0759dc018aedf526816a232fd0102f4b37,167e6038b568c009d41bda5bd606ba18ca93511f1b0117a922ca8d8763041637,167e6038b568c009d41bda5bd606ba18ca93511f1b0117a922ca8d8763041637,167e6038b568c009d41bda5bd606ba18ca93511f1b0117a922ca8d8763041637,167e6038b568c009d41bda5bd606ba18ca93511f1b0117a922ca8d8763041637,62155e695d2dc75b8e89b55da694af90ead199e399dfefe762166d56233eebd9,62155e695d2dc75b8e89b55da694af90ead199e399dfefe762166d56233eebd9
564,grid_0564_n6_north_west_south_middle_h3_open_t12,1df0f2920d9e7ee118ca922ba64958679dd010aad1fef48ea94600138e92968c,eaa5d9dfc406afb8d95d580d556452b2de61e4f7278b28ede21b406d419153ea,eaa5d9dfc406afb8d95d580d556452b2de61e4f7278b28ede21b406d419153ea,eaa5d9dfc406afb8d95d580d556452b2de61e4f7278b28ede21b406d419153ea,eaa5d9dfc406afb8d95d580d556452b2de61e4f7278b28ede21b406d419153ea,4b329581bd90a739dd5d14c4daafe02b1d30c7ed924ee9d0fe55e4d1c400923a,4b329581bd90a739dd5d14c4daafe02b1d30c7ed924ee9d0fe55e4d1c400923a
565,grid_0565_n6_north_west_south_middle_h3_open_t14,6cdaef6ced3bab21f5bfdf0361896cd4bec7c834c955ad2460dbfc08606c0aed,8f237fb1c809e0e0df585bcc11584952cfd7bccdbe82a9a7e63678a81e5c149d,8f237fb1c809e0e0df585bcc11584952cfd7bccdbe82a9a7e63678a81e5c149d,8f237fb1c809e0e0df585bcc11584952cfd7bccdbe82a9a7e63678a81e5c149d,8f237fb1c809e0e0df585bcc11584952cfd7bccdbe82a9a7e63678a81e5c149d,4b329581bd90a739dd5d14c4daafe02b1d30c7ed924ee9d0fe55e4d1c400923a,4b329581bd90a739dd5d14c4daafe02b1d30c7ed924ee9d0fe55e4d1c400923a
566,grid_0566_n6_north_west_south_middle_h3_open_t16,1710684a97c1e0259a299d982c766871401b69fdcb670ec2637a2bce0193786d,07b8d0aebabb04895b773a1e12e747a3bfd12998c972abfb6b0e41a6d23cf875,07b8d0aebabb04895b773a1e12e747a3bfd12998c972abfb6b0e41a6d23cf875,07b8d0aebabb04895b773a1e12e747a3bfd12998c972abfb6b0e41a6d23cf875,07b8d0aebabb04895b773a1e12e747a3bfd12998c972abfb6b0e41a6d23cf875,4b329581bd90a739dd5d14c4daafe02b1d30c7ed924ee9d0fe55e4d1c400923a,4b329581bd90a739dd5d14c4daafe02b1d30c7ed924ee9d0fe55e4d1c400923a
567,grid_0567_n6_north_west_south_middle_h3_open_t18,5f1869aa1f9b7c7878a2905b5b486ee9a8f78387e8d1b391e80bd8ea62075c3b,00a446b72ff9eebe1714b39a541f4633d1ee184bbbb5b030e01dd54f895e13a9,00a446b72ff9eebe1714b39a541f4633d1ee184bbbb5b030e01dd54f895e13a9,00a446b72ff9eebe1714b39a541f4633d1ee184bbbb5b030e01dd54f895e13a9,00a446b72ff9eebe1714b39a541f4633d1ee184bbbb5b030e01dd54f895e13a9,4b329581bd90a739dd5d14c4daafe02b1d30c7ed924ee9d0fe55e4d1c400923a,4b329581bd90a739dd5d14c4daafe02b1d30c7ed924ee9d0fe55e4d1c400923a
568,grid_0568_n6_north_west_south_middle_h3_gate_t12,a313af3262098b92f2787d156a30070460f7803b301b71d095ef5fd2bda75bea,0e3c1a25b9cbcb7b544a1c2492faa771cab8a070d32fb5cb9534b0a817828fa2,0e3c1a25b9cbcb7b544a1c2492faa771cab8a070d32fb5cb9534b0a817828fa2,0e3c1a25b9cbcb7b544a1c2492faa771cab8a070d32fb5cb9534b0a817828fa2,0e3c1a25b9cbcb7b544a1c2492faa771cab8a070d32fb5cb9534b0a817828fa2,4b329581bd90a739dd5d14c4daafe02b1d30c7ed924ee9d0fe55e4d1c400923a,4b329581bd90a739dd5d14c4daafe02b1d30c7ed924ee9d0fe55e4d1c400923a
569,grid_0569_n6_north_west_south_middle_h3_gate_t14,490b0eef7c33cb8faa940c06bf2d28ef3ce7598adf90254aae3c14be6a0a2bc1,790c1717d29078211ac2a56c1cfff29273c8bc75b60cf98a4f0c5aaee4d7c0a7,790c1717d29078211ac2a56c1cfff29273c8bc75b60cf98a4f0c5aaee4d7c0a7,790c1717d29078211ac2a56c1cfff29273c8bc75b60cf98a4f0c5aaee4d7c0a7,790c1717d29078211ac2a56c1cfff29273c8bc75b60cf98a4f0c5aaee4d7c0a7,4b329581bd90a739dd5d14c4daafe02b1d30c7ed924ee9d0fe55e4d1c400923a,4b329581bd90a739dd5d14c4daafe02b1d30c7ed924ee9d0fe55e4d1c400923a
570,grid_0570_n6_north_west_south_middle_h3_gate_t16,9c1b524c17b55615e66c76c76d2911387d16d3d9090b90d05c4e1c3e8d76778a,83ef2c7abde3440e880e413fa8655b05b9ccf5a6c2e5196513d62d9ea8835a67,83ef2c7abde3440e880e413fa8655b05b9ccf5a6c2e5196513d62d9ea8835a67,83ef2c7abde3440e880e413fa8655b05b9ccf5a6c2e5196513d62d9ea8835a67,83ef2c7abde3440e880e413fa8655b05b9ccf5a6c2e5196513d62d9ea8835a67,4b329581bd90a739dd5d14c4daafe02b1d30c7ed924ee9d0fe55e4d1c400923a,4b329581bd90a739dd5d14c4daafe02b1d30c7ed924ee9d0fe55e4d1c400923a
571,grid_0571_n6_north_west_south_middle_h3_gate_t18,097854fcee32df64de785dc104981b3d4ae6ee4fabb26dd4cfdef181fcf7cdf7,f98de9d4f3563f233e04bf43bd78571befcd8014d6eaa61caec85ebf01738012,f98de9d4f3563f233e04bf43bd78571befcd8014d6eaa61caec85ebf01738012,f98de9d4f3563f233e04bf43bd78571befcd8014d6eaa61caec85ebf01738012,f98de9d4f3563f233e04bf43bd78571befcd8014d6eaa61caec85ebf01738012,4b329581bd90a739dd5d14c4daafe02b1d30c7ed924ee9d0fe55e4d1c400923a,4b329581bd90a739dd5d14c4daafe02b1d30c7ed924ee9d0fe55e4d1c400923a
572,grid_0572_n6_north_west_south_middle_h3_staggered_t12,c2830fbf97fbad98bec871c638a9b719a251c48524cf29619be2c6c48d3978a2,bf7de51104506057638a3923e56cf8ebf585cdcbf6cc2886595e1df3bb0fb381,bf7de51104506057638a3923e56cf8ebf585cdcbf6cc2886595e1df3bb0fb381,bf7de51104506057638a3923e56cf8ebf585cdcbf6cc2886595e1df3bb0fb381,bf7de51104506057638a3923e56cf8ebf585cdcbf6cc2886595e1df3bb0fb381,4b329581bd90a739dd5d14c4daafe02b1d30c7ed924ee9d0fe55e4d1c400923a,4b329581bd90a739dd5d14c4daafe02b1d30c7ed924ee9d0fe55e4d1c400923a
573,grid_0573_n6_north_west_south_middle_h3_staggered_t14,f997aa5f8606947445288565df2e4fea6e079138fbc942fc6e5e8e1c21d662a6,60ddd97fd24144fb0410f43438e0f1939068af1a6b51c24e5b3533851b1e0ba2,60ddd97fd24144fb0410f43438e0f1939068af1a6b51c24e5b3533851b1e0ba2,60ddd97fd24144fb0410f43438e0f1939068af1a6b51c24e5b3533851b1e0ba2,60ddd97fd24144fb0410f43438e0f1939068af1a6b51c24e5b3533851b1e0ba2,4b329581bd90a739dd5d14c4daafe02b1d30c7ed924ee9d0fe55e4d1c400923a,4b329581bd90a739dd5d14c4daafe02b1d30c7ed924ee9d0fe55e4d1c400923a
574,grid_0574_n6_north_west_south_middle_h3_staggered_t16,2f54314bdb722fbeac364be2f039a622e55a9de06e375f7eb292fa5664ba68c0,3f949f0f38bb8072b3b4a3f7705872aba94150b7bb9d7ecfccd730a80d5a9fb4,3f949f0f38bb8072b3b4a3f7705872aba94150b7bb9d7ecfccd730a80d5a9fb4,3f949f0f38bb8072b3b4a3f7705872aba94150b7bb9d7ecfccd730a80d5a9fb4,3f949f0f38bb8072b3b4a3f7705872aba94150b7bb9d7ecfccd730a80d5a9fb4,4b329581bd90a739dd5d14c4daafe02b1d30c7ed924ee9d0fe55e4d1c400923a,4b329581bd90a739dd5d14c4daafe02b1d30c7ed924ee9d0fe55e4d1c400923a
575,grid_0575_n6_north_west_south_middle_h3_staggered_t18,a6fe45dad2137b48363567d2c31a42fa9fc1acf105f26ba3b14a44335a0344de,2d7c4a1cc7832d6263877c95711b4df01528c37a561bfbd0ef3e32b5979ba39d,2d7c4a1cc7832d6263877c95711b4df01528c37a561bfbd0ef3e32b5979ba39d,2d7c4a1cc7832d6263877c95711b4df01528c37a561bfbd0ef3e32b5979ba39d,2d7c4a1cc7832d6263877c95711b4df01528c37a561bfbd0ef3e32b5979ba39d,4b329581bd90a739dd5d14c4daafe02b1d30c7ed924ee9d0fe55e4d1c400923a,4b329581bd90a739dd5d14c4daafe02b1d30c7ed924ee9d0fe55e4d1c400923a
576,grid_0576_n6_north_east_south_east_h0_open_t12,0b7197ce96a5994cc6c5adc3be8ece87301df6cd15f170818f67c951a937af2d,388689ab91a09629311589cff6ad9a5b4e66e8d11818c9577e10af539e57fb48,388689ab91a09629311589cff6ad9a5b4e66e8d11818c9577e10af539e57fb48,388689ab91a09629311589cff6ad9a5b4e66e8d11818c9577e10af539e57fb48,388689ab91a09629311589cff6ad9a5b4e66e8d11818c9577e10af539e57fb48,b3f251fe70c4fdb3ea783fbfa87b8f5fedaccad1bfb35adc66009b7425b594f6,b3f251fe70c4fdb3ea783fbfa87b8f5fedaccad1bfb35adc66009b7425b594f6
577,grid_0577_n6_north_east_south_east_h0_open_t14,1cfce0cd8125bf53518948e3761a039ea34becfe5accac2e3faf0106d006bf8b,eceb0075a7435046b3b56ce8bbb325b30853302ead7d30ba4ef204b38c3901be,eceb0075a7435046b3b56ce8bbb325b30853302ead7d30ba4ef204b38c3901be,eceb0075a7435046b3b56ce8bbb325b30853302ead7d30ba4ef204b38c3901be,eceb0075a7435046b3b56ce8bbb325b30853302ead7d30ba4ef204b38c3901be,b3f251fe70c4fdb3ea783fbfa87b8f5fedaccad1bfb35adc66009b7425b594f6,b3f251fe70c4fdb3ea783fbfa87b8f5fedaccad1bfb35adc66009b7425b594f6
578,grid_0578_n6_north_east_south_east_h0_open_t16,b5f15c189cc16126bfe90a8fea40bbc5ed12d614d7adaaf6e42cf3448d9fcf3e,8416d1b7ae832cb5cc39a0febadfab527a38fc03fef6fefb92792f4dae4d617b,8416d1b7ae832cb5cc39a0febadfab527a38fc03fef6fefb92792f4dae4d617b,8416d1b7ae832cb5cc39a0febadfab527a38fc03fef6fefb92792f4dae4d617b,8416d1b7ae832cb5cc39a0febadfab527a38fc03fef6fefb92792f4dae4d617b,b3f251fe70c4fdb3ea783fbfa87b8f5fedaccad1bfb35adc66009b7425b594f6,b3f251fe70c4fdb3ea783fbfa87b8f5fedaccad1bfb35adc66009b7425b594f6
579,grid_0579_n6_north_east_south_east_h0_open_t18,c9a769b126d601d19a4aace793f2368ac744e7c5833da06c0e4589e774c1a69f,d88981b2b965a033fc3d88724b02e0ad3ef23aab0042282bd65f2d491f7923ee,d88981b2b965a033fc3d88724b02e0ad3ef23aab0042282bd65f2d491f7923ee,d88981b2b965a033fc3d88724b02e0ad3ef23aab0042282bd65f2d491f7923ee,d88981b2b965a033fc3d88724b02e0ad3ef23aab0042282bd65f2d491f7923ee,b3f251fe70c4fdb3ea783fbfa87b8f5fedaccad1bfb35adc66009b7425b594f6,b3f251fe70c4fdb3ea783fbfa87b8f5fedaccad1bfb35adc66009b7425b594f6
580,grid_0580_n6_north_east_south_east_h0_gate_t12,7ddfa29ff936b97b1dc8f9c9410b7cb661a8e77d24fd3f4777f51bcc15451cc7,388689ab91a09629311589cff6ad9a5b4e66e8d11818c9577e10af539e57fb48,388689ab91a09629311589cff6ad9a5b4e66e8d11818c9577e10af539e57fb48,388689ab91a09629311589cff6ad9a5b4e66e8d11818c9577e10af539e57fb48,388689ab91a09629311589cff6ad9a5b4e66e8d11818c9577e10af539e57fb48,b3f251fe70c4fdb3ea783fbfa87b8f5fedaccad1bfb35adc66009b7425b594f6,b3f251fe70c4fdb3ea783fbfa87b8f5fedaccad1bfb35adc66009b7425b594f6
581,grid_0581_n6_north_east_south_east_h0_gate_t14,6651d0546276251f3a7011ba50c5b6f1b3cfecf49f993ab0ac798153887a835c,eceb0075a7435046b3b56ce8bbb325b30853302ead7d30ba4ef204b38c3901be,eceb0075a7435046b3b56ce8bbb325b30853302ead7d30ba4ef204b38c3901be,eceb0075a7435046b3b56ce8bbb325b30853302ead7d30ba4ef204b38c3901be,eceb0075a7435046b3b56ce8bbb325b30853302ead7d30ba4ef204b38c3901be,b3f251fe70c4fdb3ea783fbfa87b8f5fedaccad1bfb35adc66009b7425b594f6,b3f251fe70c4fdb3ea783fbfa87b8f5fedaccad1bfb35adc66009b7425b594f6
582,grid_0582_n6_north_east_south_east_h0_gate_t16,a0da258724ac66c57459618647238bc866bd2b86c9dd1e1a9fdad89c8519eb13,8416d1b7ae832cb5cc39a0febadfab527a38fc03fef6fefb92792f4dae4d617b,8416d1b7ae832cb5cc39a0febadfab527a38fc03fef6fefb92792f4dae4d617b,8416d1b7ae832cb5cc39a0febadfab527a38fc03fef6fefb92792f4dae4d617b,8416d1b7ae832cb5cc39a0febadfab527a38fc03fef6fefb92792f4dae4d617b,b3f251fe70c4fdb3ea783fbfa87b8f5fedaccad1bfb35adc66009b7425b594f6,b3f251fe70c4fdb3ea783fbfa87b8f5fedaccad1bfb35adc66009b7425b594f6
583,grid_0583_n6_north_east_south_east_h0_gate_t18,804ff0a853f4db4150c4527c7108e1fdf2ff165af36309b30f88304c554765b4,d88981b2b965a033fc3d88724b02e0ad3ef23aab0042282bd65f2d491f7923ee,d88981b2b965a033fc3d88724b02e0ad3ef23aab0042282bd65f2d491f7923ee,d88981b2b965a033fc3d88724b02e0ad3ef23aab0042282bd65f2d491f7923ee,d88981b2b965a033fc3d88724b02e0ad3ef23aab0042282bd65f2d491f7923ee,b3f251fe70c4fdb3ea783fbfa87b8f5fedaccad1bfb35adc66009b7425b594f6,b3f251fe70c4fdb3ea783fbfa87b8f5fedaccad1bfb35adc66009b7425b594f6
584,grid_0584_n6_north_east_south_east_h0_staggered_t12,710dd8a11aa8941062af0e7e4c36c07bc7c9490fcd624b4baa678e6bfbdb5923,d8c428cd8ff038395d728dbb81111dd5d096e6b602a92e4b7137ead01e751417,d8c428cd8ff038395d728dbb81111dd5d096e6b602a92e4b7137ead01e751417,d8c428cd8ff038395d728dbb81111dd5d096e6b602a92e4b7137ead01e751417,d8c428cd8ff038395d728dbb81111dd5d096e6b602a92e4b7137ead01e751417,b3f251fe70c4fdb3ea783fbfa87b8f5fedaccad1bfb35adc66009b7425b594f6,b3f251fe70c4fdb3ea783fbfa87b8f5fedaccad1bfb35adc66009b7425b594f6
585,grid_0585_n6_north_east_south_east_h0_staggered_t14,af1e14e032a7bd6794a0b51d96a27385cc048c38cbedccb0a1dd080d3c509a8a,61555e685ea5602dab87ac0a0518385031ec64a5f13c4c08f0730be4b31d081e,61555e685ea5602dab87ac0a0518385031ec64a5f13c4c08f0730be4b31d081e,61555e685ea5602dab87ac0a0518385031ec64a5f13c4c08f0730be4b31d081e,61555e685ea5602dab87ac0a0518385031ec64a5f13c4c08f0730be4b31d081e,b3f251fe70c4fdb3ea783fbfa87b8f5fedaccad1bfb35adc66009b7425b594f6,b3f251fe70c4fdb3ea783fbfa87b8f5fedaccad1bfb35adc66009b7425b594f6
586,grid_0586_n6_north_east_south_east_h0_staggered_t16,a3e8f3f401df58477687598c3e7c79d85f8df26f2decc7d53a926b6e2b998b13,a616781e4cc7a1ed38fd99492cc429e1c935a6c860dcd93f910862cfb0c74fc7,a616781e4cc7a1ed38fd99492cc429e1c935a6c860dcd93f910862cfb0c74fc7,a616781e4cc7a1ed38fd99492cc429e1c935a6c860dcd93f910862cfb0c74fc7,a616781e4cc7a1ed38fd99492cc429e1c935a6c860dcd93f910862cfb0c74fc7,b3f251fe70c4fdb3ea783fbfa87b8f5fedaccad1bfb35adc66009b7425b594f6,b3f251fe70c4fdb3ea783fbfa87b8f5fedaccad1bfb35adc66009b7425b594f6
587,grid_0587_n6_north_east_south_east_h0_staggered_t18,38adfcbeb58bfe6ed997726ea12ce65e9a8c428cb50e5ec55b4adfd8427cc475,dbc6a944fcbd091fd71a2480fe2bd3ecd19038c1cde52933cdeed46df6f85071,dbc6a944fcbd091fd71a2480fe2bd3ecd19038c1cde52933cdeed46df6f85071,dbc6a944fcbd091fd71a2480fe2bd3ecd19038c1cde52933cdeed46df6f85071,dbc6a944fcbd091fd71a2480fe2bd3ecd19038c1cde52933cdeed46df6f85071,b3f251fe70c4fdb3ea783fbfa87b8f5fedaccad1bfb35adc66009b7425b594f6,b3f251fe70c4fdb3ea783fbfa87b8f5fedaccad1bfb35adc66009b7425b594f6
588,grid_0588_n6_north_east_south_east_h1_open_t12,88273c3f62c1d99d9ca21f59e3a457453f09ff5b3d8f84f04aabd5e29de9eaf2,a725303dadf40483cf59730c023ed33cfeb58347e9856312cdf5369292bf21ca,a725303dadf40483cf59730c023ed33cfeb58347e9856312cdf5369292bf21ca,a725303dadf40483cf59730c023ed33cfeb58347e9856312cdf5369292bf21ca,a725303dadf40483cf59730c023ed33cfeb58347e9856312cdf5369292bf21ca,61fe32705301c8d50e245656af6ae822b60dcf846b71030603a5813e47c82638,61fe32705301c8d50e245656af6ae822b60dcf846b71030603a5813e47c82638
589,grid_0589_n6_north_east_south_east_h1_open_t14,ea077f0f114876a404ad02ad473223b9021581d1aa305989298b88ec5f39a7b4,62ef8d6e3b164bfc18eea1f777cba80fa65532430384d5af354ce09d1db4bb2c,62ef8d6e3b164bfc18eea1f777cba80fa65532430384d5af354ce09d1db4bb2c,62ef8d6e3b164bfc18eea1f777cba80fa65532430384d5af354ce09d1db4bb2c,62ef8d6e3b164bfc18eea1f777cba80fa65532430384d5af354ce09d1db4bb2c,61fe32705301c8d50e245656af6ae822b60dcf846b71030603a5813e47c82638,61fe32705301c8d50e245656af6ae822b60dcf846b71030603a5813e47c82638
590,grid_0590_n6_north_east_south_east_h1_open_t16,7247dcb72d9bfd0988e944938447a6dfd0aebeaba84e147f3cd58fdc30f68a29,7077e5bc99a6d7afebdabcc672d725faec7b9e3861c8d326fd0884acb2ae8f87,7077e5bc99a6d7afebdabcc672d725faec7b9e3861c8d326fd0884acb2ae8f87,7077e5bc99a6d7afebdabcc672d725faec7b9e3861c8d326fd0884acb2ae8f87,7077e5bc99a6d7afebdabcc672d725faec7b9e3861c8d326fd0884acb2ae8f87,61fe32705301c8d50e245656af6ae822b60dcf846b71030603a5813e47c82638,61fe32705301c8d50e245656af6ae822b60dcf846b71030603a5813e47c82638
591,grid_0591_n6_north_east_south_east_h1_open_t18,ba9e9a3459cf40b78d181576fa1b9026d0247534e4a97762957c83c8f9799bfc,e8ba94617f4a0fd223e42247d8b05b7fadf35dad2d27c6f8eee8f7315925c5e9,e8ba94617f4a0fd223e42247d8b05b7fadf35dad2d27c6f8eee8f7315925c5e9,e8ba94617f4a0fd223e42247d8b05b7fadf35dad2d27c6f8eee8f7315925c5e9,e8ba94617f4a0fd223e42247d8b05b7fadf35dad2d27c6f8eee8f7315925c5e9,61fe32705301c8d50e245656af6ae822b60dcf846b71030603a5813e47c82638,61fe32705301c8d50e245656af6ae822b60dcf846b71030603a5813e47c82638
592,grid_0592_n6_north_east_south_east_h1_gate_t12,dfa58a68731c79ee0518606390cac56e391c1b3f6627eba492c6c557ec714326,f9e85a47696fa11c36304aa36e9a9b45a8d250ce4dbc660007ad2f3289b9df79,f9e85a47696fa11c36304aa36e9a9b45a8d250ce4dbc660007ad2f3289b9df79,f9e85a47696fa11c36304aa36e9a9b45a8d250ce4dbc660007ad2f3289b9df79,f9e85a47696fa11c36304aa36e9a9b45a8d250ce4dbc660007ad2f3289b9df79,61fe32705301c8d50e245656af6ae822b60dcf846b71030603a5813e47c82638,61fe32705301c8d50e245656af6ae822b60dcf846b71030603a5813e47c82638
593,grid_0593_n6_north_east_south_east_h1_gate_t14,35ff6905310cfe83cf599d43ea78a4e27e34709012b76bfbda994a7517a59dca,31bb4c0a8e91528647454546dead1c0d468533096fc2593bf3873bba3f67b383,31bb4c0a8e91528647454546dead1c0d468533096fc2593bf3873bba3f67b383,31bb4c0a8e91528647454546dead1c0d468533096fc2593bf3873bba3f67b383,31bb4c0a8e91528647454546dead1c0d468533096fc2593bf3873bba3f67b383,61fe32705301c8d50e245656af6ae822b60dcf846b71030603a5813e47c82638,61fe32705301c8d50e245656af6ae822b60dcf846b71030603a5813e47c82638
594,grid_0594_n6_north_east_south_east_h1_gate_t16,cceaa95d452f95b5c5dc2136af720628914872f3541af5ed96ad07a328370e5f,541cd3679b83433c7760ae8080e2177a6191e2990fe9296f039704f8616345a1,541cd3679b83433c7760ae8080e2177a6191e2990fe9296f039704f8616345a1,541cd3679b83433c7760ae8080e2177a6191e2990fe9296f039704f8616345a1,541cd3679b83433c7760ae8080e2177a6191e2990fe9296f039704f8616345a1,61fe32705301c8d50e245656af6ae822b60dcf846b71030603a5813e47c82638,61fe32705301c8d50e245656af6ae822b60dcf846b71030603a5813e47c82638
595,grid_0595_n6_north_east_south_east_h1_gate_t18,712afbab121888fe5d890b5bc2c867a141dfb063d581616457aaa402361177ce,14644a39dc7ade59a8f5782da9e0b74fb1ba84aab3b656d4d3c3035a8d367563,14644a39dc7ade59a8f5782da9e0b74fb1ba84aab3b656d4d3c3035a8d367563,14644a39dc7ade59a8f5782da9e0b74fb1ba84aab3b656d4d3c3035a8d367563,14644a39dc7ade59a8f5782da9e0b74fb1ba84aab3b656d4d3c3035a8d367563,61fe32705301c8d50e245656af6ae822b60dcf846b71030603a5813e47c82638,61fe32705301c8d50e245656af6ae822b60dcf846b71030603a5813e47c82638
596,grid_0596_n6_north_east_south_east_h1_staggered_t12,a300e3286ede9ba82a0126be2c269fd9fe4c23b257ecd29c5b624ac7b4fa5b4d,ee555e6f5837f8cd6b3299b39179d30ab1be70319d73082a786ca16e4020c5ff,ee555e6f5837f8cd6b3299b39179d30ab1be70319d73082a786ca16e4020c5ff,ee555e6f5837f8cd6b3299b39179d30ab1be70319d73082a786ca16e4020c5ff,ee555e6f5837f8cd6b3299b39179d30ab1be70319d73082a786ca16e4020c5ff,61fe32705301c8d50e245656af6ae822b60dcf846b71030603a5813e47c82638,61fe32705301c8d50e245656af6ae822b60dcf846b71030603a5813e47c82638
597,grid_0597_n6_north_east_south_east_h1_staggered_t14,8029c45eed6ee5edbaa276181289604417e3419f2dc170a2493fa7b84b9957e1,87454a36e27438c39338ab385c48f80a4161908e57defab8ccfccf1b420564fe,87454a36e27438c39338ab385c48f80a4161908e57defab8ccfccf1b420564fe,87454a36e27438c39338ab385c48f80a4161908e57defab8ccfccf1b420564fe,87454a36e27438c39338ab385c48f80a4161908e57defab8ccfccf1b420564fe,61fe32705301c8d50e245656af6ae822b60dcf846b71030603a5813e47c82638,61fe32705301c8d50e245656af6ae822b60dcf846b71030603a5813e47c82638
598,grid_0598_n6_north_east_south_east_h1_staggered_t16,1849d9e54a4741e570d22eb146adb088f6f0557e939b3a2a543ace6184d6b3ca,b46f8d621cee342b3032a9d24e8f3a52c4d429d4f5f64b9ee093f60aa403aa72,b46f8d621cee342b3032a9d24e8f3a52c4d429d4f5f64b9ee093f60aa403aa72,b46f8d621cee342b3032a9d24e8f3a52c4d429d4f5f64b9ee093f60aa403aa72,b46f8d621cee342b3032a9d24e8f3a52c4d429d4f5f64b9ee093f60aa403aa72,61fe32705301c8d50e245656af6ae822b60dcf846b71030603a5813e47c82638,61fe32705301c8d50e245656af6ae822b60dcf846b71030603a5813e47c82638
599,grid_0599_n6_north_east_south_east_h1_staggered_t18,2de62d2b4853cf0c677ec3229f4f7eec46ba11fc5f5220f73780c17c766cc03f,cd201995c2de95687da62fd1efac0998a59f0ffea02d94377247c3a346f976ac,cd201995c2de95687da62fd1efac0998a59f0ffea02d94377247c3a346f976ac,cd201995c2de95687da62fd1efac0998a59f0ffea02d94377247c3a346f976ac,cd201995c2de95687da62fd1efac0998a59f0ffea02d94377247c3a346f976ac,61fe32705301c8d50e245656af6ae822b60dcf846b71030603a5813e47c82638,61fe32705301c8d50e245656af6ae822b60dcf846b71030603a5813e47c82638
600,grid_0600_n6_north_east_south_east_h2_open_t12,b617d7fd7c9f1752ed5d486e65df6d98fb3fe5224eb31a1ed6fc7082cd8e31e3,2b6e54a6e245d5c2124060e2f90d4196127401b701acd53bc8fd8f40bb5855f9,2b6e54a6e245d5c2124060e2f90d4196127401b701acd53bc8fd8f40bb5855f9,2b6e54a6e245d5c2124060e2f90d4196127401b701acd53bc8fd8f40bb5855f9,2b6e54a6e245d5c2124060e2f90d4196127401b701acd53bc8fd8f40bb5855f9,3e7df176911d04c8653a92cefc726f017a1ddc2d949c856e40522760fcbb5b60,3e7df176911d04c8653a92cefc726f017a1ddc2d949c856e40522760fcbb5b60
601,grid_0601_n6_north_east_south_east_h2_open_t14,5909dee6f3935316e1ede503eca2e263b1f6037ea798c7b89a316251d301551d,922b8c5b21bc65dc2cde87e56fd3559dbdffab99d02a21e96a3043464f731b65,922b8c5b21bc65dc2cde87e56fd3559dbdffab99d02a21e96a3043464f731b65,922b8c5b21bc65dc2cde87e56fd3559dbdffab99d02a21e96a3043464f731b65,922b8c5b21bc65dc2cde87e56fd3559dbdffab99d02a21e96a3043464f731b65,3e7df176911d04c8653a92cefc726f017a1ddc2d949c856e40522760fcbb5b60,3e7df176911d04c8653a92cefc726f017a1ddc2d949c856e40522760fcbb5b60
602,grid_0602_n6_north_east_south_east_h2_open_t16,807b1dc708e17b7b0778ad8780ce242acee070c3657df7ec95446dbd9b916f33,7ab039f3a248980ed123d2a9694f6a9926cb5afcf2a9d58b1058d0928e442429,7ab039f3a248980ed123d2a9694f6a9926cb5afcf2a9d58b1058d0928e442429,7ab039f3a248980ed123d2a9694f6a9926cb5afcf2a9d58b1058d0928e442429,7ab039f3a248980ed123d2a9694f6a9926cb5afcf2a9d58b1058d0928e442429,3e7df176911d04c8653a92cefc726f017a1ddc2d949c856e40522760fcbb5b60,3e7df176911d04c8653a92cefc726f017a1ddc2d949c856e40522760fcbb5b60
603,grid_0603_n6_north_east_south_east_h2_open_t18,70ea2956528928345ae88498d69e55a2bcf4fd2aa9cccadc8b62a219927c2f70,8979d5681dfffcb824e3c5ab3d88c97bb8281499c2a2c46b8681055b27a7c121,8979d5681dfffcb824e3c5ab3d88c97bb8281499c2a2c46b8681055b27a7c121,8979d5681dfffcb824e3c5ab3d88c97bb8281499c2a2c46b8681055b27a7c121,8979d5681dfffcb824e3c5ab3d88c97bb8281499c2a2c46b8681055b27a7c121,3e7df176911d04c8653a92cefc726f017a1ddc2d949c856e40522760fcbb5b60,3e7df176911d04c8653a92cefc726f017a1ddc2d949c856e40522760fcbb5b60
604,grid_0604_n6_north_east_south_east_h2_gate_t12,642e90e53e88c84674358364778243da545d5e8e41fcb9817f4eca99f3a90f4c,2b6e54a6e245d5c2124060e2f90d4196127401b701acd53bc8fd8f40bb5855f9,2b6e54a6e245d5c2124060e2f90d4196127401b701acd53bc8fd8f40bb5855f9,2b6e54a6e245d5c2124060e2f90d4196127401b701acd53bc8fd8f40bb5855f9,2b6e54a6e245d5c2124060e2f90d4196127401b701acd53bc8fd8f40bb5855f9,3e7df176911d04c8653a92cefc726f017a1ddc2d949c856e40522760fcbb5b60,3e7df176911d04c8653a92cefc726f017a1ddc2d949c856e40522760fcbb5b60
605,grid_0605_n6_north_east_south_east_h2_gate_t14,20648f703458ad592f64921eb57a405245333e6e9ffcc6a68f210829a5c0c15a,922b8c5b21bc65dc2cde87e56fd3559dbdffab99d02a21e96a3043464f731b65,922b8c5b21bc65dc2cde87e56fd3559dbdffab99d02a21e96a3043464f731b65,922b8c5b21bc65dc2cde87e56fd3559dbdffab99d02a21e96a3043464f731b65,922b8c5b21bc65dc2cde87e56fd3559dbdffab99d02a21e96a3043464f731b65,3e7df176911d04c8653a92cefc726f017a1ddc2d949c856e40522760fcbb5b60,3e7df176911d04c8653a92cefc726f017a1ddc2d949c856e40522760fcbb5b60
606,grid_0606_n6_north_east_south_east_h2_gate_t16,aab1e0bd7f2f49b295ba3448245fb3f19ba0db475196ff363cee97982d751fbc,7ab039f3a248980ed123d2a9694f6a9926cb5afcf2a9d58b1058d0928e442429,7ab039f3a248980ed123d2a9694f6a9926cb5afcf2a9d58b1058d0928e442429,7ab039f3a248980ed123d2a9694f6a9926cb5afcf2a9d58b1058d0928e442429,7ab039f3a248980ed123d2a9694f6a9926cb5afcf2a9d58b1058d0928e442429,3e7df176911d04c8653a92cefc726f017a1ddc2d949c856e40522760fcbb5b60,3e7df176911d04c8653a92cefc726f017a1ddc2d949c856e40522760fcbb5b60
607,grid_0607_n6_north_east_south_east_h2_gate_t18,e0a51c2e982817739d604c7a4d68b7a947f1ec0865b42ec39ecdc4dc85c7fdf8,8979d5681dfffcb824e3c5ab3d88c97bb8281499c2a2c46b8681055b27a7c121,8979d5681dfffcb824e3c5ab3d88c97bb8281499c2a2c46b8681055b27a7c121,8979d5681dfffcb824e3c5ab3d88c97bb8281499c2a2c46b8681055b27a7c121,8979d5681dfffcb824e3c5ab3d88c97bb8281499c2a2c46b8681055b27a7c121,3e7df176911d04c8653a92cefc726f017a1ddc2d949c856e40522760fcbb5b60,3e7df176911d04c8653a92cefc726f017a1ddc2d949c856e40522760fcbb5b60
608,grid_0608_n6_north_east_south_east_h2_staggered_t12,8be1a9d78b9f01d43c2b833945080dd588601efa16a87fbc5e3ff5937f24da0f,850fc0aa0f934d4b969a7c336f0c7e50f1950674ce2240847d75073fe9c1a728,850fc0aa0f934d4b969a7c336f0c7e50f1950674ce2240847d75073fe9c1a728,850fc0aa0f934d4b969a7c336f0c7e50f1950674ce2240847d75073fe9c1a728,850fc0aa0f934d4b969a7c336f0c7e50f1950674ce2240847d75073fe9c1a728,3e7df176911d04c8653a92cefc726f017a1ddc2d949c856e40522760fcbb5b60,3e7df176911d04c8653a92cefc726f017a1ddc2d949c856e40522760fcbb5b60
609,grid_0609_n6_north_east_south_east_h2_staggered_t14,65bc2606ff1bfaf4208e5d398bec046c6ea57e77495ee1116ea912c97400e1f2,6a5e400ab84725c57929697ef5077a4963d99cf758fdf58056fe612cab5e0b54,6a5e400ab84725c57929697ef5077a4963d99cf758fdf58056fe612cab5e0b54,6a5e400ab84725c57929697ef5077a4963d99cf758fdf58056fe612cab5e0b54,6a5e400ab84725c57929697ef5077a4963d99cf758fdf58056fe612cab5e0b54,3e7df176911d04c8653a92cefc726f017a1ddc2d949c856e40522760fcbb5b60,3e7df176911d04c8653a92cefc726f017a1ddc2d949c856e40522760fcbb5b60
610,grid_0610_n6_north_east_south_east_h2_staggered_t16,0529664a444afe5597abe88777042c6a246c2f56329f3c196cb5b89496a62639,9388cba53d771f815f09fc2d6cd0d20202f27107c1b6911cd4ea09c86f6bb712,9388cba53d771f815f09fc2d6cd0d20202f27107c1b6911cd4ea09c86f6bb712,9388cba53d771f815f09fc2d6cd0d20202f27107c1b6911cd4ea09c86f6bb712,9388cba53d771f815f09fc2d6cd0d20202f27107c1b6911cd4ea09c86f6bb712,3e7df176911d04c8653a92cefc726f017a1ddc2d949c856e40522760fcbb5b60,3e7df176911d04c8653a92cefc726f017a1ddc2d949c856e40522760fcbb5b60
611,grid_0611_n6_north_east_south_east_h2_staggered_t18,1ea10e974b16268550a7733d64c5e061ea17d37fd47e87fd850db66b30b334ad,4da9bf7f3bd3ac90d318c0246c30b62c9614653458eec02b89ccd7abd439acde,4da9bf7f3bd3ac90d318c0246c30b62c9614653458eec02b89ccd7abd439acde,4da9bf7f3bd3ac90d318c0246c30b62c9614653458eec02b89ccd7abd439acde,4da9bf7f3bd3ac90d318c0246c30b62c9614653458eec02b89ccd7abd439acde,3e7df176911d04c8653a92cefc726f017a1ddc2d949c856e40522760fcbb5b60,3e7df176911d04c8653a92cefc726f017a1ddc2d949c856e40522760fcbb5b60
612,grid_0612_n6_north_east_south_east_h3_open_t12,2abc109e2a7408b355ee5af19ed98653917f15cf171a1d53808da793b80c2f56,faf1df08007ad412cf8846e1b5b04f4a4fb7d84f7fe45898c7019637139b1ac1,faf1df08007ad412cf8846e1b5b04f4a4fb7d84f7fe45898c7019637139b1ac1,faf1df08007ad412cf8846e1b5b04f4a4fb7d84f7fe45898c7019637139b1ac1,faf1df08007ad412cf8846e1b5b04f4a4fb7d84f7fe45898c7019637139b1ac1,8560f269c9356f8d1f34bfcd985b7aca727d9f6846cebaebc9ea0fb78298d9e2,8560f269c9356f8d1f34bfcd985b7aca727d9f6846cebaebc9ea0fb78298d9e2
613,grid_0613_n6_north_east_south_east_h3_open_t14,2378f8eca441915fbbc9ad89712e0ddeeef2a0e3b11458c773744d2624a36b44,d5e0ba05fb0581a39ae3cdc372c85a4936c8e058bb299d03cd14cef74b05ed1c,d5e0ba05fb0581a39ae3cdc372c85a4936c8e058bb299d03cd14cef74b05ed1c,d5e0ba05fb0581a39ae3cdc372c85a4936c8e058bb299d03cd14cef74b05ed1c,d5e0ba05fb0581a39ae3cdc372c85a4936c8e058bb299d03cd14cef74b05ed1c,8560f269c9356f8d1f34bfcd985b7aca727d9f6846cebaebc9ea0fb78298d9e2,8560f269c9356f8d1f34bfcd985b7aca727d9f6846cebaebc9ea0fb78298d9e2
614,grid_0614_n6_north_east_south_east_h3_open_t16,52b5afce47f8d75100589a5b3ea2da3e937ce5fb43eb4c32f7d75a0e81ba26d5,f317cb9f02b0d40fbbd6103f9c959639ff059fe6ba4fcdc3682fb1f43bccc44d,f317cb9f02b0d40fbbd6103f9c959639ff059fe6ba4fcdc3682fb1f43bccc44d,f317cb9f02b0d40fbbd6103f9c959639ff059fe6ba4fcdc3682fb1f43bccc44d,f317cb9f02b0d40fbbd6103f9c959639ff059fe6ba4fcdc3682fb1f43bccc44d,8560f269c9356f8d1f34bfcd985b7aca727d9f6846cebaebc9ea0fb78298d9e2,8560f269c9356f8d1f34bfcd985b7aca727d9f6846cebaebc9ea0fb78298d9e2
615,grid_0615_n6_north_east_south_east_h3_open_t18,dd42101efc918d8c2f4f094ae75328c9b89f4b2ee17e605c8dab03c7627f891d,5102e76785baa3acb166427c3381a500771cac7383d13f986a93933c5895699b,5102e76785baa3acb166427c3381a500771cac7383d13f986a93933c5895699b,5102e76785baa3acb166427c3381a500771cac7383d13f986a93933c5895699b,5102e76785baa3acb166427c3381a500771cac7383d13f986a93933c5895699b,8560f269c9356f8d1f34bfcd985b7aca727d9f6846cebaebc9ea0fb78298d9e2,8560f269c9356f8d1f34bfcd985b7aca727d9f6846cebaebc9ea0fb78298d9e2
616,grid_0616_n6_north_east_south_east_h3_gate_t12,066a3dad42adb617742b5e6279a00b6036a25fd5b2c5079b24006051ebd389c4,dd674fe3bd232f7f922e6197c13f2b45e18e0bafb514b0e1891e7c5f1eddb9d3,dd674fe3bd232f7f922e6197c13f2b45e18e0bafb514b0e1891e7c5f1eddb9d3,dd674fe3bd232f7f922e6197c13f2b45e18e0bafb514b0e1891e7c5f1eddb9d3,dd674fe3bd232f7f922e6197c13f2b45e18e0bafb514b0e1891e7c5f1eddb9d3,8560f269c9356f8d1f34bfcd985b7aca727d9f6846cebaebc9ea0fb78298d9e2,8560f269c9356f8d1f34bfcd985b7aca727d9f6846cebaebc9ea0fb78298d9e2
617,grid_0617_n6_north_east_south_east_h3_gate_t14,08bcf7e9a865e0ed29fb3b703e430e06b78e92faafa1be192079a25a2b6e0eee,f9724b832a9d1a23d04dddc1755daa2a5cdf43f3df5e33e29beee8221c26c54f,f9724b832a9d1a23d04dddc1755daa2a5cdf43f3df5e33e29beee8221c26c54f,f9724b832a9d1a23d04dddc1755daa2a5cdf43f3df5e33e29beee8221c26c54f,f9724b832a9d1a23d04dddc1755daa2a5cdf43f3df5e33e29beee8221c26c54f,8560f269c9356f8d1f34bfcd985b7aca727d9f6846cebaebc9ea0fb78298d9e2,8560f269c9356f8d1f34bfcd985b7aca727d9f6846cebaebc9ea0fb78298d9e2
618,grid_0618_n6_north_east_south_east_h3_gate_t16,8e24ddffbf542705c0b96459a1be6e8e0414b9e2df8ecefd36d087cce45a4eee,a11041190021502c05b518ef5ae3741562afec9b58063a0098113c7b1063f9d2,a11041190021502c05b518ef5ae3741562afec9b58063a0098113c7b1063f9d2,a11041190021502c05b518ef5ae3741562afec9b58063a0098113c7b1063f9d2,a11041190021502c05b518ef5ae3741562afec9b58063a0098113c7b1063f9d2,8560f269c9356f8d1f34bfcd985b7aca727d9f6846cebaebc9ea0fb78298d9e2,8560f269c9356f8d1f34bfcd985b7aca727d9f6846cebaebc9ea0fb78298d9e2
619,grid_0619_n6_north_east_south_east_h3_gate_t18,ee25b7cdd7bb516521b41c3e29d991c3faa3d844689196eb76a19afc3b9cc456,24be8fde0209f1b7f39f50eb4e14dcbc67f334152d316a16a439825811763dc2,24be8fde0209f1b7f39f50eb4e14dcbc67f334152d316a16a439825811763dc2,24be8fde0209f1b7f39f50eb4e14dcbc67f334152d316a16a439825811763dc2,24be8fde0209f1b7f39f50eb4e14dcbc67f334152d316a16a439825811763dc2,8560f269c9356f8d1f34bfcd985b7aca727d9f6846cebaebc9ea0fb78298d9e2,8560f269c9356f8d1f34bfcd985b7aca727d9f6846cebaebc9ea0fb78298d9e2
620,grid_0620_n6_north_east_south_east_h3_staggered_t12,14eafbbd99931facc6f30ca5c90897abc843f27ce59e7e69277bfc06a6592a9f,5b5608b62f95ec2143f0615886ce30df2f91f940405211b921f0bbcca83b4292,5b5608b62f95ec2143f0615886ce30df2f91f940405211b921f0bbcca83b4292,5b5608b62f95ec2143f0615886ce30df2f91f940405211b921f0bbcca83b4292,5b5608b62f95ec2143f0615886ce30df2f91f940405211b921f0bbcca83b4292,8560f269c9356f8d1f34bfcd985b7aca727d9f6846cebaebc9ea0fb78298d9e2,8560f269c9356f8d1f34bfcd985b7aca727d9f6846cebaebc9ea0fb78298d9e2
621,grid_0621_n6_north_east_south_east_h3_staggered_t14,87be38f489f99a59929c3f55d5f423036c51ad2c6796cd49c270edb67451db41,f9b0ac4d046cfa04cb6e4108bcbdee34eab538031b547a604f53fab8b3661671,f9b0ac4d046cfa04cb6e4108bcbdee34eab538031b547a604f53fab8b3661671,f9b0ac4d046cfa04cb6e4108bcbdee34eab538031b547a604f53fab8b3661671,f9b0ac4d046cfa04cb6e4108bcbdee34eab538031b547a604f53fab8b3661671,8560f269c9356f8d1f34bfcd985b7aca727d9f6846cebaebc9ea0fb78298d9e2,8560f269c9356f8d1f34bfcd985b7aca727d9f6846cebaebc9ea0fb78298d9e2
622,grid_0622_n6_north_east_south_east_h3_staggered_t16,df4cdabc1b413f202d1b5ec41cdd784ce9535281221ceee36b28b214da4d5415,1a161ef1e09a37e7157b67f4dd969392204614884e7cad1fbc44d8a8be25e708,1a161ef1e09a37e7157b67f4dd969392204614884e7cad1fbc44d8a8be25e708,1a161ef1e09a37e7157b67f4dd969392204614884e7cad1fbc44d8a8be25e708,1a161ef1e09a37e7157b67f4dd969392204614884e7cad1fbc44d8a8be25e708,8560f269c9356f8d1f34bfcd985b7aca727d9f6846cebaebc9ea0fb78298d9e2,8560f269c9356f8d1f34bfcd985b7aca727d9f6846cebaebc9ea0fb78298d9e2
623,grid_0623_n6_north_east_south_east_h3_staggered_t18,75d4549a8a9c6f1f0fd01ee0a2b0e4a0ac993f8efe8060675c7168e7ec6d820b,1e284877e60075dabb001722b9acc3df02c1263ce63a480ce0412746b54ddcb2,1e284877e60075dabb001722b9acc3df02c1263ce63a480ce0412746b54ddcb2,1e284877e60075dabb001722b9acc3df02c1263ce63a480ce0412746b54ddcb2,1e284877e60075dabb001722b9acc3df02c1263ce63a480ce0412746b54ddcb2,8560f269c9356f8d1f34bfcd985b7aca727d9f6846cebaebc9ea0fb78298d9e2,8560f269c9356f8d1f34bfcd985b7aca727d9f6846cebaebc9ea0fb78298d9e2
624,grid_0624_n6_north_east_east_middle_h0_open_t12,c1ac01166967ecd94a3207779ce39011e562c5d992482da586953840adcf6aa4,e7d513cc6486ff27cb894e1648f670886dea81e9e3a6b515f490e4b102a6c76c,e7d513cc6486ff27cb894e1648f670886dea81e9e3a6b515f490e4b102a6c76c,e7d513cc6486ff27cb894e1648f670886dea81e9e3a6b515f490e4b102a6c76c,e7d513cc6486ff27cb894e1648f670886dea81e9e3a6b515f490e4b102a6c76c,b3f251fe70c4fdb3ea783fbfa87b8f5fedaccad1bfb35adc66009b7425b594f6,b3f251fe70c4fdb3ea783fbfa87b8f5fedaccad1bfb35adc66009b7425b594f6
625,grid_0625_n6_north_east_east_middle_h0_open_t14,162d1f16f467e9285bef7570a750c2a24dd5a38b0a19cafa380989faed4314f4,e6bdf7fb5540541b2e9a6b8646cd9fac99b8670994fa2d580e30dcd16381e8af,e6bdf7fb5540541b2e9a6b8646cd9fac99b8670994fa2d580e30dcd16381e8af,e6bdf7fb5540541b2e9a6b8646cd9fac99b8670994fa2d580e30dcd16381e8af,e6bdf7fb5540541b2e9a6b8646cd9fac99b8670994fa2d580e30dcd16381e8af,b3f251fe70c4fdb3ea783fbfa87b8f5fedaccad1bfb35adc66009b7425b594f6,b3f251fe70c4fdb3ea783fbfa87b8f5fedaccad1bfb35adc66009b7425b594f6
626,grid_0626_n6_north_east_east_middle_h0_open_t16,44c7016579812ff5b15d4316f9ad7d5b39e3361d87f45bcfc377458aff1e834d,84ef49a05a800e34517e6de577419c056cc91b5c27d5501a007d623957fa145c,84ef49a05a800e34517e6de577419c056cc91b5c27d5501a007d623957fa145c,84ef49a05a800e34517e6de577419c056cc91b5c27d5501a007d623957fa145c,84ef49a05a800e34517e6de577419c056cc91b5c27d5501a007d623957fa145c,b3f251fe70c4fdb3ea783fbfa87b8f5fedaccad1bfb35adc66009b7425b594f6,b3f251fe70c4fdb3ea783fbfa87b8f5fedaccad1bfb35adc66009b7425b594f6
627,grid_0627_n6_north_east_east_middle_h0_open_t18,4a7582292bdfa696bdb829887478961514fe684bfc4196b07edd8f9cf3cf7061,6a91683655afeb43da5e092269e61d6c59d1fbf5200a66755384fad637febb32,6a91683655afeb43da5e092269e61d6c59d1fbf5200a66755384fad637febb32,6a91683655afeb43da5e092269e61d6c59d1fbf5200a66755384fad637febb32,6a91683655afeb43da5e092269e61d6c59d1fbf5200a66755384fad637febb32,b3f251fe70c4fdb3ea783fbfa87b8f5fedaccad1bfb35adc66009b7425b594f6,b3f251fe70c4fdb3ea783fbfa87b8f5fedaccad1bfb35adc66009b7425b594f6
628,grid_0628_n6_north_east_east_middle_h0_gate_t12,be455d771f1081ab4f4f37b165217098a6ba7df88329b9622a8f53baa1591082,e7d513cc6486ff27cb894e1648f670886dea81e9e3a6b515f490e4b102a6c76c,e7d513cc6486ff27cb894e1648f670886dea81e9e3a6b515f490e4b102a6c76c,e7d513cc6486ff27cb894e1648f670886dea81e9e3a6b515f490e4b102a6c76c,e7d513cc6486ff27cb894e1648f670886dea81e9e3a6b515f490e4b102a6c76c,b3f251fe70c4fdb3ea783fbfa87b8f5fedaccad1bfb35adc66009b7425b594f6,b3f251fe70c4fdb3ea783fbfa87b8f5fedaccad1bfb35adc66009b7425b594f6
629,grid_0629_n6_north_east_east_middle_h0_gate_t14,e87b755f129570640a7e064039f710937a9b2a46995d823349eaba3a8ab66bd8,e6bdf7fb5540541b2e9a6b8646cd9fac99b8670994fa2d580e30dcd16381e8af,e6bdf7fb5540541b2e9a6b8646cd9fac99b8670994fa2d580e30dcd16381e8af,e6bdf7fb5540541b2e9a6b8646cd9fac99b8670994fa2d580e30dcd16381e8af,e6bdf7fb5540541b2e9a6b8646cd9fac99b8670994fa2d580e30dcd16381e8af,b3f251fe70c4fdb3ea783fbfa87b8f5fedaccad1bfb35adc66009b7425b594f6,b3f251fe70c4fdb3ea783fbfa87b8f5fedaccad1bfb35adc66009b7425b594f6
630,grid_0630_n6_north_east_east_middle_h0_gate_t16,7cf31d94e1a520ad257dd45d1321b4cbb8a889f185c7cc9d0115aa04d8283ed4,84ef49a05a800e34517e6de577419c056cc91b5c27d5501a007d623957fa145c,84ef49a05a800e34517e6de577419c056cc91b5c27d5501a007d623957fa145c,84ef49a05a800e34517e6de577419c056cc91b5c27d5501a007d623957fa145c,84ef49a05a800e34517e6de577419c056cc91b5c27d5501a007d623957fa145c,b3f251fe70c4fdb3ea783fbfa87b8f5fedaccad1bfb35adc66009b7425b594f6,b3f251fe70c4fdb3ea783fbfa87b8f5fedaccad1bfb35adc66009b7425b594f6
631,grid_0631_n6_north_east_east_middle_h0_gate_t18,a8a4a1b79f0f9f4015c655053339d38831f85d7e4147c74326cb42d1b48accdb,6a91683655afeb43da5e092269e61d6c59d1fbf5200a66755384fad637febb32,6a91683655afeb43da5e092269e61d6c59d1fbf5200a66755384fad637febb32,6a91683655afeb43da5e092269e61d6c59d1fbf5200a66755384fad637febb32,6a91683655afeb43da5e092269e61d6c59d1fbf5200a66755384fad637febb32,b3f251fe70c4fdb3ea783fbfa87b8f5fedaccad1bfb35adc66009b7425b594f6,b3f251fe70c4fdb3ea783fbfa87b8f5fedaccad1bfb35adc66009b7425b594f6
632,grid_0632_n6_north_east_east_middle_h0_staggered_t12,6f308471bbc20c15b3424a12a5ecdfa95465d87855bf3d4929cc67d471b546c5,e7d513cc6486ff27cb894e1648f670886dea81e9e3a6b515f490e4b102a6c76c,e7d513cc6486ff27cb894e1648f670886dea81e9e3a6b515f490e4b102a6c76c,e7d513cc6486ff27cb894e1648f670886dea81e9e3a6b515f490e4b102a6c76c,e7d513cc6486ff27cb894e1648f670886dea81e9e3a6b515f490e4b102a6c76c,b3f251fe70c4fdb3ea783fbfa87b8f5fedaccad1bfb35adc66009b7425b594f6,b3f251fe70c4fdb3ea783fbfa87b8f5fedaccad1bfb35adc66009b7425b594f6
633,grid_0633_n6_north_east_east_middle_h0_staggered_t14,a41dfb63780695b5f05270385efb51c59f905a773ccb2f571c37848607baafce,e6bdf7fb5540541b2e9a6b8646cd9fac99b8670994fa2d580e30dcd16381e8af,e6bdf7fb5540541b2e9a6b8646cd9fac99b8670994fa2d580e30dcd16381e8af,e6bdf7fb5540541b2e9a6b8646cd9fac99b8670994fa2d580e30dcd16381e8af,e6bdf7fb5540541b2e9a6b8646cd9fac99b8670994fa2d580e30dcd16381e8af,b3f251fe70c4fdb3ea783fbfa87b8f5fedaccad1bfb35adc66009b7425b594f6,b3f251fe70c4fdb3ea783fbfa87b8f5fedaccad1bfb35adc66009b7425b594f6
634,grid_0634_n6_north_east_east_middle_h0_staggered_t16,2490ede8d6603708baeaab4ffdc3fe12595de1eead55545efd655bd61aee19eb,84ef49a05a800e34517e6de577419c056cc91b5c27d5501a007d623957fa145c,84ef49a05a800e34517e6de577419c056cc91b5c27d5501a007d623957fa145c,84ef49a05a800e34517e6de577419c056cc91b5c27d5501a007d623957fa145c,84ef49a05a800e34517e6de577419c056cc91b5c27d5501a007d623957fa145c,b3f251fe70c4fdb3ea783fbfa87b8f5fedaccad1bfb35adc66009b7425b594f6,b3f251fe70c4fdb3ea783fbfa87b8f5fedaccad1bfb35adc66009b7425b594f6
635,grid_0635_n6_north_east_east_middle_h0_staggered_t18,029b11a4e49d06f8fc35bf69e1aa44d9aa44d8c512800fe1036b730a3afc815b,6a91683655afeb43da5e092269e61d6c59d1fbf5200a66755384fad637febb32,6a91683655afeb43da5e092269e61d6c59d1fbf5200a66755384fad637febb32,6a91683655afeb43da5e092269e61d6c59d1fbf5200a66755384fad637febb32,6a91683655afeb43da5e092269e61d6c59d1fbf5200a66755384fad637febb32,b3f251fe70c4fdb3ea783fbfa87b8f5fedaccad1bfb35adc66009b7425b594f6,b3f251fe70c4fdb3ea783fbfa87b8f5fedaccad1bfb35adc66009b7425b594f6
636,grid_0636_n6_north_east_east_middle_h1_open_t12,f454608d7a1880ddce263871f245aee60b3f89e577c0511a04c9d5de82e0d619,8c1c21a3f53d2716c12d7136a9aa384cc674492f210f789dfd0f3aeed9bac965,8c1c21a3f53d2716c12d7136a9aa384cc674492f210f789dfd0f3aeed9bac965,8c1c21a3f53d2716c12d7136a9aa384cc674492f210f789dfd0f3aeed9bac965,8c1c21a3f53d2716c12d7136a9aa384cc674492f210f789dfd0f3aeed9bac965,91ae2780636145720caacafbdec1424185dc04736905a073a88e51d458ef6b41,91ae2780636145720caacafbdec1424185dc04736905a073a88e51d458ef6b41
637,grid_0637_n6_north_east_east_middle_h1_open_t14,89141f72d99bc1da8ae84090f7430b62b6ccb4f8cb3ee635264aedeaa052c659,1776116843adbfb9e1f57b636b2c06c96131643d9e607bfd250a7ab16e9264ad,1776116843adbfb9e1f57b636b2c06c96131643d9e607bfd250a7ab16e9264ad,1776116843adbfb9e1f57b636b2c06c96131643d9e607bfd250a7ab16e9264ad,1776116843adbfb9e1f57b636b2c06c96131643d9e607bfd250a7ab16e9264ad,91ae2780636145720caacafbdec1424185dc04736905a073a88e51d458ef6b41,91ae2780636145720caacafbdec1424185dc04736905a073a88e51d458ef6b41
638,grid_0638_n6_north_east_east_middle_h1_open_t16,5c93ffbdc2025f47a74ba11a814c661da17a2cc69ef4beb945f6e857eca5d8f7,bccb4f7d9bed1b3c71ebc4c615a0202b07d1120c76d7415e3300df40616fe576,bccb4f7d9bed1b3c71ebc4c615a0202b07d1120c76d7415e3300df40616fe576,bccb4f7d9bed1b3c71ebc4c615a0202b07d1120c76d7415e3300df40616fe576,bccb4f7d9bed1b3c71ebc4c615a0202b07d1120c76d7415e3300df40616fe576,91ae2780636145720caacafbdec1424185dc04736905a073a88e51d458ef6b41,91ae2780636145720caacafbdec1424185dc04736905a073a88e51d458ef6b41
639,grid_0639_n6_north_east_east_middle_h1_open_t18,9e68d05439ab161e86aa1d389d660454420ef1613b698be55f7975235f13a9b3,0ce2e6b4c236a7375d5a6d64dd31c6d6717ebf16ed5e43d8203efb38d99353b3,0ce2e6b4c236a7375d5a6d64dd31c6d6717ebf16ed5e43d8203efb38d99353b3,0ce2e6b4c236a7375d5a6d64dd31c6d6717ebf16ed5e43d8203efb38d99353b3,0ce2e6b4c236a7375d5a6d64dd31c6d6717ebf16ed5e43d8203efb38d99353b3,91ae2780636145720caacafbdec1424185dc04736905a073a88e51d458ef6b41,91ae2780636145720caacafbdec1424185dc04736905a073a88e51d458ef6b41
640,grid_0640_n6_north_east_east_middle_h1_gate_t12,204f1354fbb487523fd97ac0b5f880c332397ecb175a45b1b691ff071ce942fc,63486466972bbe9a20be5fc37f67dc93131ad06359bf6ec79a87ce9190eb62c1,63486466972bbe9a20be5fc37f67dc93131ad06359bf6ec79a87ce9190eb62c1,63486466972bbe9a20be5fc37f67dc93131ad06359bf6ec79a87ce9190eb62c1,63486466972bbe9a20be5fc37f67dc93131ad06359bf6ec79a87ce9190eb62c1,91ae2780636145720caacafbdec1424185dc04736905a073a88e51d458ef6b41,91ae2780636145720caacafbdec1424185dc04736905a073a88e51d458ef6b41
641,grid_0641_n6_north_east_east_middle_h1_gate_t14,d851b1006987ad19858d3f6676c2bb075519d67d2cc379dc2e3dd50e82c647cb,068872a65287fb147e6d05b70d3d196db1c113cf20b3a8b63509ce3334226f7a,068872a65287fb147e6d05b70d3d196db1c113cf20b3a8b63509ce3334226f7a,068872a65287fb147e6d05b70d3d196db1c113cf20b3a8b63509ce3334226f7a,068872a65287fb147e6d05b70d3d196db1c113cf20b3a8b63509ce3334226f7a,91ae2780636145720caacafbdec1424185dc04736905a073a88e51d458ef6b41,91ae2780636145720caacafbdec1424185dc04736905a073a88e51d458ef6b41
642,grid_0642_n6_north_east_east_middle_h1_gate_t16,b5498ac865893061d2d10e00595080fd93aca5b96a1566ef086e5024fd9ddc19,34eb2f665e2dc33617fa5408c4bdbc693fb2ee232e1cfe0c11bdf336bbd01819,34eb2f665e2dc33617fa5408c4bdbc693fb2ee232e1cfe0c11bdf336bbd01819,34eb2f665e2dc33617fa5408c4bdbc693fb2ee232e1cfe0c11bdf336bbd01819,34eb2f665e2dc33617fa5408c4bdbc693fb2ee232e1cfe0c11bdf336bbd01819,91ae2780636145720caacafbdec1424185dc04736905a073a88e51d458ef6b41,91ae2780636145720caacafbdec1424185dc04736905a073a88e51d458ef6b41
643,grid_0643_n6_north_east_east_middle_h1_gate_t18,f42389977eed42e5f7c2a5d47a95e0b15790035b7869c440206b7623ed806234,a978427ec16acd76419036b735cd97a19e53858082b6fe56f3d4c7bfee97ee26,a978427ec16acd76419036b735cd97a19e53858082b6fe56f3d4c7bfee97ee26,a978427ec16acd76419036b735cd97a19e53858082b6fe56f3d4c7bfee97ee26,a978427ec16acd76419036b735cd97a19e53858082b6fe56f3d4c7bfee97ee26,91ae2780636145720caacafbdec1424185dc04736905a073a88e51d458ef6b41,91ae2780636145720caacafbdec1424185dc04736905a073a88e51d458ef6b41
644,grid_0644_n6_north_east_east_middle_h1_staggered_t12,c6d59ec1e85b88787c544002b7bb18bf14ba104da475f98323b67a168fd68093,8ed65373cef4ebfbe680aa5e9f0edee31c757c0a8d4eafc3b859bec7cf5e82d8,8ed65373cef4ebfbe680aa5e9f0edee31c757c0a8d4eafc3b859bec7cf5e82d8,8ed65373cef4ebfbe680aa5e9f0edee31c757c0a8d4eafc3b859bec7cf5e82d8,8ed65373cef4ebfbe680aa5e9f0edee31c757c0a8d4eafc3b859bec7cf5e82d8,91ae2780636145720caacafbdec1424185dc04736905a073a88e51d458ef6b41,91ae2780636145720caacafbdec1424185dc04736905a073a88e51d458ef6b41
645,grid_0645_n6_north_east_east_middle_h1_staggered_t14,189be1baedff91d8605e3efa030dced8d387fb70a371797b2c72cd558bfeb7f4,39349cd20c442a89e9b2f918fd1bcf9c30a3110ea31bb94a85b7b457fba6f01c,39349cd20c442a89e9b2f918fd1bcf9c30a3110ea31bb94a85b7b457fba6f01c,39349cd20c442a89e9b2f918fd1bcf9c30a3110ea31bb94a85b7b457fba6f01c,39349cd20c442a89e9b2f918fd1bcf9c30a3110ea31bb94a85b7b457fba6f01c,91ae2780636145720caacafbdec1424185dc04736905a073a88e51d458ef6b41,91ae2780636145720caacafbdec1424185dc04736905a073a88e51d458ef6b41
646,grid_0646_n6_north_east_east_middle_h1_staggered_t16,1ca0ff97e923cd6e8be9d526f0809d7f802b944be8503ff51124323a4f58372c,eabfcd6a49bfeb41b62af339e527fd73bcefeeead289aae479ed9102f3c994c2,eabfcd6a49bfeb41b62af339e527fd73bcefeeead289aae479ed9102f3c994c2,eabfcd6a49bfeb41b62af339e527fd73bcefeeead289aae479ed9102f3c994c2,eabfcd6a49bfeb41b62af339e527fd73bcefeeead289aae479ed9102f3c994c2,91ae2780636145720caacafbdec1424185dc04736905a073a88e51d458ef6b41,91ae2780636145720caacafbdec1424185dc04736905a073a88e51d458ef6b41
647,grid_0647_n6_north_east_east_middle_h1_staggered_t18,7d8b4dcabcdfaeb49a2a2418a7639ed5f780434046f60516659e850868322ea5,246711b324b9ed661785fbccdd561e53285b2d9b14b4e0055d8e6f49fcb7f8d7,246711b324b9ed661785fbccdd561e53285b2d9b14b4e0055d8e6f49fcb7f8d7,246711b324b9ed661785fbccdd561e53285b2d9b14b4e0055d8e6f49fcb7f8d7,246711b324b9ed661785fbccdd561e53285b2d9b14b4e0055d8e6f49fcb7f8d7,91ae2780636145720caacafbdec1424185dc04736905a073a88e51d458ef6b41,91ae2780636145720caacafbdec1424185dc04736905a073a88e51d458ef6b41
648,grid_0648_n6_north_east_east_middle_h2_open_t12,4f885134211907e23e4638c86b37afa8c33516d59b8aebe182813059e4061da4,7c6fbd1856e69bac91a7083bc4760501c24962d8ef24fbf9143944491d2316ef,7c6fbd1856e69bac91a7083bc4760501c24962d8ef24fbf9143944491d2316ef,7c6fbd1856e69bac91a7083bc4760501c24962d8ef24fbf9143944491d2316ef,7c6fbd1856e69bac91a7083bc4760501c24962d8ef24fbf9143944491d2316ef,6e0e77be6306303b8e67e94554adbad5f2aa68206e05c553ee64af90e15ed28e,6e0e77be6306303b8e67e94554adbad5f2aa68206e05c553ee64af90e15ed28e
649,grid_0649_n6_north_east_east_middle_h2_open_t14,c87d036c9429eea2dc62ea8e9ff142f6dd7161c5f48b248a9ada9778ae60219e,d4abd61f117f9c29d7a40f5b6532681d1b2327a44a4fdaef4aad84e6a7a0047b,d4abd61f117f9c29d7a40f5b6532681d1b2327a44a4fdaef4aad84e6a7a0047b,d4abd61f117f9c29d7a40f5b6532681d1b2327a44a4fdaef4aad84e6a7a0047b,d4abd61f117f9c29d7a40f5b6532681d1b2327a44a4fdaef4aad84e6a7a0047b,6e0e77be6306303b8e67e94554adbad5f2aa68206e05c553ee64af90e15ed28e,6e0e77be6306303b8e67e94554adbad5f2aa68206e05c553ee64af90e15ed28e
650,grid_0650_n6_north_east_east_middle_h2_open_t16,4724e88900132da838c37d21d51d19de3a8e843c4cda450d7e2e0e50f5a41538,8a5061431f12cd8bca7d32bce71a971c7c5ad43eccaf483fce7a92eadcabe2f7,8a5061431f12cd8bca7d32bce71a971c7c5ad43eccaf483fce7a92eadcabe2f7,8a5061431f12cd8bca7d32bce71a971c7c5ad43eccaf483fce7a92eadcabe2f7,8a5061431f12cd8bca7d32bce71a971c7c5ad43eccaf483fce7a92eadcabe2f7,6e0e77be6306303b8e67e94554adbad5f2aa68206e05c553ee64af90e15ed28e,6e0e77be6306303b8e67e94554adbad5f2aa68206e05c553ee64af90e15ed28e
651,grid_0651_n6_north_east_east_middle_h2_open_t18,e05bef23b234484a47a839f244ae4b07b2c2de1e9864bf83ee00efafe5fa6191,8a5e5f1a0d0a42137aad5c95dd1f67c62b177aeb303bfdec658405613f3393ac,8a5e5f1a0d0a42137aad5c95dd1f67c62b177aeb303bfdec658405613f3393ac,8a5e5f1a0d0a42137aad5c95dd1f67c62b177aeb303bfdec658405613f3393ac,8a5e5f1a0d0a42137aad5c95dd1f67c62b177aeb303bfdec658405613f3393ac,6e0e77be6306303b8e67e94554adbad5f2aa68206e05c553ee64af90e15ed28e,6e0e77be6306303b8e67e94554adbad5f2aa68206e05c553ee64af90e15ed28e
652,grid_0652_n6_north_east_east_middle_h2_gate_t12,997ddb1d1bfa93253a0b06f6231df6eadc99c36e1bec2812a51d8db9c9c328e4,7c6fbd1856e69bac91a7083bc4760501c24962d8ef24fbf9143944491d2316ef,7c6fbd1856e69bac91a7083bc4760501c24962d8ef24fbf9143944491d2316ef,7c6fbd1856e69bac91a7083bc4760501c24962d8ef24fbf9143944491d2316ef,7c6fbd1856e69bac91a7083bc4760501c24962d8ef24fbf9143944491d2316ef,6e0e77be6306303b8e67e94554adbad5f2aa68206e05c553ee64af90e15ed28e,6e0e77be6306303b8e67e94554adbad5f2aa68206e05c553ee64af90e15ed28e
653,grid_0653_n6_north_east_east_middle_h2_gate_t14,3c23bf5995297f29734385fb2eaa4df6c7affedfcd5fec62571c0839a84af0fb,d4abd61f117f9c29d7a40f5b6532681d1b2327a44a4fdaef4aad84e6a7a0047b,d4abd61f117f9c29d7a40f5b6532681d1b2327a44a4fdaef4aad84e6a7a0047b,d4abd61f117f9c29d7a40f5b6532681d1b2327a44a4fdaef4aad84e6a7a0047b,d4abd61f117f9c29d7a40f5b6532681d1b2327a44a4fdaef4aad84e6a7a0047b,6e0e77be6306303b8e67e94554adbad5f2aa68206e05c553ee64af90e15ed28e,6e0e77be6306303b8e67e94554adbad5f2aa68206e05c553ee64af90e15ed28e
654,grid_0654_n6_north_east_east_middle_h2_gate_t16,d4a72e766026f9f4405419546ddc7bea525493495a41bf00e55bebfd5f43518e,8a5061431f12cd8bca7d32bce71a971c7c5ad43eccaf483fce7a92eadcabe2f7,8a5061431f12cd8bca7d32bce71a971c7c5ad43eccaf483fce7a92eadcabe2f7,8a5061431f12cd8bca7d32bce71a971c7c5ad43eccaf483fce7a92eadcabe2f7,8a5061431f12cd8bca7d32bce71a971c7c5ad43eccaf483fce7a92eadcabe2f7,6e0e77be6306303b8e67e94554adbad5f2aa68206e05c553ee64af90e15ed28e,6e0e77be6306303b8e67e94554adbad5f2aa68206e05c553ee64af90e15ed28e
655,grid_0655_n6_north_east_east_middle_h2_gate_t18,07ed75d5fd84f9ee7f391a3a91aa11d7da37a13cd9b3f6e8a5ef0789815877ea,8a5e5f1a0d0a42137aad5c95dd1f67c62b177aeb303bfdec658405613f3393ac,8a5e5f1a0d0a42137aad5c95dd1f67c62b177aeb303bfdec658405613f3393ac,8a5e5f1a0d0a42137aad5c95dd1f67c62b177aeb303bfdec658405613f3393ac,8a5e5f1a0d0a42137aad5c95dd1f67c62b177aeb303bfdec658405613f3393ac,6e0e77be6306303b8e67e94554adbad5f2aa68206e05c553ee64af90e15ed28e,6e0e77be6306303b8e67e94554adbad5f2aa68206e05c553ee64af90e15ed28e
656,grid_0656_n6_north_east_east_middle_h2_staggered_t12,d08cf9ab746f2f554c3f9ea19f5834c0176119956b297f19342b37fc4ab436d9,7c6fbd1856e69bac91a7083bc4760501c24962d8ef24fbf9143944491d2316ef,7c6fbd1856e69bac91a7083bc4760501c24962d8ef24fbf9143944491d2316ef,7c6fbd1856e69bac91a7083bc4760501c24962d8ef24fbf9143944491d2316ef,7c6fbd1856e69bac91a7083bc4760501c24962d8ef24fbf9143944491d2316ef,6e0e77be6306303b8e67e94554adbad5f2aa68206e05c553ee64af90e15ed28e,6e0e77be6306303b8e67e94554adbad5f2aa68206e05c553ee64af90e15ed28e
657,grid_0657_n6_north_east_east_middle_h2_staggered_t14,fdfb09c13942afc415d0e99dd8c3d1d5f6966d4a16a6796cba41a0ae67d92828,d4abd61f117f9c29d7a40f5b6532681d1b2327a44a4fdaef4aad84e6a7a0047b,d4abd61f117f9c29d7a40f5b6532681d1b2327a44a4fdaef4aad84e6a7a0047b,d4abd61f117f9c29d7a40f5b6532681d1b2327a44a4fdaef4aad84e6a7a0047b,d4abd61f117f9c29d7a40f5b6532681d1b2327a44a4fdaef4aad84e6a7a0047b,6e0e77be6306303b8e67e94554adbad5f2aa68206e05c553ee64af90e15ed28e,6e0e77be6306303b8e67e94554adbad5f2aa68206e05c553ee64af90e15ed28e
658,grid_0658_n6_north_east_east_middle_h2_staggered_t16,dba8de1b42dcf092636c195a622690c6a6fa54558d1d2741ecefde1263411185,8a5061431f12cd8bca7d32bce71a971c7c5ad43eccaf483fce7a92eadcabe2f7,8a5061431f12cd8bca7d32bce71a971c7c5ad43eccaf483fce7a92eadcabe2f7,8a5061431f12cd8bca7d32bce71a971c7c5ad43eccaf483fce7a92eadcabe2f7,8a5061431f12cd8bca7d32bce71a971c7c5ad43eccaf483fce7a92eadcabe2f7,6e0e77be6306303b8e67e94554adbad5f2aa68206e05c553ee64af90e15ed28e,6e0e77be6306303b8e67e94554adbad5f2aa68206e05c553ee64af90e15ed28e
659,grid_0659_n6_north_east_east_middle_h2_staggered_t18,bab2061bb84e5c14eefcedb422115fee41fa4ad78aeddf30da43aeb4c1ff4b9e,8a5e5f1a0d0a42137aad5c95dd1f67c62b177aeb303bfdec658405613f3393ac,8a5e5f1a0d0a42137aad5c95dd1f67c62b177aeb303bfdec658405613f3393ac,8a5e5f1a0d0a42137aad5c95dd1f67c62b177aeb303bfdec658405613f3393ac,8a5e5f1a0d0a42137aad5c95dd1f67c62b177aeb303bfdec658405613f3393ac,6e0e77be6306303b8e67e94554adbad5f2aa68206e05c553ee64af90e15ed28e,6e0e77be6306303b8e67e94554adbad5f2aa68206e05c553ee64af90e15ed28e
660,grid_0660_n6_north_east_east_middle_h3_open_t12,4ef05d9c0d2c80a84d78a51274c0b3b96d5979daa049a584e67df4f17f01da3f,f42655f275562f965edd39e43578c4a7d60c11c1f2d527b4879dfbef512d2b5a,f42655f275562f965edd39e43578c4a7d60c11c1f2d527b4879dfbef512d2b5a,f42655f275562f965edd39e43578c4a7d60c11c1f2d527b4879dfbef512d2b5a,f42655f275562f965edd39e43578c4a7d60c11c1f2d527b4879dfbef512d2b5a,8560f269c9356f8d1f34bfcd985b7aca727d9f6846cebaebc9ea0fb78298d9e2,8560f269c9356f8d1f34bfcd985b7aca727d9f6846cebaebc9ea0fb78298d9e2
661,grid_0661_n6_north_east_east_middle_h3_open_t14,e8e2fb4b86486e8640a7a7b891a11cc92f151feea5a5b49ad6f8a9cffc7b303c,8237f5ee038ca1b4c5345eaf20b2bf496eda97f1eae298aaa980e2db84af1334,8237f5ee038ca1b4c5345eaf20b2bf496eda97f1eae298aaa980e2db84af1334,8237f5ee038ca1b4c5345eaf20b2bf496eda97f1eae298aaa980e2db84af1334,8237f5ee038ca1b4c5345eaf20b2bf496eda97f1eae298aaa980e2db84af1334,8560f269c9356f8d1f34bfcd985b7aca727d9f6846cebaebc9ea0fb78298d9e2,8560f269c9356f8d1f34bfcd985b7aca727d9f6846cebaebc9ea0fb78298d9e2
662,grid_0662_n6_north_east_east_middle_h3_open_t16,1afab4a0e38d1de82a8b2431cf5b2bf1a718b1ecf17d74e3025dd27572c3bbaf,d00492ad921aaea14f63bcd78ed91a383daddc00d1ababd4668dd4fe53c27043,d00492ad921aaea14f63bcd78ed91a383daddc00d1ababd4668dd4fe53c27043,d00492ad921aaea14f63bcd78ed91a383daddc00d1ababd4668dd4fe53c27043,d00492ad921aaea14f63bcd78ed91a383daddc00d1ababd4668dd4fe53c27043,8560f269c9356f8d1f34bfcd985b7aca727d9f6846cebaebc9ea0fb78298d9e2,8560f269c9356f8d1f34bfcd985b7aca727d9f6846cebaebc9ea0fb78298d9e2
663,grid_0663_n6_north_east_east_middle_h3_open_t18,e2a419a62f83cbf50fe7225d5b0fc31e2e57c7b6d4788789eb21ee2d3c96fa00,e8b471e417573d3b7d3ddc5fab157970334efd4d1b2f973809a7448c4575c153,e8b471e417573d3b7d3ddc5fab157970334efd4d1b2f973809a7448c4575c153,e8b471e417573d3b7d3ddc5fab157970334efd4d1b2f973809a7448c4575c153,e8b471e417573d3b7d3ddc5fab157970334efd4d1b2f973809a7448c4575c153,8560f269c9356f8d1f34bfcd985b7aca727d9f6846cebaebc9ea0fb78298d9e2,8560f269c9356f8d1f34bfcd985b7aca727d9f6846cebaebc9ea0fb78298d9e2
664,grid_0664_n6_north_east_east_middle_h3_gate_t12,e63b4ba29ca7b6f72166216ff3d572f7af3614f0c5916739bcad5da4369ad635,c74ede9cc00a650673e185ac02486a4bf52a97effbdbaa6fcada9f3d0e526f56,c74ede9cc00a650673e185ac02486a4bf52a97effbdbaa6fcada9f3d0e526f56,c74ede9cc00a650673e185ac02486a4bf52a97effbdbaa6fcada9f3d0e526f56,c74ede9cc00a650673e185ac02486a4bf52a97effbdbaa6fcada9f3d0e526f56,8560f269c9356f8d1f34bfcd985b7aca727d9f6846cebaebc9ea0fb78298d9e2,8560f269c9356f8d1f34bfcd985b7aca727d9f6846cebaebc9ea0fb78298d9e2
665,grid_0665_n6_north_east_east_middle_h3_gate_t14,e6979560ae21bc05fee62b69ea4af9a07dbbc3ec2a73472a1b560a3eecc35b06,c11ba099200542cefbf7719d1fe5bf65862aeee59cfa1545899f5ea0a31adf2b,c11ba099200542cefbf7719d1fe5bf65862aeee59cfa1545899f5ea0a31adf2b,c11ba099200542cefbf7719d1fe5bf65862aeee59cfa1545899f5ea0a31adf2b,c11ba099200542cefbf7719d1fe5bf65862aeee59cfa1545899f5ea0a31adf2b,8560f269c9356f8d1f34bfcd985b7aca727d9f6846cebaebc9ea0fb78298d9e2,8560f269c9356f8d1f34bfcd985b7aca727d9f6846cebaebc9ea0fb78298d9e2
666,grid_0666_n6_north_east_east_middle_h3_gate_t16,d67a54cef8a78e39fd76d9ace6746da6af145125f930e7cd75100b1a222a13c4,43186a0737168c26d43e5439126a0d65468577c690f1914841d6563330235099,43186a0737168c26d43e5439126a0d65468577c690f1914841d6563330235099,43186a0737168c26d43e5439126a0d65468577c690f1914841d6563330235099,43186a0737168c26d43e5439126a0d65468577c690f1914841d6563330235099,8560f269c9356f8d1f34bfcd985b7aca727d9f6846cebaebc9ea0fb78298d9e2,8560f269c9356f8d1f34bfcd985b7aca727d9f6846cebaebc9ea0fb78298d9e2
667,grid_0667_n6_north_east_east_middle_h3_gate_t18,a6df1c77d576d5b1b5827127ec7a1e5c537943d1e0da5af652df03c9a5adbdf2,661d9844fa2f8c045526c4a0da02392485ff06484472da012505ae9b91240e2f,661d9844fa2f8c045526c4a0da02392485ff06484472da012505ae9b91240e2f,661d9844fa2f8c045526c4a0da02392485ff06484472da012505ae9b91240e2f,661d9844fa2f8c045526c4a0da02392485ff06484472da012505ae9b91240e2f,8560f269c9356f8d1f34bfcd985b7aca727d9f6846cebaebc9ea0fb78298d9e2,8560f269c9356f8d1f34bfcd985b7aca727d9f6846cebaebc9ea0fb78298d9e2
668,grid_0668_n6_north_east_east_middle_h3_staggered_t12,5e1829fcec7dde9eaf05b2bc33309ff6f31d82769a4a2a28e43be2b61a893c57,f42655f275562f965edd39e43578c4a7d60c11c1f2d527b4879dfbef512d2b5a,f42655f275562f965edd39e43578c4a7d60c11c1f2d527b4879dfbef512d2b5a,f42655f275562f965edd39e43578c4a7d60c11c1f2d527b4879dfbef512d2b5a,f42655f275562f965edd39e43578c4a7d60c11c1f2d527b4879dfbef512d2b5a,8560f269c9356f8d1f34bfcd985b7aca727d9f6846cebaebc9ea0fb78298d9e2,8560f269c9356f8d1f34bfcd985b7aca727d9f6846cebaebc9ea0fb78298d9e2
669,grid_0669_n6_north_east_east_middle_h3_staggered_t14,fd0ed7c93340be97a61068f8cc2e858bb32abd0487d3c5eae571673d2363a931,8237f5ee038ca1b4c5345eaf20b2bf496eda97f1eae298aaa980e2db84af1334,8237f5ee038ca1b4c5345eaf20b2bf496eda97f1eae298aaa980e2db84af1334,8237f5ee038ca1b4c5345eaf20b2bf496eda97f1eae298aaa980e2db84af1334,8237f5ee038ca1b4c5345eaf20b2bf496eda97f1eae298aaa980e2db84af1334,8560f269c9356f8d1f34bfcd985b7aca727d9f6846cebaebc9ea0fb78298d9e2,8560f269c9356f8d1f34bfcd985b7aca727d9f6846cebaebc9ea0fb78298d9e2
670,grid_0670_n6_north_east_east_middle_h3_staggered_t16,8f4368f98122b74e9e5e9f5e398c4da1181de3bc3ca5be29e928bef29725d84f,d00492ad921aaea14f63bcd78ed91a383daddc00d1ababd4668dd4fe53c27043,d00492ad921aaea14f63bcd78ed91a383daddc00d1ababd4668dd4fe53c27043,d00492ad921aaea14f63bcd78ed91a383daddc00d1ababd4668dd4fe53c27043,d00492ad921aaea14f63bcd78ed91a383daddc00d1ababd4668dd4fe53c27043,8560f269c9356f8d1f34bfcd985b7aca727d9f6846cebaebc9ea0fb78298d9e2,8560f269c9356f8d1f34bfcd985b7aca727d9f6846cebaebc9ea0fb78298d9e2
671,grid_0671_n6_north_east_east_middle_h3_staggered_t18,a9711ee1dfebe5befc606995c244111efefa31edd7ca8f64103b1bd9d579c847,8ade425f395d83e6b24d5fb89420040f8d97b467ddae88d88b4da00f52676c35,8ade425f395d83e6b24d5fb89420040f8d97b467ddae88d88b4da00f52676c35,8ade425f395d83e6b24d5fb89420040f8d97b467ddae88d88b4da00f52676c35,8ade425f395d83e6b24d5fb89420040f8d97b467ddae88d88b4da00f52676c35,8560f269c9356f8d1f34bfcd985b7aca727d9f6846cebaebc9ea0fb78298d9e2,8560f269c9356f8d1f34bfcd985b7aca727d9f6846cebaebc9ea0fb78298d9e2
672,grid_0672_n6_north_east_south_middle_h0_open_t12,b81267eb3840b06756a146f7ae92fc469f500585a9302e7c0dd22a2aaa3b196c,98229c92c3ea2410a42dfdc6e7fb71425145c25d7b8e7e5d50163b79c157b551,98229c92c3ea2410a42dfdc6e7fb71425145c25d7b8e7e5d50163b79c157b551,98229c92c3ea2410a42dfdc6e7fb71425145c25d7b8e7e5d50163b79c157b551,98229c92c3ea2410a42dfdc6e7fb71425145c25d7b8e7e5d50163b79c157b551,4b329581bd90a739dd5d14c4daafe02b1d30c7ed924ee9d0fe55e4d1c400923a,4b329581bd90a739dd5d14c4daafe02b1d30c7ed924ee9d0fe55e4d1c400923a
673,grid_0673_n6_north_east_south_middle_h0_open_t14,6a727cbb16260755ef3ac4f7156b764af6cb8b156adb882bcbada5ede262508c,efaae912ceba41ec92edfacf570f2fd98f35e9247ee24661da9bbbeca62fbc0b,efaae912ceba41ec92edfacf570f2fd98f35e9247ee24661da9bbbeca62fbc0b,efaae912ceba41ec92edfacf570f2fd98f35e9247ee24661da9bbbeca62fbc0b,efaae912ceba41ec92edfacf570f2fd98f35e9247ee24661da9bbbeca62fbc0b,4b329581bd90a739dd5d14c4daafe02b1d30c7ed924ee9d0fe55e4d1c400923a,4b329581bd90a739dd5d14c4daafe02b1d30c7ed924ee9d0fe55e4d1c400923a
674,grid_0674_n6_north_east_south_middle_h0_open_t16,959f25090d1a6782ec9ee0c3f9ece90869680adf61fc88b7d76a15c5975264ca,61ee52ef454131f3ee4c9c93a0031ae78d0523162167d5b5c5c453bad2b8a151,61ee52ef454131f3ee4c9c93a0031ae78d0523162167d5b5c5c453bad2b8a151,61ee52ef454131f3ee4c9c93a0031ae78d0523162167d5b5c5c453bad2b8a151,61ee52ef454131f3ee4c9c93a0031ae78d0523162167d5b5c5c453bad2b8a151,4b329581bd90a739dd5d14c4daafe02b1d30c7ed924ee9d0fe55e4d1c400923a,4b329581bd90a739dd5d14c4daafe02b1d30c7ed924ee9d0fe55e4d1c400923a
675,grid_0675_n6_north_east_south_middle_h0_open_t18,bfe2bd84883c66ff9a8b4c90f2b195130a0b3673ba05195090a2cdc6ae102409,c48cc5649b3727cedd9e06743c4881bf6c11f4376397ecf0aa946df4597ea61d,c48cc5649b3727cedd9e06743c4881bf6c11f4376397ecf0aa946df4597ea61d,c48cc5649b3727cedd9e06743c4881bf6c11f4376397ecf0aa946df4597ea61d,c48cc5649b3727cedd9e06743c4881bf6c11f4376397ecf0aa946df4597ea61d,4b329581bd90a739dd5d14c4daafe02b1d30c7ed924ee9d0fe55e4d1c400923a,4b329581bd90a739dd5d14c4daafe02b1d30c7ed924ee9d0fe55e4d1c400923a
676,grid_0676_n6_north_east_south_middle_h0_gate_t12,caffa03081f0dc33eb884eb2581ad1cf67c7fbd35deb0d66c95ce463ea5c6c12,54c310d1c58be5c81d84a6bde08b678f92872ec2b00dbd4d462f0bac16665cd9,54c310d1c58be5c81d84a6bde08b678f92872ec2b00dbd4d462f0bac16665cd9,54c310d1c58be5c81d84a6bde08b678f92872ec2b00dbd4d462f0bac16665cd9,54c310d1c58be5c81d84a6bde08b678f92872ec2b00dbd4d462f0bac16665cd9,4b329581bd90a739dd5d14c4daafe02b1d30c7ed924ee9d0fe55e4d1c400923a,4b329581bd90a739dd5d14c4daafe02b1d30c7ed924ee9d0fe55e4d1c400923a
677,grid_0677_n6_north_east_south_middle_h0_gate_t14,894f302ac5267ee115c2c8e74cc45dfca6d937402d10574eb61ab933cfb2c920,ed1f5e11aef2d95e96f04509eaf867d52caaa5c508518ab95af2dd5e7d60c2ab,ed1f5e11aef2d95e96f04509eaf867d52caaa5c508518ab95af2dd5e7d60c2ab,ed1f5e11aef2d95e96f04509eaf867d52caaa5c508518ab95af2dd5e7d60c2ab,ed1f5e11aef2d95e96f04509eaf867d52caaa5c508518ab95af2dd5e7d60c2ab,4b329581bd90a739dd5d14c4daafe02b1d30c7ed924ee9d0fe55e4d1c400923a,4b329581bd90a739dd5d14c4daafe02b1d30c7ed924ee9d0fe55e4d1c400923a
678,grid_0678_n6_north_east_south_middle_h0_gate_t16,1678d15bd3cb5a813901fb93ac7ad0f656885ce08ba5c1bd2e02a86d2ce389a5,a2e3714787a7afb942d1e4f6043604967c265f82963e9f4768892ddd38899306,a2e3714787a7afb942d1e4f6043604967c265f82963e9f4768892ddd38899306,a2e3714787a7afb942d1e4f6043604967c265f82963e9f4768892ddd38899306,a2e3714787a7afb942d1e4f6043604967c265f82963e9f4768892ddd38899306,4b329581bd90a739dd5d14c4daafe02b1d30c7ed924ee9d0fe55e4d1c400923a,4b329581bd90a739dd5d14c4daafe02b1d30c7ed924ee9d0fe55e4d1c400923a
679,grid_0679_n6_north_east_south_middle_h0_gate_t18,c001e0c1f20707bf7e84ae155f3c9a78295e7a3a71f5df348cd4b4c0490edeee,07016e0a3c85ac4e1db25eba98a879401e16dca80bc7266c22565506522b461a,07016e0a3c85ac4e1db25eba98a879401e16dca80bc7266c22565506522b461a,07016e0a3c85ac4e1db25eba98a879401e16dca80bc7266c22565506522b461a,07016e0a3c85ac4e1db25eba98a879401e16dca80bc7266c22565506522b461a,4b329581bd90a739dd5d14c4daafe02b1d30c7ed924ee9d0fe55e4d1c400923a,4b329581bd90a739dd5d14c4daafe02b1d30c7ed924ee9d0fe55e4d1c400923a
680,grid_0680_n6_north_east_south_middle_h0_staggered_t12,389083da8fcfa6f8b41a4449c62a94e023f412902077b86aeb8dc549f40bb309,92b5ad6eebf4ad7b7f731330171ada37ec05b76e3e8e9d62efc1ba027319561e,92b5ad6eebf4ad7b7f731330171ada37ec05b76e3e8e9d62efc1ba027319561e,92b5ad6eebf4ad7b7f731330171ada37ec05b76e3e8e9d62efc1ba027319561e,92b5ad6eebf4ad7b7f731330171ada37ec05b76e3e8e9d62efc1ba027319561e,4b329581bd90a739dd5d14c4daafe02b1d30c7ed924ee9d0fe55e4d1c400923a,4b329581bd90a739dd5d14c4daafe02b1d30c7ed924ee9d0fe55e4d1c400923a
681,grid_0681_n6_north_east_south_middle_h0_staggered_t14,558a458cea7358a7550083b310d4097f994a2639f14343835b07214feef89ad0,79ad45df66cff20f04b6557b6aeef8fb82eee1f3c97d06c7d46879776ca9af71,79ad45df66cff20f04b6557b6aeef8fb82eee1f3c97d06c7d46879776ca9af71,79ad45df66cff20f04b6557b6aeef8fb82eee1f3c97d06c7d46879776ca9af71,79ad45df66cff20f04b6557b6aeef8fb82eee1f3c97d06c7d46879776ca9af71,4b329581bd90a739dd5d14c4daafe02b1d30c7ed924ee9d0fe55e4d1c400923a,4b329581bd90a739dd5d14c4daafe02b1d30c7ed924ee9d0fe55e4d1c400923a
682,grid_0682_n6_north_east_south_middle_h0_staggered_t16,0e307fd4b723711a574a19dd5ad67b63a5afea51c66a3298cd93851ac80dc3fb,efd27f666fe458e92b9999d5a1227e73325723f839880e2cdeefa98a0840b5b3,efd27f666fe458e92b9999d5a1227e73325723f839880e2cdeefa98a0840b5b3,efd27f666fe458e92b9999d5a1227e73325723f839880e2cdeefa98a0840b5b3,efd27f666fe458e92b9999d5a1227e73325723f839880e2cdeefa98a0840b5b3,4b329581bd90a739dd5d14c4daafe02b1d30c7ed924ee9d0fe55e4d1c400923a,4b329581bd90a739dd5d14c4daafe02b1d30c7ed924ee9d0fe55e4d1c400923a
683,grid_0683_n6_north_east_south_middle_h0_staggered_t18,f2cb56a604a1083f2518932f075d5e3dad7a4a4e71c44c5954da9bbf2b5a67ea,60393ce0893759d7c8e55d69ecce4d4a876cdea1bb39e09dace146abedbd87a6,60393ce0893759d7c8e55d69ecce4d4a876cdea1bb39e09dace146abedbd87a6,60393ce0893759d7c8e55d69ecce4d4a876cdea1bb39e09dace146abedbd87a6,60393ce0893759d7c8e55d69ecce4d4a876cdea1bb39e09dace146abedbd87a6,4b329581bd90a739dd5d14c4daafe02b1d30c7ed924ee9d0fe55e4d1c400923a,4b329581bd90a739dd5d14c4daafe02b1d30c7ed924ee9d0fe55e4d1c400923a
684,grid_0684_n6_north_east_south_middle_h1_open_t12,cce06d5370fd390ec04eb69aeb382e107a6b586bd23e0f6f9690cd87c37a0432,1be67a69bceaaf43f01458356332d04d6d5fea6b1c2f12971cbbb01ff10c21ef,1be67a69bceaaf43f01458356332d04d6d5fea6b1c2f12971cbbb01ff10c21ef,1be67a69bceaaf43f01458356332d04d6d5fea6b1c2f12971cbbb01ff10c21ef,1be67a69bceaaf43f01458356332d04d6d5fea6b1c2f12971cbbb01ff10c21ef,4b329581bd90a739dd5d14c4daafe02b1d30c7ed924ee9d0fe55e4d1c400923a,4b329581bd90a739dd5d14c4daafe02b1d30c7ed924ee9d0fe55e4d1c400923a
685,grid_0685_n6_north_east_south_middle_h1_open_t14,780eb3d6e0d678408c099c622b4cc1cce1844b9dec59d85d74cdd8f89a66b3d6,decc8f0b3c4a775e14e94104909fe5ed36ba0f356c236ad7e314bc6ee2e78935,decc8f0b3c4a775e14e94104909fe5ed36ba0f356c236ad7e314bc6ee2e78935,decc8f0b3c4a775e14e94104909fe5ed36ba0f356c236ad7e314bc6ee2e78935,decc8f0b3c4a775e14e94104909fe5ed36ba0f356c236ad7e314bc6ee2e78935,4b329581bd90a739dd5d14c4daafe02b1d30c7ed924ee9d0fe55e4d1c400923a,4b329581bd90a739dd5d14c4daafe02b1d30c7ed924ee9d0fe55e4d1c400923a
686,grid_0686_n6_north_east_south_middle_h1_open_t16,a1eed4a09d76bf28bd35c9fd40d8383866e0721f28bf1ef53ad2f5fa8e6118e0,c72934ee1529f975b2f61b0f1afc0652f65f1805e080ae42461accdc4b09afba,c72934ee1529f975b2f61b0f1afc0652f65f1805e080ae42461accdc4b09afba,c72934ee1529f975b2f61b0f1afc0652f65f1805e080ae42461accdc4b09afba,c72934ee1529f975b2f61b0f1afc0652f65f1805e080ae42461accdc4b09afba,4b329581bd90a739dd5d14c4daafe02b1d30c7ed924ee9d0fe55e4d1c400923a,4b329581bd90a739dd5d14c4daafe02b1d30c7ed924ee9d0fe55e4d1c400923a
687,grid_0687_n6_north_east_south_middle_h1_open_t18,48e18d8a2c3d642483373325787ffc1153541eb2a0ccf28789bd12a1ddada247,fe6f6a55a5f7fa6cffce0b82a562027605083ad68a9ded23ff793d076007b6c5,fe6f6a55a5f7fa6cffce0b82a562027605083ad68a9ded23ff793d076007b6c5,fe6f6a55a5f7fa6cffce0b82a562027605083ad68a9ded23ff793d076007b6c5,fe6f6a55a5f7fa6cffce0b82a562027605083ad68a9ded23ff793d076007b6c5,4b329581bd90a739dd5d14c4daafe02b1d30c7ed924ee9d0fe55e4d1c400923a,4b329581bd90a739dd5d14c4daafe02b1d30c7ed924ee9d0fe55e4d1c400923a
688,grid_0688_n6_north_east_south_middle_h1_gate_t12,06fd1bc6f5f2b89544fa316b78c902dc9fa5684b16018020a1c32b651bcadb4c,929c47e5efdb2ba0a47bf696b68a5301b12951e417ca7f07ec1b3da53420c9b3,929c47e5efdb2ba0a47bf696b68a5301b12951e417ca7f07ec1b3da53420c9b3,929c47e5efdb2ba0a47bf696b68a5301b12951e417ca7f07ec1b3da53420c9b3,929c47e5efdb2ba0a47bf696b68a5301b12951e417ca7f07ec1b3da53420c9b3,4b329581bd90a739dd5d14c4daafe02b1d30c7ed924ee9d0fe55e4d1c400923a,4b329581bd90a739dd5d14c4daafe02b1d30c7ed924ee9d0fe55e4d1c400923a
689,grid_0689_n6_north_east_south_middle_h1_gate_t14,54eb71ef16f3437dfb3c32d367b1d4716a263b8285e7ce341e40d57ff21a5064,ff9c413f89d7d8c78aa9964a6e0a219543fa6c7c629cbbab2604bef448208640,ff9c413f89d7d8c78aa9964a6e0a219543fa6c7c629cbbab2604bef448208640,ff9c413f89d7d8c78aa9964a6e0a219543fa6c7c629cbbab2604bef448208640,ff9c413f89d7d8c78aa9964a6e0a219543fa6c7c629cbbab2604bef448208640,4b329581bd90a739dd5d14c4daafe02b1d30c7ed924ee9d0fe55e4d1c400923a,4b329581bd90a739dd5d14c4daafe02b1d30c7ed924ee9d0fe55e4d1c400923a
690,grid_0690_n6_north_east_south_middle_h1_gate_t16,63573241d4187070007584318f6e0a0eefa7d8c022a2ccc89ebd6114bb98b78b,cffe325fbbb55a612bdfaa970ef60c2b356015c6463ef6f7ce3b08eec646ae08,cffe325fbbb55a612bdfaa970ef60c2b356015c6463ef6f7ce3b08eec646ae08,cffe325fbbb55a612bdfaa970ef60c2b356015c6463ef6f7ce3b08eec646ae08,cffe325fbbb55a612bdfaa970ef60c2b356015c6463ef6f7ce3b08eec646ae08,4b329581bd90a739dd5d14c4daafe02b1d30c7ed924ee9d0fe55e4d1c400923a,4b329581bd90a739dd5d14c4daafe02b1d30c7ed924ee9d0fe55e4d1c400923a
691,grid_0691_n6_north_east_south_middle_h1_gate_t18,70306a5ada2f1082d1a385acee9529c1316a4090c1de1e0e3c165067c4475c92,b331dc5d689d8e2a41ea3b2532f787c3e7104fb1bc25e8980ced7ab6bb4cfee5,b331dc5d689d8e2a41ea3b2532f787c3e7104fb1bc25e8980ced7ab6bb4cfee5,b331dc5d689d8e2a41ea3b2532f787c3e7104fb1bc25e8980ced7ab6bb4cfee5,b331dc5d689d8e2a41ea3b2532f787c3e7104fb1bc25e8980ced7ab6bb4cfee5,4b329581bd90a739dd5d14c4daafe02b1d30c7ed924ee9d0fe55e4d1c400923a,4b329581bd90a739dd5d14c4daafe02b1d30c7ed924ee9d0fe55e4d1c400923a
692,grid_0692_n6_north_east_south_middle_h1_staggered_t12,221da3f8a8ab2ff59cfa3f766ab5c53937cbd75937a32916f32d8e2303dcefba,c410fb84c5acfb1f0d9658536395865d5f4e941d8bdc6dd26dc1ea240bc61f12,c410fb84c5acfb1f0d9658536395865d5f4e941d8bdc6dd26dc1ea240bc61f12,c410fb84c5acfb1f0d9658536395865d5f4e941d8bdc6dd26dc1ea240bc61f12,c410fb84c5acfb1f0d9658536395865d5f4e941d8bdc6dd26dc1ea240bc61f12,4b329581bd90a739dd5d14c4daafe02b1d30c7ed924ee9d0fe55e4d1c400923a,4b329581bd90a739dd5d14c4daafe02b1d30c7ed924ee9d0fe55e4d1c400923a
693,grid_0693_n6_north_east_south_middle_h1_staggered_t14,9a4de6ac04a2a816e852967e15a5fdf69460d1aa85771273ed79aff7f6c72247,0655c022b286d469a246e011c1bca10039a4260f23b9e38ccaecf93ec73e014c,0655c022b286d469a246e011c1bca10039a4260f23b9e38ccaecf93ec73e014c,0655c022b286d469a246e011c1bca10039a4260f23b9e38ccaecf93ec73e014c,0655c022b286d469a246e011c1bca10039a4260f23b9e38ccaecf93ec73e014c,4b329581bd90a739dd5d14c4daafe02b1d30c7ed924ee9d0fe55e4d1c400923a,4b329581bd90a739dd5d14c4daafe02b1d30c7ed924ee9d0fe55e4d1c400923a
694,grid_0694_n6_north_east_south_middle_h1_staggered_t16,ddc21b2eec3ab0158f783d504688099792397a677cf9c8a280821dcbebcf360c,f7a566387fd6ac5b5116cf86b5c6a08d7f05c51e4e637a0d8ec141b9510d722d,f7a566387fd6ac5b5116cf86b5c6a08d7f05c51e4e637a0d8ec141b9510d722d,f7a566387fd6ac5b5116cf86b5c6a08d7f05c51e4e637a0d8ec141b9510d722d,f7a566387fd6ac5b5116cf86b5c6a08d7f05c51e4e637a0d8ec141b9510d722d,4b329581bd90a739dd5d14c4daafe02b1d30c7ed924ee9d0fe55e4d1c400923a,4b329581bd90a739dd5d14c4daafe02b1d30c7ed924ee9d0fe55e4d1c400923a
695,grid_0695_n6_north_east_south_middle_h1_staggered_t18,37900cad53732724c8dc4c4373b33a0584f7c30f76e68e25959ea09b6c48d33e,3d488fe7f7765b306558413cd8884de00d8a621f4ae3694eafa9c25e0b324675,3d488fe7f7765b306558413cd8884de00d8a621f4ae3694eafa9c25e0b324675,3d488fe7f7765b306558413cd8884de00d8a621f4ae3694eafa9c25e0b324675,3d488fe7f7765b306558413cd8884de00d8a621f4ae3694eafa9c25e0b324675,4b329581bd90a739dd5d14c4daafe02b1d30c7ed924ee9d0fe55e4d1c400923a,4b329581bd90a739dd5d14c4daafe02b1d30c7ed924ee9d0fe55e4d1c400923a
696,grid_0696_n6_north_east_south_middle_h2_open_t12,1d110bcddbc9c9107bfe3dcf6a1187b5fedbabd97f17dd20baa1f8679b3427e2,26013fff2aebbcea17ebd8c56f431e3da82705cf8361e0a5a7f596fa9ec231d5,26013fff2aebbcea17ebd8c56f431e3da82705cf8361e0a5a7f596fa9ec231d5,26013fff2aebbcea17ebd8c56f431e3da82705cf8361e0a5a7f596fa9ec231d5,26013fff2aebbcea17ebd8c56f431e3da82705cf8361e0a5a7f596fa9ec231d5,62155e695d2dc75b8e89b55da694af90ead199e399dfefe762166d56233eebd9,62155e695d2dc75b8e89b55da694af90ead199e399dfefe762166d56233eebd9
697,grid_0697_n6_north_east_south_middle_h2_open_t14,496c8ff43294e78a17ac7ae181800f7b33494487d89c022e0bf6a4cc20d89df5,faf1d05ad0b1758d8248dd045473456ca904e4af808f37af3f80ca8f35448b00,faf1d05ad0b1758d8248dd045473456ca904e4af808f37af3f80ca8f35448b00,faf1d05ad0b1758d8248dd045473456ca904e4af808f37af3f80ca8f35448b00,faf1d05ad0b1758d8248dd045473456ca904e4af808f37af3f80ca8f35448b00,62155e695d2dc75b8e89b55da694af90ead199e399dfefe762166d56233eebd9,62155e695d2dc75b8e89b55da694af90ead199e399dfefe762166d56233eebd9
698,grid_0698_n6_north_east_south_middle_h2_open_t16,6205c2a2eeef9893d53445425037a751e71fa0275d7b2e3aa2141dc126634fc6,3c901489d864b64610498450227ae9732db93820d800f15695e1b26d7d7f076e,3c901489d864b64610498450227ae9732db93820d800f15695e1b26d7d7f076e,3c901489d864b64610498450227ae9732db93820d800f15695e1b26d7d7f076e,3c901489d864b64610498450227ae9732db93820d800f15695e1b26d7d7f076e,62155e695d2dc75b8e89b55da694af90ead199e399dfefe762166d56233eebd9,62155e695d2dc75b8e89b55da694af90ead199e399dfefe762166d56233eebd9
699,grid_0699_n6_north_east_south_middle_h2_open_t18,cb63a9c1aff54713dcda0b422c2937af3e1048a73957c6f424fab23b26cb5c6c,e4d4ab8c8ad877cd5f9acda3bcbc316e0ab29d7654e77cca3b68de457c192f10,e4d4ab8c8ad877cd5f9acda3bcbc316e0ab29d7654e77cca3b68de457c192f10,e4d4ab8c8ad877cd5f9acda3bcbc316e0ab29d7654e77cca3b68de457c192f10,e4d4ab8c8ad877cd5f9acda3bcbc316e0ab29d7654e77cca3b68de457c192f10,62155e695d2dc75b8e89b55da694af90ead199e399dfefe762166d56233eebd9,62155e695d2dc75b8e89b55da694af90ead199e399dfefe762166d56233eebd9
700,grid_0700_n6_north_east_south_middle_h2_gate_t12,0c89115fb25c006cbaf64c453885164841b9b5b1aed1058fb4d7414cc9aedb6b,90fc87223701b5e68dd677638dee2143c32443ea4a44f4658b7d3460b1cb701d,90fc87223701b5e68dd677638dee2143c32443ea4a44f4658b7d3460b1cb701d,90fc87223701b5e68dd677638dee2143c32443ea4a44f4658b7d3460b1cb701d,90fc87223701b5e68dd677638dee2143c32443ea4a44f4658b7d3460b1cb701d,62155e695d2dc75b8e89b55da694af90ead199e399dfefe762166d56233eebd9,62155e695d2dc75b8e89b55da694af90ead199e399dfefe762166d56233eebd9
701,grid_0701_n6_north_east_south_middle_h2_gate_t14,dc72464dc985fc630820d2572551ee3b8a2f55e5e11a8d7950a760a0e5aa4990,1855b0a5f85bc2933163db3b30544e5139c9e0711d4a085273dede19e2124a47,1855b0a5f85bc2933163db3b30544e5139c9e0711d4a085273dede19e2124a47,1855b0a5f85bc2933163db3b30544e5139c9e0711d4a085273dede19e2124a47,1855b0a5f85bc2933163db3b30544e5139c9e0711d4a085273dede19e2124a47,62155e695d2dc75b8e89b55da694af90ead199e399dfefe762166d56233eebd9,62155e695d2dc75b8e89b55da694af90ead199e399dfefe762166d56233eebd9
702,grid_0702_n6_north_east_south_middle_h2_gate_t16,caf329de5f7c49e42c94c3614f9f674e1f752795bebfbf0e7209392d9ead7924,d3bd77eb6e7337ffe43f9a41559fffe6f035e17b6a82dfa4e4b7097283dc7833,d3bd77eb6e7337ffe43f9a41559fffe6f035e17b6a82dfa4e4b7097283dc7833,d3bd77eb6e7337ffe43f9a41559fffe6f035e17b6a82dfa4e4b7097283dc7833,d3bd77eb6e7337ffe43f9a41559fffe6f035e17b6a82dfa4e4b7097283dc7833,62155e695d2dc75b8e89b55da694af90ead199e399dfefe762166d56233eebd9,62155e695d2dc75b8e89b55da694af90ead199e399dfefe762166d56233eebd9
703,grid_0703_n6_north_east_south_middle_h2_gate_t18,32f879848b1caaaab0fd9e3b454f0d5e081e79b6b2301c8a21664f6c2e401d9e,c5c55faf271682c8d9fb3f7daee4c36e3368d2206b7a835b0792a85c3e687629,c5c55faf271682c8d9fb3f7daee4c36e3368d2206b7a835b0792a85c3e687629,c5c55faf271682c8d9fb3f7daee4c36e3368d2206b7a835b0792a85c3e687629,c5c55faf271682c8d9fb3f7daee4c36e3368d2206b7a835b0792a85c3e687629,62155e695d2dc75b8e89b55da694af90ead199e399dfefe762166d56233eebd9,62155e695d2dc75b8e89b55da694af90ead199e399dfefe762166d56233eebd9
704,grid_0704_n6_north_east_south_middle_h2_staggered_t12,721dc9c7653773160941c60036531691a8f10d828834edfca740814db5c77834,a8a9a8da595be9db88361e9100b6bf86edd7820e8877b0c088f5692bf9465dd2,a8a9a8da595be9db88361e9100b6bf86edd7820e8877b0c088f5692bf9465dd2,a8a9a8da595be9db88361e9100b6bf86edd7820e8877b0c088f5692bf9465dd2,a8a9a8da595be9db88361e9100b6bf86edd7820e8877b0c088f5692bf9465dd2,4b4548e7a51ba0bdf376935c2e8dcda82d24cd4ea633953284ee009db903bc34,4b4548e7a51ba0bdf376935c2e8dcda82d24cd4ea633953284ee009db903bc34
705,grid_0705_n6_north_east_south_middle_h2_staggered_t14,974b898031a543250ac927bf196ffdd56cc759bc8219e8b03983c0bdb30e581f,f7ad33b84b531867ebf814a2147afadb28405441650d61fcc15737389be2efcd,f7ad33b84b531867ebf814a2147afadb28405441650d61fcc15737389be2efcd,f7ad33b84b531867ebf814a2147afadb28405441650d61fcc15737389be2efcd,f7ad33b84b531867ebf814a2147afadb28405441650d61fcc15737389be2efcd,4b4548e7a51ba0bdf376935c2e8dcda82d24cd4ea633953284ee009db903bc34,4b4548e7a51ba0bdf376935c2e8dcda82d24cd4ea633953284ee009db903bc34
706,grid_0706_n6_north_east_south_middle_h2_staggered_t16,ba690f45745d6ca2e282f6201224928bc817dc973873c8e040a53665d0abe756,abe3941d23ad10f6d0c2ba435172a7a63713b7630474e236ecfa0026828e8ca9,abe3941d23ad10f6d0c2ba435172a7a63713b7630474e236ecfa0026828e8ca9,abe3941d23ad10f6d0c2ba435172a7a63713b7630474e236ecfa0026828e8ca9,abe3941d23ad10f6d0c2ba435172a7a63713b7630474e236ecfa0026828e8ca9,4b4548e7a51ba0bdf376935c2e8dcda82d24cd4ea633953284ee009db903bc34,4b4548e7a51ba0bdf376935c2e8dcda82d24cd4ea633953284ee009db903bc34
707,grid_0707_n6_north_east_south_middle_h2_staggered_t18,4c1d4a24ec8c14571a2a558a879fc5871c0e2359072b2f8fa7fe5a8c613128bb,d28450d074317472ace06602a8f19c320f0ee1f5dfb48dfea7517c218e19752e,d28450d074317472ace06602a8f19c320f0ee1f5dfb48dfea7517c218e19752e,d28450d074317472ace06602a8f19c320f0ee1f5dfb48dfea7517c218e19752e,d28450d074317472ace06602a8f19c320f0ee1f5dfb48dfea7517c218e19752e,4b4548e7a51ba0bdf376935c2e8dcda82d24cd4ea633953284ee009db903bc34,4b4548e7a51ba0bdf376935c2e8dcda82d24cd4ea633953284ee009db903bc34
708,grid_0708_n6_north_east_south_middle_h3_open_t12,8c5725f59cbf490a885e163539d1c3018486c3cfd5bc9f5994389dca41ff622e,58e14836fa26b58aa15c99416c1a63ae9b69500f20b262de20eeecf38a718746,58e14836fa26b58aa15c99416c1a63ae9b69500f20b262de20eeecf38a718746,58e14836fa26b58aa15c99416c1a63ae9b69500f20b262de20eeecf38a718746,58e14836fa26b58aa15c99416c1a63ae9b69500f20b262de20eeecf38a718746,4b329581bd90a739dd5d14c4daafe02b1d30c7ed924ee9d0fe55e4d1c400923a,4b329581bd90a739dd5d14c4daafe02b1d30c7ed924ee9d0fe55e4d1c400923a
709,grid_0709_n6_north_east_south_middle_h3_open_t14,dad90f434791b9b35177dcbd9b4bed1d209720613d59bd7cf7e4a9ce7251cc34,c974b1ca6ee636a0b7c56985722e86ce8808febd68a63e592627d53514ddab44,c974b1ca6ee636a0b7c56985722e86ce8808febd68a63e592627d53514ddab44,c974b1ca6ee636a0b7c56985722e86ce8808febd68a63e592627d53514ddab44,c974b1ca6ee636a0b7c56985722e86ce8808febd68a63e592627d53514ddab44,4b329581bd90a739dd5d14c4daafe02b1d30c7ed924ee9d0fe55e4d1c400923a,4b329581bd90a739dd5d14c4daafe02b1d30c7ed924ee9d0fe55e4d1c400923a
710,grid_0710_n6_north_east_south_middle_h3_open_t16,737ceb1bf72bf76dca1f311f06fbcd26a5fd0bc6928b0e12ff6c89ac36fe302b,ff429511468f85ebd5907a3cdcf899c6743abd857a7ec968697beeb85eb814f4,ff429511468f85ebd5907a3cdcf899c6743abd857a7ec968697beeb85eb814f4,ff429511468f85ebd5907a3cdcf899c6743abd857a7ec968697beeb85eb814f4,ff429511468f85ebd5907a3cdcf899c6743abd857a7ec968697beeb85eb814f4,4b329581bd90a739dd5d14c4daafe02b1d30c7ed924ee9d0fe55e4d1c400923a,4b329581bd90a739dd5d14c4daafe02b1d30c7ed924ee9d0fe55e4d1c400923a
711,grid_0711_n6_north_east_south_middle_h3_open_t18,2e31795515fc0757371dca62fff3f48567d2d85a0ef6f86b12bfd89570e3d090,cb9485c421c79ee2443dcebd4b86a6d67d1a076bae7cc8923f861f86bee65a7f,cb9485c421c79ee2443dcebd4b86a6d67d1a076bae7cc8923f861f86bee65a7f,cb9485c421c79ee2443dcebd4b86a6d67d1a076bae7cc8923f861f86bee65a7f,cb9485c421c79ee2443dcebd4b86a6d67d1a076bae7cc8923f861f86bee65a7f,4b329581bd90a739dd5d14c4daafe02b1d30c7ed924ee9d0fe55e4d1c400923a,4b329581bd90a739dd5d14c4daafe02b1d30c7ed924ee9d0fe55e4d1c400923a
712,grid_0712_n6_north_east_south_middle_h3_gate_t12,350600fb59f7636c498dc81ac76985b3cb81aced8a28ce5bc22a579c88cf5b6e,f196370251aae8e146e8bb6083d9051f6733e7b947d93946f82dde48ec3b9352,f196370251aae8e146e8bb6083d9051f6733e7b947d93946f82dde48ec3b9352,f196370251aae8e146e8bb6083d9051f6733e7b947d93946f82dde48ec3b9352,f196370251aae8e146e8bb6083d9051f6733e7b947d93946f82dde48ec3b9352,0dc58cb7edcc5563213f11f22d4d42cabf67fd526c193a155e0e2128bfdc2709,0dc58cb7edcc5563213f11f22d4d42cabf67fd526c193a155e0e2128bfdc2709
713,grid_0713_n6_north_east_south_middle_h3_gate_t14,2b01b6640cbb32b6b22aded7b1a0a167e9ba678c848a8595c444b744882030fa,17986965c2e63068a0cfdf2664ebd6e3fee8b8b61697ba7f3874083084068f46,17986965c2e63068a0cfdf2664ebd6e3fee8b8b61697ba7f3874083084068f46,17986965c2e63068a0cfdf2664ebd6e3fee8b8b61697ba7f3874083084068f46,17986965c2e63068a0cfdf2664ebd6e3fee8b8b61697ba7f3874083084068f46,0dc58cb7edcc5563213f11f22d4d42cabf67fd526c193a155e0e2128bfdc2709,0dc58cb7edcc5563213f11f22d4d42cabf67fd526c193a155e0e2128bfdc2709
714,grid_0714_n6_north_east_south_middle_h3_gate_t16,83221fd26ea22b9898e151146be4e6fa5a6df3cd1adbd81ffd148c9e33e2890c,9d07b2666c9d4c7a49684ec763d78422b8bee237fcd08b0509f8cfb1564a9109,9d07b2666c9d4c7a49684ec763d78422b8bee237fcd08b0509f8cfb1564a9109,9d07b2666c9d4c7a49684ec763d78422b8bee237fcd08b0509f8cfb1564a9109,9d07b2666c9d4c7a49684ec763d78422b8bee237fcd08b0509f8cfb1564a9109,0dc58cb7edcc5563213f11f22d4d42cabf67fd526c193a155e0e2128bfdc2709,0dc58cb7edcc5563213f11f22d4d42cabf67fd526c193a155e0e2128bfdc2709
715,grid_0715_n6_north_east_south_middle_h3_gate_t18,da0ea7e5791acdb44e750a570cd81d3e662627cdfd58ccafe4c60939408f7606,20ee09ed701e859fc2b3eb685f48016c0011473af45adbbd147bb667da4a5bf9,20ee09ed701e859fc2b3eb685f48016c0011473af45adbbd147bb667da4a5bf9,20ee09ed701e859fc2b3eb685f48016c0011473af45adbbd147bb667da4a5bf9,20ee09ed701e859fc2b3eb685f48016c0011473af45adbbd147bb667da4a5bf9,0dc58cb7edcc5563213f11f22d4d42cabf67fd526c193a155e0e2128bfdc2709,0dc58cb7edcc5563213f11f22d4d42cabf67fd526c193a155e0e2128bfdc2709
716,grid_0716_n6_north_east_south_middle_h3_staggered_t12,5feebc2d903c70bdf87a5154cf10e10d5ccfcb2a86b3cdc293968d241ad57856,07cf0449530c8c9cd0f45ae8f891cf31444aa0c552393039e89bf6ff3bdb0bd9,07cf0449530c8c9cd0f45ae8f891cf31444aa0c552393039e89bf6ff3bdb0bd9,07cf0449530c8c9cd0f45ae8f891cf31444aa0c552393039e89bf6ff3bdb0bd9,07cf0449530c8c9cd0f45ae8f891cf31444aa0c552393039e89bf6ff3bdb0bd9,4b329581bd90a739dd5d14c4daafe02b1d30c7ed924ee9d0fe55e4d1c400923a,4b329581bd90a739dd5d14c4daafe02b1d30c7ed924ee9d0fe55e4d1c400923a
717,grid_0717_n6_north_east_south_middle_h3_staggered_t14,0a6ea170de662c4892b0ca70c0cccd9ea68f5c4f2dcdb66bc81283e20293f726,08669489023bb3e75ce7c534a7984eefc9b5844a4a526cabdadad84a1a542b01,08669489023bb3e75ce7c534a7984eefc9b5844a4a526cabdadad84a1a542b01,08669489023bb3e75ce7c534a7984eefc9b5844a4a526cabdadad84a1a542b01,08669489023bb3e75ce7c534a7984eefc9b5844a4a526cabdadad84a1a542b01,4b329581bd90a739dd5d14c4daafe02b1d30c7ed924ee9d0fe55e4d1c400923a,4b329581bd90a739dd5d14c4daafe02b1d30c7ed924ee9d0fe55e4d1c400923a
718,grid_0718_n6_north_east_south_middle_h3_staggered_t16,691be75059717a2ba9f82f3618e193c66967af1ecbaa568bb61bc72e3f3d0609,382ceb73a309fc98ae59c3406ed7983736d3ba7ed36d3af46ee9cb36605fc41b,382ceb73a309fc98ae59c3406ed7983736d3ba7ed36d3af46ee9cb36605fc41b,382ceb73a309fc98ae59c3406ed7983736d3ba7ed36d3af46ee9cb36605fc41b,382ceb73a309fc98ae59c3406ed7983736d3ba7ed36d3af46ee9cb36605fc41b,4b329581bd90a739dd5d14c4daafe02b1d30c7ed924ee9d0fe55e4d1c400923a,4b329581bd90a739dd5d14c4daafe02b1d30c7ed924ee9d0fe55e4d1c400923a
719,grid_0719_n6_north_east_south_middle_h3_staggered_t18,5f45753bb22614e8db460470458b995fdba9b5fc08fa71a2777abdc98f150b6e,6a1c83fd46f014d12d356c21968a4f9b3e0fa601d7cef968cdaddd21058919b0,6a1c83fd46f014d12d356c21968a4f9b3e0fa601d7cef968cdaddd21058919b0,6a1c83fd46f014d12d356c21968a4f9b3e0fa601d7cef968cdaddd21058919b0,6a1c83fd46f014d12d356c21968a4f9b3e0fa601d7cef968cdaddd21058919b0,4b329581bd90a739dd5d14c4daafe02b1d30c7ed924ee9d0fe55e4d1c400923a,4b329581bd90a739dd5d14c4daafe02b1d30c7ed924ee9d0fe55e4d1c400923a
720,grid_0720_n6_south_west_south_east_h0_open_t12,36eebb2d105490e9abaaaab402b53d59e491bd99d6c2f01e9ba7afcf20062a45,eb448ed5b7e9a8a96d8a0cc30922a81d62277ccee1b51400e6b3844bb1f8151c,eb448ed5b7e9a8a96d8a0cc30922a81d62277ccee1b51400e6b3844bb1f8151c,eb448ed5b7e9a8a96d8a0cc30922a81d62277ccee1b51400e6b3844bb1f8151c,eb448ed5b7e9a8a96d8a0cc30922a81d62277ccee1b51400e6b3844bb1f8151c,1b2d31222c169fd406bbe9af50946f22eeae690f32429ece3988b0a4b4b0c593,1b2d31222c169fd406bbe9af50946f22eeae690f32429ece3988b0a4b4b0c593
721,grid_0721_n6_south_west_south_east_h0_open_t14,c39ea93b093898cb1ccec84ef50ef8796fb66127f12114832b034ced70827a91,2300f3e7f5af317daac495baff7b39089fbe6332e1adb9e5fa8673cdf1a403a8,2300f3e7f5af317daac495baff7b39089fbe6332e1adb9e5fa8673cdf1a403a8,2300f3e7f5af317daac495baff7b39089fbe6332e1adb9e5fa8673cdf1a403a8,2300f3e7f5af317daac495baff7b39089fbe6332e1adb9e5fa8673cdf1a403a8,1b2d31222c169fd406bbe9af50946f22eeae690f32429ece3988b0a4b4b0c593,1b2d31222c169fd406bbe9af50946f22eeae690f32429ece3988b0a4b4b0c593
722,grid_0722_n6_south_west_south_east_h0_open_t16,9a442663a17cd924bc1af01e883198f35966148d6614a71e0ea8ff6a48ec3c1f,351f5e7402162ae0ea0763f79bd389aae9ec0671c5a8c2ee907079ccd132d868,351f5e7402162ae0ea0763f79bd389aae9ec0671c5a8c2ee907079ccd132d868,351f5e7402162ae0ea0763f79bd389aae9ec0671c5a8c2ee907079ccd132d868,351f5e7402162ae0ea0763f79bd389aae9ec0671c5a8c2ee907079ccd132d868,1b2d31222c169fd406bbe9af50946f22eeae690f32429ece3988b0a4b4b0c593,1b2d31222c169fd406bbe9af50946f22eeae690f32429ece3988b0a4b4b0c593
723,grid_0723_n6_south_west_south_east_h0_open_t18,4dafd2f77c1187d3538ac10f2f27d12fe0efdd5ababa4d387304381b0c9cee9b,d5e279037ca66f173d0b706eee1a90d8f1538394b1a8eb5435b6fa8cbb2a6f78,d5e279037ca66f173d0b706eee1a90d8f1538394b1a8eb5435b6fa8cbb2a6f78,d5e279037ca66f173d0b706eee1a90d8f1538394b1a8eb5435b6fa8cbb2a6f78,d5e279037ca66f173d0b706eee1a90d8f1538394b1a8eb5435b6fa8cbb2a6f78,1b2d31222c169fd406bbe9af50946f22eeae690f32429ece3988b0a4b4b0c593,1b2d31222c169fd406bbe9af50946f22eeae690f32429ece3988b0a4b4b0c593
724,grid_0724_n6_south_west_south_east_h0_gate_t12,fd37d8f69d1485bc32bedf8b29214202f49ff048ed2678c0d18e921ff7a70503,63e8dde96b3db31fe3e960a71a0b23fc57d5d27214cb940102128000202be0ce,63e8dde96b3db31fe3e960a71a0b23fc57d5d27214cb940102128000202be0ce,63e8dde96b3db31fe3e960a71a0b23fc57d5d27214cb940102128000202be0ce,63e8dde96b3db31fe3e960a71a0b23fc57d5d27214cb940102128000202be0ce,4a76dde633c09c0a68665e1dba7f9eebdb17b8ddac1e0248908efc7247b3cf13,4a76dde633c09c0a68665e1dba7f9eebdb17b8ddac1e0248908efc7247b3cf13
725,grid_0725_n6_south_west_south_east_h0_gate_t14,cd756dc53efb98b59abe49c50a45a76508bb6ab452ccdbc624c5493c89d4f8c8,94b1ad6972528ef02106c8c0ada64061624ad8c4d2e606f1d4ce59c99946b8fa,94b1ad6972528ef02106c8c0ada64061624ad8c4d2e606f1d4ce59c99946b8fa,94b1ad6972528ef02106c8c0ada64061624ad8c4d2e606f1d4ce59c99946b8fa,94b1ad6972528ef02106c8c0ada64061624ad8c4d2e606f1d4ce59c99946b8fa,4a76dde633c09c0a68665e1dba7f9eebdb17b8ddac1e0248908efc7247b3cf13,4a76dde633c09c0a68665e1dba7f9eebdb17b8ddac1e0248908efc7247b3cf13
726,grid_0726_n6_south_west_south_east_h0_gate_t16,929436a9b6173014f2f51c70cd3d6a581a367c8c113573641c1100bdf6db8ea4,1304291550a949d94c0f53562e9ddc656d4f79659c3bc5590763dd5ac59049a9,1304291550a949d94c0f53562e9ddc656d4f79659c3bc5590763dd5ac59049a9,1304291550a949d94c0f53562e9ddc656d4f79659c3bc5590763dd5ac59049a9,1304291550a949d94c0f53562e9ddc656d4f79659c3bc5590763dd5ac59049a9,4a76dde633c09c0a68665e1dba7f9eebdb17b8ddac1e0248908efc7247b3cf13,4a76dde633c09c0a68665e1dba7f9eebdb17b8ddac1e0248908efc7247b3cf13
727,grid_0727_n6_south_west_south_east_h0_gate_t18,cc19b773c8c856a51f32b13c5f19370b2114ebdbb00de2a1eb52dcaf71537be2,76d6f4876ccca001e942f3cb803b23d879d67540f1bda1d9b700f811fa4f4fa1,76d6f4876ccca001e942f3cb803b23d879d67540f1bda1d9b700f811fa4f4fa1,76d6f4876ccca001e942f3cb803b23d879d67540f1bda1d9b700f811fa4f4fa1,76d6f4876ccca001e942f3cb803b23d879d67540f1bda1d9b700f811fa4f4fa1,6ae212c611b6785f751777fc889c1d1736728ac0abe06c9d86dec8927c32ee3e,6ae212c611b6785f751777fc889c1d1736728ac0abe06c9d86dec8927c32ee3e
728,grid_0728_n6_south_west_south_east_h0_staggered_t12,02453259e8e2839716274d57e5392d55e4207ccae5e20b14ad316d678d7333a7,9c850dbe58653fd0d53d3d2f42ef897714d7e32f87e61cd7563326d30995c96a,9c850dbe58653fd0d53d3d2f42ef897714d7e32f87e61cd7563326d30995c96a,9c850dbe58653fd0d53d3d2f42ef897714d7e32f87e61cd7563326d30995c96a,9c850dbe58653fd0d53d3d2f42ef897714d7e32f87e61cd7563326d30995c96a,1b2d31222c169fd406bbe9af50946f22eeae690f32429ece3988b0a4b4b0c593,1b2d31222c169fd406bbe9af50946f22eeae690f32429ece3988b0a4b4b0c593
729,grid_0729_n6_south_west_south_east_h0_staggered_t14,71a57a782077b1aafb5ac3fde5d27485208b2eb8ca0117c197f30f884ebdad78,9746da6e8edb1ffe0ba7256863bf6d5be608132c4743e0332fdaa2efcc3930d2,9746da6e8edb1ffe0ba7256863bf6d5be608132c4743e0332fdaa2efcc3930d2,9746da6e8edb1ffe0ba7256863bf6d5be608132c4743e0332fdaa2efcc3930d2,9746da6e8edb1ffe0ba7256863bf6d5be608132c4743e0332fdaa2efcc3930d2,1b2d31222c169fd406bbe9af50946f22eeae690f32429ece3988b0a4b4b0c593,1b2d31222c169fd406bbe9af50946f22eeae690f32429ece3988b0a4b4b0c593
730,grid_0730_n6_south_west_south_east_h0_staggered_t16,036dbd0ed971c250bc750653005c4fd620bc0de557916d6e3dedf077a1bf9baa,a567a850f7c834e0467a74aa4c178467676bd583999845b4ffc203b2950bbdaa,a567a850f7c834e0467a74aa4c178467676bd583999845b4ffc203b2950bbdaa,a567a850f7c834e0467a74aa4c178467676bd583999845b4ffc203b2950bbdaa,a567a850f7c834e0467a74aa4c178467676bd583999845b4ffc203b2950bbdaa,1b2d31222c169fd406bbe9af50946f22eeae690f32429ece3988b0a4b4b0c593,1b2d31222c169fd406bbe9af50946f22eeae690f32429ece3988b0a4b4b0c593
731,grid_0731_n6_south_west_south_east_h0_staggered_t18,20c19ea54d5067660e44dd586a58d41c4eb075b4d31b2a5e14180a04e8450512,9e4f84108a25c83cdef514da17336f0ee9e7da0c48ade9d74721cdf9ae50d83a,9e4f84108a25c83cdef514da17336f0ee9e7da0c48ade9d74721cdf9ae50d83a,9e4f84108a25c83cdef514da17336f0ee9e7da0c48ade9d74721cdf9ae50d83a,9e4f84108a25c83cdef514da17336f0ee9e7da0c48ade9d74721cdf9ae50d83a,1b2d31222c169fd406bbe9af50946f22eeae690f32429ece3988b0a4b4b0c593,1b2d31222c169fd406bbe9af50946f22eeae690f32429ece3988b0a4b4b0c593
732,grid_0732_n6_south_west_south_east_h1_open_t12,73990089a743fb34bbc859b862f1add29d01c6da5143438853a802a954246653,a1405665858ba25d3565cbc025626395fa24de6fd35f095e95a8c680a9b69227,a1405665858ba25d3565cbc025626395fa24de6fd35f095e95a8c680a9b69227,a1405665858ba25d3565cbc025626395fa24de6fd35f095e95a8c680a9b69227,a1405665858ba25d3565cbc025626395fa24de6fd35f095e95a8c680a9b69227,a4f0e9904eb8dab11b317e598897d904c6a098ed26a06a8b867f3e147fa28368,a4f0e9904eb8dab11b317e598897d904c6a098ed26a06a8b867f3e147fa28368
733,grid_0733_n6_south_west_south_east_h1_open_t14,4189f9ee5314755dd5fde6a8f7f4f0002bec54a321a534213bed2b519f8f766a,7b99c1787d94f9f231bc89bb4c68da113aa6a8dbcb527f434e53f416d7348453,7b99c1787d94f9f231bc89bb4c68da113aa6a8dbcb527f434e53f416d7348453,7b99c1787d94f9f231bc89bb4c68da113aa6a8dbcb527f434e53f416d7348453,7b99c1787d94f9f231bc89bb4c68da113aa6a8dbcb527f434e53f416d7348453,a4f0e9904eb8dab11b317e598897d904c6a098ed26a06a8b867f3e147fa28368,a4f0e9904eb8dab11b317e598897d904c6a098ed26a06a8b867f3e147fa28368
734,grid_0734_n6_south_west_south_east_h1_open_t16,a652fbae06b35b1166125f7fa093385b523e4a20d0de1ba77760e3a7b93f0ecc,99eb5b66d90b024cfadfc7fb87da6ad4d98316cd776fee41eca01abd501185e6,99eb5b66d90b024cfadfc7fb87da6ad4d98316cd776fee41eca01abd501185e6,99eb5b66d90b024cfadfc7fb87da6ad4d98316cd776fee41eca01abd501185e6,99eb5b66d90b024cfadfc7fb87da6ad4d98316cd776fee41eca01abd501185e6,a4f0e9904eb8dab11b317e598897d904c6a098ed26a06a8b867f3e147fa28368,a4f0e9904eb8dab11b317e598897d904c6a098ed26a06a8b867f3e147fa28368
735,grid_0735_n6_south_west_south_east_h1_open_t18,ee7f390cd2408278c7fb4b2febdf94dcd467c00743c656a565dbb440ea0da1fb,163fc673ea489ed30952119f5fc8a78a86dd0abef48c6122cbe39f0b132583c0,163fc673ea489ed30952119f5fc8a78a86dd0abef48c6122cbe39f0b132583c0,163fc673ea489ed30952119f5fc8a78a86dd0abef48c6122cbe39f0b132583c0,163fc673ea489ed30952119f5fc8a78a86dd0abef48c6122cbe39f0b132583c0,a4f0e9904eb8dab11b317e598897d904c6a098ed26a06a8b867f3e147fa28368,a4f0e9904eb8dab11b317e598897d904c6a098ed26a06a8b867f3e147fa28368
736,grid_0736_n6_south_west_south_east_h1_gate_t12,cdeab5f8133a1adb6c7863539dd3f205c41c299609e5173c489558762ae1f2ce,87d640f07ceaf8a111ae7cfa02385931d23a0aa0b3dbd378b55138a0d86559dd,87d640f07ceaf8a111ae7cfa02385931d23a0aa0b3dbd378b55138a0d86559dd,87d640f07ceaf8a111ae7cfa02385931d23a0aa0b3dbd378b55138a0d86559dd,87d640f07ceaf8a111ae7cfa02385931d23a0aa0b3dbd378b55138a0d86559dd,1c2348fbb4ffc700b10ab4a3233ace983a92ef8ea5ab1febef88d0cc49bf0ddc,1c2348fbb4ffc700b10ab4a3233ace983a92ef8ea5ab1febef88d0cc49bf0ddc
737,grid_0737_n6_south_west_south_east_h1_gate_t14,30719dfbc7437e604d2eb24e5dedb698b03bccb90e49403949587415430cd166,e84b0a832cfd1d9e7fb3836d6088302d31c32ef55663d799e549366ac437f5ac,e84b0a832cfd1d9e7fb3836d6088302d31c32ef55663d799e549366ac437f5ac,e84b0a832cfd1d9e7fb3836d6088302d31c32ef55663d799e549366ac437f5ac,e84b0a832cfd1d9e7fb3836d6088302d31c32ef55663d799e549366ac437f5ac,7517fdbaca6b2da7ab998c4d91b921656a1513c59eebbaff900cfcb006ca7d75,7517fdbaca6b2da7ab998c4d91b921656a1513c59eebbaff900cfcb006ca7d75
738,grid_0738_n6_south_west_south_east_h1_gate_t16,fbb93f640bef6aff28bf899820712d80db444dae765b3b139353d8a8f6ec31e1,600132e68715d37294da1845e4d93697ed019ce963dfbc14a12c8dddb5f7ba88,600132e68715d37294da1845e4d93697ed019ce963dfbc14a12c8dddb5f7ba88,600132e68715d37294da1845e4d93697ed019ce963dfbc14a12c8dddb5f7ba88,600132e68715d37294da1845e4d93697ed019ce963dfbc14a12c8dddb5f7ba88,53f98b00cfa2c10dee1401dd5f593dead9f7a79af3e6d954eb00cde19dc5bcde,53f98b00cfa2c10dee1401dd5f593dead9f7a79af3e6d954eb00cde19dc5bcde
739,grid_0739_n6_south_west_south_east_h1_gate_t18,6ec36e1c39376df69ddd484e3bac2c4f125001da739a3f545ae79ba9cfe948e0,d5b7fde8ffb8b1eb8d27d9f01a34455d837b2731806449c8615bebb91496d297,d5b7fde8ffb8b1eb8d27d9f01a34455d837b2731806449c8615bebb91496d297,d5b7fde8ffb8b1eb8d27d9f01a34455d837b2731806449c8615bebb91496d297,d5b7fde8ffb8b1eb8d27d9f01a34455d837b2731806449c8615bebb91496d297,53f98b00cfa2c10dee1401dd5f593dead9f7a79af3e6d954eb00cde19dc5bcde,53f98b00cfa2c10dee1401dd5f593dead9f7a79af3e6d954eb00cde19dc5bcde
740,grid_0740_n6_south_west_south_east_h1_staggered_t12,65bae11a9993b8af0d1243ca1eb3e91b00050685ca8b9b510c3ccf55f50b47de,2a36096d44178c56c94b0ef75c9a6261b4cf416c670b6078f7b0bfa970bd6b56,2a36096d44178c56c94b0ef75c9a6261b4cf416c670b6078f7b0bfa970bd6b56,2a36096d44178c56c94b0ef75c9a6261b4cf416c670b6078f7b0bfa970bd6b56,2a36096d44178c56c94b0ef75c9a6261b4cf416c670b6078f7b0bfa970bd6b56,a4f0e9904eb8dab11b317e598897d904c6a098ed26a06a8b867f3e147fa28368,a4f0e9904eb8dab11b317e598897d904c6a098ed26a06a8b867f3e147fa28368
741,grid_0741_n6_south_west_south_east_h1_staggered_t14,fa7df56040c1f08dfd866136a1d20a8f7e75c6b307f96800332b4537267efe21,25a4fe95caddb9bf10170ae964a234b18d83eeb554931dc6101ab88a9bdabdf3,25a4fe95caddb9bf10170ae964a234b18d83eeb554931dc6101ab88a9bdabdf3,25a4fe95caddb9bf10170ae964a234b18d83eeb554931dc6101ab88a9bdabdf3,25a4fe95caddb9bf10170ae964a234b18d83eeb554931dc6101ab88a9bdabdf3,a4f0e9904eb8dab11b317e598897d904c6a098ed26a06a8b867f3e147fa28368,a4f0e9904eb8dab11b317e598897d904c6a098ed26a06a8b867f3e147fa28368
742,grid_0742_n6_south_west_south_east_h1_staggered_t16,efea7ec0bf37e7fd77d6c0ecc9f362fccd60a48aa7912e6d047cdd4e58afb63a,268838564838c1d3393a5e4e055b37a4317934c33bcdc2a73fd0be2df3700ccc,268838564838c1d3393a5e4e055b37a4317934c33bcdc2a73fd0be2df3700ccc,268838564838c1d3393a5e4e055b37a4317934c33bcdc2a73fd0be2df3700ccc,268838564838c1d3393a5e4e055b37a4317934c33bcdc2a73fd0be2df3700ccc,a4f0e9904eb8dab11b317e598897d904c6a098ed26a06a8b867f3e147fa28368,a4f0e9904eb8dab11b317e598897d904c6a098ed26a06a8b867f3e147fa28368
743,grid_0743_n6_south_west_south_east_h1_staggered_t18,071f9f554fa96e0f8f53826d209c4a44af33aba54f070d6b21610df8b8fdd125,0d98fc2c3be938a081faf51e6186942d97d1a47b26d3fe5cb44defc5546aefed,0d98fc2c3be938a081faf51e6186942d97d1a47b26d3fe5cb44defc5546aefed,0d98fc2c3be938a081faf51e6186942d97d1a47b26d3fe5cb44defc5546aefed,0d98fc2c3be938a081faf51e6186942d97d1a47b26d3fe5cb44defc5546aefed,a4f0e9904eb8dab11b317e598897d904c6a098ed26a06a8b867f3e147fa28368,a4f0e9904eb8dab11b317e598897d904c6a098ed26a06a8b867f3e147fa28368
744,grid_0744_n6_south_west_south_east_h2_open_t12,648ccbf56ddaff556de5da30442bf9b53ae29395786f046950df912b12841c82,35932cfe9f1481c6d38883a852918a935ee90d3dd555f3e55ab69ae81e4cdebc,35932cfe9f1481c6d38883a852918a935ee90d3dd555f3e55ab69ae81e4cdebc,35932cfe9f1481c6d38883a852918a935ee90d3dd555f3e55ab69ae81e4cdebc,35932cfe9f1481c6d38883a852918a935ee90d3dd555f3e55ab69ae81e4cdebc,f9b4a4b2af769e91cc7ae7c0d18820cc92c76568c1c86a9a386ab21155e44d5d,f9b4a4b2af769e91cc7ae7c0d18820cc92c76568c1c86a9a386ab21155e44d5d
745,grid_0745_n6_south_west_south_east_h2_open_t14,c74302581333f5dfad242bd866a83a1922986f841d9c036e3960c29444520108,b626e04977ff3cc8cf330b9b9c263b758cd7d52001f58edadb1afafdcaebdb98,b626e04977ff3cc8cf330b9b9c263b758cd7d52001f58edadb1afafdcaebdb98,b626e04977ff3cc8cf330b9b9c263b758cd7d52001f58edadb1afafdcaebdb98,b626e04977ff3cc8cf330b9b9c263b758cd7d52001f58edadb1afafdcaebdb98,f9b4a4b2af769e91cc7ae7c0d18820cc92c76568c1c86a9a386ab21155e44d5d,f9b4a4b2af769e91cc7ae7c0d18820cc92c76568c1c86a9a386ab21155e44d5d
746,grid_0746_n6_south_west_south_east_h2_open_t16,db7b84f612b50b09a3304955ae61d25d3620b0344b746950012f1c3ed6c9db23,a96a3724c9f0c1f1c0cc557c184a7b050cb3de6a944bc0e562fd9e72222ea273,a96a3724c9f0c1f1c0cc557c184a7b050cb3de6a944bc0e562fd9e72222ea273,a96a3724c9f0c1f1c0cc557c184a7b050cb3de6a944bc0e562fd9e72222ea273,a96a3724c9f0c1f1c0cc557c184a7b050cb3de6a944bc0e562fd9e72222ea273,f9b4a4b2af769e91cc7ae7c0d18820cc92c76568c1c86a9a386ab21155e44d5d,f9b4a4b2af769e91cc7ae7c0d18820cc92c76568c1c86a9a386ab21155e44d5d
747,grid_0747_n6_south_west_south_east_h2_open_t18,dcdf740bc34234124b09858372066002c4be37f3abe9364de9384731cc2ae677,69483c6ceecf2307a416d2615a099147bbcb067cb53abc4058ec9dfb1962b2ed,69483c6ceecf2307a416d2615a099147bbcb067cb53abc4058ec9dfb1962b2ed,69483c6ceecf2307a416d2615a099147bbcb067cb53abc4058ec9dfb1962b2ed,69483c6ceecf2307a416d2615a099147bbcb067cb53abc4058ec9dfb1962b2ed,f9b4a4b2af769e91cc7ae7c0d18820cc92c76568c1c86a9a386ab21155e44d5d,f9b4a4b2af769e91cc7ae7c0d18820cc92c76568c1c86a9a386ab21155e44d5d
748,grid_0748_n6_south_west_south_east_h2_gate_t12,1648e2536807d69285208c99c8e47178640fef5f13f52301e89fe57082ae1375,,,,,,
749,grid_0749_n6_south_west_south_east_h2_gate_t14,a3d7e83cc8136a185fa507f150f009d4768c0ebc6e7e2b58fca645a6a159258b,a5252f9e00c741ce5c36499a1b6a67bcef92689ce3dd5775c037e12c727bc8e4,a5252f9e00c741ce5c36499a1b6a67bcef92689ce3dd5775c037e12c727bc8e4,a5252f9e00c741ce5c36499a1b6a67bcef92689ce3dd5775c037e12c727bc8e4,a5252f9e00c741ce5c36499a1b6a67bcef92689ce3dd5775c037e12c727bc8e4,680c1475ebd226539140f858718b4d63461f3d1b57b20ffbd1f0f5714bd3cbcf,680c1475ebd226539140f858718b4d63461f3d1b57b20ffbd1f0f5714bd3cbcf
750,grid_0750_n6_south_west_south_east_h2_gate_t16,3faf2f10c181495e1f3a93a1491fe4bb8b00d5182894946d2d791fcb18696ee7,39a7d38fd1137cc47ebae25b5661ef4d6ae8a2b28906401822ebd6766d246a83,39a7d38fd1137cc47ebae25b5661ef4d6ae8a2b28906401822ebd6766d246a83,39a7d38fd1137cc47ebae25b5661ef4d6ae8a2b28906401822ebd6766d246a83,39a7d38fd1137cc47ebae25b5661ef4d6ae8a2b28906401822ebd6766d246a83,680c1475ebd226539140f858718b4d63461f3d1b57b20ffbd1f0f5714bd3cbcf,680c1475ebd226539140f858718b4d63461f3d1b57b20ffbd1f0f5714bd3cbcf
751,grid_0751_n6_south_west_south_east_h2_gate_t18,11ae2ac00a87029694c18eceacd43a8f26e200e1905fb43fa2adbcbfbb4a8d03,470c58d90ed836ade48c5ebf561824a4a91f5d35f0c781295e60f840288cb73d,470c58d90ed836ade48c5ebf561824a4a91f5d35f0c781295e60f840288cb73d,470c58d90ed836ade48c5ebf561824a4a91f5d35f0c781295e60f840288cb73d,470c58d90ed836ade48c5ebf561824a4a91f5d35f0c781295e60f840288cb73d,680c1475ebd226539140f858718b4d63461f3d1b57b20ffbd1f0f5714bd3cbcf,680c1475ebd226539140f858718b4d63461f3d1b57b20ffbd1f0f5714bd3cbcf
752,grid_0752_n6_south_west_south_east_h2_staggered_t12,5803f7f1d74ad1fd6c29fba71a4fbd33ee36954a8c6137e7535b3d4cda063996,bdaa587e120e2ccde707f241e4be808152139f8e179557c0abd0a07b3c648660,bdaa587e120e2ccde707f241e4be808152139f8e179557c0abd0a07b3c648660,bdaa587e120e2ccde707f241e4be808152139f8e179557c0abd0a07b3c648660,bdaa587e120e2ccde707f241e4be808152139f8e179557c0abd0a07b3c648660,f9b4a4b2af769e91cc7ae7c0d18820cc92c76568c1c86a9a386ab21155e44d5d,f9b4a4b2af769e91cc7ae7c0d18820cc92c76568c1c86a9a386ab21155e44d5d
753,grid_0753_n6_south_west_south_east_h2_staggered_t14,46f690cb3ab7550268aa96084fb1d68456f59fb7b3283bbf06e9801e5695ebab,fbaf00be253651c0dab6a544ee09d896fa8377259accfe0b30ede11d262b1eed,fbaf00be253651c0dab6a544ee09d896fa8377259accfe0b30ede11d262b1eed,fbaf00be253651c0dab6a544ee09d896fa8377259accfe0b30ede11d262b1eed,fbaf00be253651c0dab6a544ee09d896fa8377259accfe0b30ede11d262b1eed,f9b4a4b2af769e91cc7ae7c0d18820cc92c76568c1c86a9a386ab21155e44d5d,f9b4a4b2af769e91cc7ae7c0d18820cc92c76568c1c86a9a386ab21155e44d5d
754,grid_0754_n6_south_west_south_east_h2_staggered_t16,6c9e26f708f498249ae14b96914838c4eb1b6f35b331d66bb9273682d9729fee,6794b73338e54e1edd6bdba54c84b629ff26ef085b1342aba75cefd1753435c4,6794b73338e54e1edd6bdba54c84b629ff26ef085b1342aba75cefd1753435c4,6794b73338e54e1edd6bdba54c84b629ff26ef085b1342aba75cefd1753435c4,6794b73338e54e1edd6bdba54c84b629ff26ef085b1342aba75cefd1753435c4,f9b4a4b2af769e91cc7ae7c0d18820cc92c76568c1c86a9a386ab21155e44d5d,f9b4a4b2af769e91cc7ae7c0d18820cc92c76568c1c86a9a386ab21155e44d5d
755,grid_0755_n6_south_west_south_east_h2_staggered_t18,ecc8c3d3335f948946cf5641585eb4c5ad4425f3b2857c548bafeb9a4d203683,12c373702f8cc6bee1a949d0416975c885c52160a3a93170858d64232a070556,12c373702f8cc6bee1a949d0416975c885c52160a3a93170858d64232a070556,12c373702f8cc6bee1a949d0416975c885c52160a3a93170858d64232a070556,12c373702f8cc6bee1a949d0416975c885c52160a3a93170858d64232a070556,f9b4a4b2af769e91cc7ae7c0d18820cc92c76568c1c86a9a386ab21155e44d5d,f9b4a4b2af769e91cc7ae7c0d18820cc92c76568c1c86a9a386ab21155e44d5d
756,grid_0756_n6_south_west_south_east_h3_open_t12,2f3bd4fd43e69e7781bef241b7f382ee0c0f5b270ff61372e263c125d24873a5,9fab5fca4b31b67a5d7205558f2c82ffa4070b7ef5ececa2a5ceec1475a9f22d,9fab5fca4b31b67a5d7205558f2c82ffa4070b7ef5ececa2a5ceec1475a9f22d,9fab5fca4b31b67a5d7205558f2c82ffa4070b7ef5ececa2a5ceec1475a9f22d,9fab5fca4b31b67a5d7205558f2c82ffa4070b7ef5ececa2a5ceec1475a9f22d,1a8729e0a800f49a793d984bd263715c9d43f8bcbec221f7437ac532ea8bb51d,1a8729e0a800f49a793d984bd263715c9d43f8bcbec221f7437ac532ea8bb51d
757,grid_0757_n6_south_west_south_east_h3_open_t14,3d6f53145fd3878ed37c9ca6f6dcfe8410444c79359810f9bec22b04eced2aff,996ea2716e8508ec588d948b81e7a3efef0df829dc681397d197ed1449004f23,996ea2716e8508ec588d948b81e7a3efef0df829dc681397d197ed1449004f23,996ea2716e8508ec588d948b81e7a3efef0df829dc681397d197ed1449004f23,996ea2716e8508ec588d948b81e7a3efef0df829dc681397d197ed1449004f23,1a8729e0a800f49a793d984bd263715c9d43f8bcbec221f7437ac532ea8bb51d,1a8729e0a800f49a793d984bd263715c9d43f8bcbec221f7437ac532ea8bb51d
758,grid_0758_n6_south_west_south_east_h3_open_t16,95479d0d8438aa43f1cb1c6457f0d63acc6e7b62980e26b16133c2cb4b4988a4,9ad3f78e9682ff679a365d48b8daba84809f61d617e6b0fc60266d3eb04f3be2,9ad3f78e9682ff679a365d48b8daba84809f61d617e6b0fc60266d3eb04f3be2,9ad3f78e9682ff679a365d48b8daba84809f61d617e6b0fc60266d3eb04f3be2,9ad3f78e9682ff679a365d48b8daba84809f61d617e6b0fc60266d3eb04f3be2,1a8729e0a800f49a793d984bd263715c9d43f8bcbec221f7437ac532ea8bb51d,1a8729e0a800f49a793d984bd263715c9d43f8bcbec221f7437ac532ea8bb51d
759,grid_0759_n6_south_west_south_east_h3_open_t18,612d2d2e181e2bcc6ab40ebc9a9da67413fbef44e11f2e6a93433553b41f5751,35fa2c92e2e5a3c7bdb7fd0a1ebbf9956a1301e03d1b27a3599ba0bbfad32437,35fa2c92e2e5a3c7bdb7fd0a1ebbf9956a1301e03d1b27a3599ba0bbfad32437,35fa2c92e2e5a3c7bdb7fd0a1ebbf9956a1301e03d1b27a3599ba0bbfad32437,35fa2c92e2e5a3c7bdb7fd0a1ebbf9956a1301e03d1b27a3599ba0bbfad32437,b9e3dc0d4fb4c6b97eb057f0003e2b5001c17ad564054099b99fa5bc744ccab4,b9e3dc0d4fb4c6b97eb057f0003e2b5001c17ad564054099b99fa5bc744ccab4
760,grid_0760_n6_south_west_south_east_h3_gate_t12,7f7cf039144155068ab6837f8919868ef14c6a66c2d12e42b1e049b94163044a,398506dd3c160f9ed4f3f49a1f07afccf764d954dfa43a355bdf3c003d9af2b8,398506dd3c160f9ed4f3f49a1f07afccf764d954dfa43a355bdf3c003d9af2b8,398506dd3c160f9ed4f3f49a1f07afccf764d954dfa43a355bdf3c003d9af2b8,398506dd3c160f9ed4f3f49a1f07afccf764d954dfa43a355bdf3c003d9af2b8,a293cd86ba0fd15862ea8f76f3bab4de4e217baadaf14024dec65a8082ec41ff,a293cd86ba0fd15862ea8f76f3bab4de4e217baadaf14024dec65a8082ec41ff
761,grid_0761_n6_south_west_south_east_h3_gate_t14,3b07290001efc19d96ea7ce283141a5da58e35b7a34684dba39323e02ad93050,f5e8224aa32e6065c4cfc283b212010f44e2aa386d46d80caac076cd48664acd,f5e8224aa32e6065c4cfc283b212010f44e2aa386d46d80caac076cd48664acd,f5e8224aa32e6065c4cfc283b212010f44e2aa386d46d80caac076cd48664acd,f5e8224aa32e6065c4cfc283b212010f44e2aa386d46d80caac076cd48664acd,a293cd86ba0fd15862ea8f76f3bab4de4e217baadaf14024dec65a8082ec41ff,a293cd86ba0fd15862ea8f76f3bab4de4e217baadaf14024dec65a8082ec41ff
762,grid_0762_n6_south_west_south_east_h3_gate_t16,5afae17a9fad9b62f901d1a6b2153433839a10dfc886b9fdde9238e3de3033f0,f440cf512daec594ce5b4dead0d7fa71459150f0558909787c414e802a3a582e,f440cf512daec594ce5b4dead0d7fa71459150f0558909787c414e802a3a582e,f440cf512daec594ce5b4dead0d7fa71459150f0558909787c414e802a3a582e,f440cf512daec594ce5b4dead0d7fa71459150f0558909787c414e802a3a582e,a293cd86ba0fd15862ea8f76f3bab4de4e217baadaf14024dec65a8082ec41ff,a293cd86ba0fd15862ea8f76f3bab4de4e217baadaf14024dec65a8082ec41ff
763,grid_0763_n6_south_west_south_east_h3_gate_t18,83cd872b3be2e6ffad8fd6867bfd8d7ed49b578194b57e132ba9630386368dbd,c6689609d85e70d8307974d7928494a97f8b6b785f2175e2d2c284b91759cd6a,c6689609d85e70d8307974d7928494a97f8b6b785f2175e2d2c284b91759cd6a,c6689609d85e70d8307974d7928494a97f8b6b785f2175e2d2c284b91759cd6a,c6689609d85e70d8307974d7928494a97f8b6b785f2175e2d2c284b91759cd6a,53370631653dfdcc2be91756ede00d58714550e03df0818f102ea9d00658aad4,53370631653dfdcc2be91756ede00d58714550e03df0818f102ea9d00658aad4
764,grid_0764_n6_south_west_south_east_h3_staggered_t12,1f275f8332edd52201ea495438535e3b64d6c39d2ecd5e84de5648609ad4139a,f480e83fd5f8db34d6bd16bddb800cb2bf736e145806f25595d6b02250d6c3d1,f480e83fd5f8db34d6bd16bddb800cb2bf736e145806f25595d6b02250d6c3d1,f480e83fd5f8db34d6bd16bddb800cb2bf736e145806f25595d6b02250d6c3d1,f480e83fd5f8db34d6bd16bddb800cb2bf736e145806f25595d6b02250d6c3d1,1a8729e0a800f49a793d984bd263715c9d43f8bcbec221f7437ac532ea8bb51d,1a8729e0a800f49a793d984bd263715c9d43f8bcbec221f7437ac532ea8bb51d
765,grid_0765_n6_south_west_south_east_h3_staggered_t14,e04b512f6e46910fa685241c68ee900911cdbc2374d126a75794c42ac728d257,1ef3fd7073bcba556c4fe7a7697c210c02f3c3171628fa604abc48c335a02b1b,1ef3fd7073bcba556c4fe7a7697c210c02f3c3171628fa604abc48c335a02b1b,1ef3fd7073bcba556c4fe7a7697c210c02f3c3171628fa604abc48c335a02b1b,1ef3fd7073bcba556c4fe7a7697c210c02f3c3171628fa604abc48c335a02b1b,1a8729e0a800f49a793d984bd263715c9d43f8bcbec221f7437ac532ea8bb51d,1a8729e0a800f49a793d984bd263715c9d43f8bcbec221f7437ac532ea8bb51d
766,grid_0766_n6_south_west_south_east_h3_staggered_t16,95d30c1c0b7c4c8c7caa39ad2d3b480ac625e64aedb430dc444aad7f9efb054e,06207bca3e84a9298362d1df1dde45ddae8e27b8162871b7f1fb9a55bc722b44,06207bca3e84a9298362d1df1dde45ddae8e27b8162871b7f1fb9a55bc722b44,06207bca3e84a9298362d1df1dde45ddae8e27b8162871b7f1fb9a55bc722b44,06207bca3e84a9298362d1df1dde45ddae8e27b8162871b7f1fb9a55bc722b44,1a8729e0a800f49a793d984bd263715c9d43f8bcbec221f7437ac532ea8bb51d,1a8729e0a800f49a793d984bd263715c9d43f8bcbec221f7437ac532ea8bb51d
767,grid_0767_n6_south_west_south_east_h3_staggered_t18,281d3653326ad99f4464b178ac5a12942475622cfbd7240983760e51a812d795,7fc03f40e837df8dbf364fa5eb97f7fe8d260d8eb7560f61a75c3647c1786675,7fc03f40e837df8dbf364fa5eb97f7fe8d260d8eb7560f61a75c3647c1786675,7fc03f40e837df8dbf364fa5eb97f7fe8d260d8eb7560f61a75c3647c1786675,7fc03f40e837df8dbf364fa5eb97f7fe8d260d8eb7560f61a75c3647c1786675,b9e3dc0d4fb4c6b97eb057f0003e2b5001c17ad564054099b99fa5bc744ccab4,b9e3dc0d4fb4c6b97eb057f0003e2b5001c17ad564054099b99fa5bc744ccab4
768,grid_0768_n6_south_west_east_middle_h0_open_t12,f13c58c3d5182c23af2780c1218b986139954c9624a1cd08a691945f11ff0aac,ba17ea67997432b22a7d49c56e190c5166b9d4233cfb7b9f82e599ea0c567a3b,ba17ea67997432b22a7d49c56e190c5166b9d4233cfb7b9f82e599ea0c567a3b,ba17ea67997432b22a7d49c56e190c5166b9d4233cfb7b9f82e599ea0c567a3b,ba17ea67997432b22a7d49c56e190c5166b9d4233cfb7b9f82e599ea0c567a3b,6c478deb8f16e7951e34006538f8afa6d47900a2c8ca46f6b446d5bbe502666e,6c478deb8f16e7951e34006538f8afa6d47900a2c8ca46f6b446d5bbe502666e
769,grid_0769_n6_south_west_east_middle_h0_open_t14,3a5be7007f769dfd8f406c468c67302d87967f9d8b30f3776f96017a377d528a,4ca38fd686fff398029b76643efd9eeb3778bed38a4bf602386c0db220290820,4ca38fd686fff398029b76643efd9eeb3778bed38a4bf602386c0db220290820,4ca38fd686fff398029b76643efd9eeb3778bed38a4bf602386c0db220290820,4ca38fd686fff398029b76643efd9eeb3778bed38a4bf602386c0db220290820,6c478deb8f16e7951e34006538f8afa6d47900a2c8ca46f6b446d5bbe502666e,6c478deb8f16e7951e34006538f8afa6d47900a2c8ca46f6b446d5bbe502666e
770,grid_0770_n6_south_west_east_middle_h0_open_t16,26304952871878eb79150e05a8d1d68e6f70a44184a409775d66d937289a2ae2,a9a9c922dae2dc13af850048c2ad94a696f999c340901b60eab665131bb01761,a9a9c922dae2dc13af850048c2ad94a696f999c340901b60eab665131bb01761,a9a9c922dae2dc13af850048c2ad94a696f999c340901b60eab665131bb01761,a9a9c922dae2dc13af850048c2ad94a696f999c340901b60eab665131bb01761,6c478deb8f16e7951e34006538f8afa6d47900a2c8ca46f6b446d5bbe502666e,6c478deb8f16e7951e34006538f8afa6d47900a2c8ca46f6b446d5bbe502666e
771,grid_0771_n6_south_west_east_middle_h0_open_t18,24367aabb02d6bc0d0829398398db390739ffd46c4ff23885b6c685cfa43728a,5938caa60024c5ecbf08079360c3b4656e20dc60ce84505cca4c78e1499daaad,5938caa60024c5ecbf08079360c3b4656e20dc60ce84505cca4c78e1499daaad,5938caa60024c5ecbf08079360c3b4656e20dc60ce84505cca4c78e1499daaad,5938caa60024c5ecbf08079360c3b4656e20dc60ce84505cca4c78e1499daaad,6c478deb8f16e7951e34006538f8afa6d47900a2c8ca46f6b446d5bbe502666e,6c478deb8f16e7951e34006538f8afa6d47900a2c8ca46f6b446d5bbe502666e
772,grid_0772_n6_south_west_east_middle_h0_gate_t12,a09a9e3fee0f25836291cb7607fd07af9a9d24b940b346ef426daf78dbdcadd9,fa9065edc77c3c53607d7b376c42674e72a619663a09362cdd4606d815f87bd1,fa9065edc77c3c53607d7b376c42674e72a619663a09362cdd4606d815f87bd1,fa9065edc77c3c53607d7b376c42674e72a619663a09362cdd4606d815f87bd1,fa9065edc77c3c53607d7b376c42674e72a619663a09362cdd4606d815f87bd1,6c478deb8f16e7951e34006538f8afa6d47900a2c8ca46f6b446d5bbe502666e,6c478deb8f16e7951e34006538f8afa6d47900a2c8ca46f6b446d5bbe502666e
773,grid_0773_n6_south_west_east_middle_h0_gate_t14,446e087b446dabf2eadeb412da6ac9e51b2c9b9fc5e70dfb63834592e075fd3d,8107fe45416be88831f6d2d0f8b632994471147b5cec2c0ba02d3c5bd348b42a,8107fe45416be88831f6d2d0f8b632994471147b5cec2c0ba02d3c5bd348b42a,8107fe45416be88831f6d2d0f8b632994471147b5cec2c0ba02d3c5bd348b42a,8107fe45416be88831f6d2d0f8b632994471147b5cec2c0ba02d3c5bd348b42a,6c478deb8f16e7951e34006538f8afa6d47900a2c8ca46f6b446d5bbe502666e,6c478deb8f16e7951e34006538f8afa6d47900a2c8ca46f6b446d5bbe502666e
774,grid_0774_n6_south_west_east_middle_h0_gate_t16,203f2e7d4591fbcc58762eec6524ff1161178f357c0b3a5fea4c72932b4c920f,05c1c5f0782e426c8dffad7b5442a6b6260fc58867d9658554f65ff2a93bf669,05c1c5f0782e426c8dffad7b5442a6b6260fc58867d9658554f65ff2a93bf669,05c1c5f0782e426c8dffad7b5442a6b6260fc58867d9658554f65ff2a93bf669,05c1c5f0782e426c8dffad7b5442a6b6260fc58867d9658554f65ff2a93bf669,6c478deb8f16e7951e34006538f8afa6d47900a2c8ca46f6b446d5bbe502666e,6c478deb8f16e7951e34006538f8afa6d47900a2c8ca46f6b446d5bbe502666e
775,grid_0775_n6_south_west_east_middle_h0_gate_t18,39921c304c6654ba9bf86e4e2d717c47edf34bdfea31f1333a72a7099dbb8271,74b054fe4e593015c6005e8b95c18fc42e183ac4e47af04595d742e384e4dd29,74b054fe4e593015c6005e8b95c18fc42e183ac4e47af04595d742e384e4dd29,74b054fe4e593015c6005e8b95c18fc42e183ac4e47af04595d742e384e4dd29,74b054fe4e593015c6005e8b95c18fc42e183ac4e47af04595d742e384e4dd29,6c478deb8f16e7951e34006538f8afa6d47900a2c8ca46f6b446d5bbe502666e,6c478deb8f16e7951e34006538f8afa6d47900a2c8ca46f6b446d5bbe502666e
776,grid_0776_n6_south_west_east_middle_h0_staggered_t12,b870f78c98176b93475c7a82134c4a13dd9b6b81adf15f9cb0f43240d8764581,5f56015af4edd7b360a688c6181b1c4d6d3fe53914b45c81ffd15a3942ae5160,5f56015af4edd7b360a688c6181b1c4d6d3fe53914b45c81ffd15a3942ae5160,5f56015af4edd7b360a688c6181b1c4d6d3fe53914b45c81ffd15a3942ae5160,5f56015af4edd7b360a688c6181b1c4d6d3fe53914b45c81ffd15a3942ae5160,6c478deb8f16e7951e34006538f8afa6d47900a2c8ca46f6b446d5bbe502666e,6c478deb8f16e7951e34006538f8afa6d47900a2c8ca46f6b446d5bbe502666e
777,grid_0777_n6_south_west_east_middle_h0_staggered_t14,d6596410ebb731f3748de1c4dc740408d893a66b8f5ccbada073e12f4b2bb8c5,40938feecd36dbff6cd174fde3cec49da8a7f844a01b0c84705da5b439af88f4,40938feecd36dbff6cd174fde3cec49da8a7f844a01b0c84705da5b439af88f4,40938feecd36dbff6cd174fde3cec49da8a7f844a01b0c84705da5b439af88f4,40938feecd36dbff6cd174fde3cec49da8a7f844a01b0c84705da5b439af88f4,6c478deb8f16e7951e34006538f8afa6d47900a2c8ca46f6b446d5bbe502666e,6c478deb8f16e7951e34006538f8afa6d47900a2c8ca46f6b446d5bbe502666e
778,grid_0778_n6_south_west_east_middle_h0_staggered_t16,cc7dc55fa54a1166a13d54086bddca35a91f3a6bd2b572bf6e8e72185648cded,748be0b807258bc73ade19219732a2cfb79b2e6a6689b3a9d0489b150695bf96,748be0b807258bc73ade19219732a2cfb79b2e6a6689b3a9d0489b150695bf96,748be0b807258bc73ade19219732a2cfb79b2e6a6689b3a9d0489b150695bf96,748be0b807258bc73ade19219732a2cfb79b2e6a6689b3a9d0489b150695bf96,6c478deb8f16e7951e34006538f8afa6d47900a2c8ca46f6b446d5bbe502666e,6c478deb8f16e7951e34006538f8afa6d47900a2c8ca46f6b446d5bbe502666e
779,grid_0779_n6_south_west_east_middle_h0_staggered_t18,3703d30deac5965ee079b0b23198ea0f4ff9af49e1b1d4403620f68b4695e0b3,ab843a3bb6f39cd5405ec24589081e1b2f1e31fcb55550215a19b770ed2530ab,ab843a3bb6f39cd5405ec24589081e1b2f1e31fcb55550215a19b770ed2530ab,ab843a3bb6f39cd5405ec24589081e1b2f1e31fcb55550215a19b770ed2530ab,ab843a3bb6f39cd5405ec24589081e1b2f1e31fcb55550215a19b770ed2530ab,6c478deb8f16e7951e34006538f8afa6d47900a2c8ca46f6b446d5bbe502666e,6c478deb8f16e7951e34006538f8afa6d47900a2c8ca46f6b446d5bbe502666e
780,grid_0780_n6_south_west_east_middle_h1_open_t12,2b36dc847928a6ed8dcce0fb118c3fce91d33b497978891c865193736d625998,9cb72011fad8bf8c2ff54a980c2d4217f28d3c14036c07c027ba27a8b3e202b6,9cb72011fad8bf8c2ff54a980c2d4217f28d3c14036c07c027ba27a8b3e202b6,9cb72011fad8bf8c2ff54a980c2d4217f28d3c14036c07c027ba27a8b3e202b6,9cb72011fad8bf8c2ff54a980c2d4217f28d3c14036c07c027ba27a8b3e202b6,257c13805a1eb057217883bb483e05b5a2e818e4cbdef2513928b352ab2085bc,257c13805a1eb057217883bb483e05b5a2e818e4cbdef2513928b352ab2085bc
781,grid_0781_n6_south_west_east_middle_h1_open_t14,a25eaf4de73a0e488fb36bafa0be6b92118032f4fb9fc3037d078df5f40966e1,6a378fd2a0aa729801f5a0870987d3858ed023db003b8f0161f0953a319ff468,6a378fd2a0aa729801f5a0870987d3858ed023db003b8f0161f0953a319ff468,6a378fd2a0aa729801f5a0870987d3858ed023db003b8f0161f0953a319ff468,6a378fd2a0aa729801f5a0870987d3858ed023db003b8f0161f0953a319ff468,257c13805a1eb057217883bb483e05b5a2e818e4cbdef2513928b352ab2085bc,257c13805a1eb057217883bb483e05b5a2e818e4cbdef2513928b352ab2085bc
782,grid_0782_n6_south_west_east_middle_h1_open_t16,95fdd6a1e1c8ff8cbd04c489f12b6c61e11ee047d850f90ae8fcd0e13820943b,2f51b3ca680568d65f3e45bd997bff56b4fd465050d15c2a3e20356a175ab864,2f51b3ca680568d65f3e45bd997bff56b4fd465050d15c2a3e20356a175ab864,2f51b3ca680568d65f3e45bd997bff56b4fd465050d15c2a3e20356a175ab864,2f51b3ca680568d65f3e45bd997bff56b4fd465050d15c2a3e20356a175ab864,257c13805a1eb057217883bb483e05b5a2e818e4cbdef2513928b352ab2085bc,257c13805a1eb057217883bb483e05b5a2e818e4cbdef2513928b352ab2085bc
783,grid_0783_n6_south_west_east_middle_h1_open_t18,751061940755f8c814e59333f79edbb4caffe3b123f598738e0466fef35d0f11,c92dfcd49abd6760e5deebdd7a4100848cabe7efe95f4ebfb070e3895a8b495d,c92dfcd49abd6760e5deebdd7a4100848cabe7efe95f4ebfb070e3895a8b495d,c92dfcd49abd6760e5deebdd7a4100848cabe7efe95f4ebfb070e3895a8b495d,c92dfcd49abd6760e5deebdd7a4100848cabe7efe95f4ebfb070e3895a8b495d,257c13805a1eb057217883bb483e05b5a2e818e4cbdef2513928b352ab2085bc,257c13805a1eb057217883bb483e05b5a2e818e4cbdef2513928b352ab2085bc
784,grid_0784_n6_south_west_east_middle_h1_gate_t12,1dabba533528e85df7351ac3aed25f959c021402a3fa48ed1b8f8531217c3433,8c5b20bf38b230bbe26c139df1a9f4bb452a4cd49a7ec1e1162c61c07924fef0,8c5b20bf38b230bbe26c139df1a9f4bb452a4cd49a7ec1e1162c61c07924fef0,8c5b20bf38b230bbe26c139df1a9f4bb452a4cd49a7ec1e1162c61c07924fef0,8c5b20bf38b230bbe26c139df1a9f4bb452a4cd49a7ec1e1162c61c07924fef0,0dc58cb7edcc5563213f11f22d4d42cabf67fd526c193a155e0e2128bfdc2709,0dc58cb7edcc5563213f11f22d4d42cabf67fd526c193a155e0e2128bfdc2709
785,grid_0785_n6_south_west_east_middle_h1_gate_t14,be65c6b4f11472ff63033b80b6931a90d9a563d0d89f31c9e18d7b13744b9013,0a3c61115793f7d3f2be1bbdf561a8c14ff6743525cd51e65e747abc7c172abc,0a3c61115793f7d3f2be1bbdf561a8c14ff6743525cd51e65e747abc7c172abc,0a3c61115793f7d3f2be1bbdf561a8c14ff6743525cd51e65e747abc7c172abc,0a3c61115793f7d3f2be1bbdf561a8c14ff6743525cd51e65e747abc7c172abc,0dc58cb7edcc5563213f11f22d4d42cabf67fd526c193a155e0e2128bfdc2709,0dc58cb7edcc5563213f11f22d4d42cabf67fd526c193a155e0e2128bfdc2709
786,grid_0786_n6_south_west_east_middle_h1_gate_t16,79db9ba863f10cbe26c595844032ae8eebdb6e2771dfb6477b450891d804c708,d1b4cafa12a56bf3b697966adeb819200e52b16449b42ae79ea40a7ffe6779fe,d1b4cafa12a56bf3b697966adeb819200e52b16449b42ae79ea40a7ffe6779fe,d1b4cafa12a56bf3b697966adeb819200e52b16449b42ae79ea40a7ffe6779fe,d1b4cafa12a56bf3b697966adeb819200e52b16449b42ae79ea40a7ffe6779fe,0dc58cb7edcc5563213f11f22d4d42cabf67fd526c193a155e0e2128bfdc2709,0dc58cb7edcc5563213f11f22d4d42cabf67fd526c193a155e0e2128bfdc2709
787,grid_0787_n6_south_west_east_middle_h1_gate_t18,9fa3c12d5f9e8b27f0a5c82b640a859ad88bb903d18ac0d512adcc4db0306753,166acbfce9497816cc071be802e1535b130f92c24f7477baf5f361673a224685,166acbfce9497816cc071be802e1535b130f92c24f7477baf5f361673a224685,166acbfce9497816cc071be802e1535b130f92c24f7477baf5f361673a224685,166acbfce9497816cc071be802e1535b130f92c24f7477baf5f361673a224685,0dc58cb7edcc5563213f11f22d4d42cabf67fd526c193a155e0e2128bfdc2709,0dc58cb7edcc5563213f11f22d4d42cabf67fd526c193a155e0e2128bfdc2709
788,grid_0788_n6_south_west_east_middle_h1_staggered_t12,e22c7925e71537240a5ec680587a1f2e1713583a2591d944732d2d752af3b30f,8191ba898cf3207033367595f266e1d3d1325050a509126c8f013c503787642b,8191ba898cf3207033367595f266e1d3d1325050a509126c8f013c503787642b,8191ba898cf3207033367595f266e1d3d1325050a509126c8f013c503787642b,8191ba898cf3207033367595f266e1d3d1325050a509126c8f013c503787642b,6ed9ea1e9cfc84172725a66e7371241f89e18b3f76f4a44aead7dfd2811e5c05,6ed9ea1e9cfc84172725a66e7371241f89e18b3f76f4a44aead7dfd2811e5c05
789,grid_0789_n6_south_west_east_middle_h1_staggered_t14,f28c71ab5f64120a72f372f1c1c6e353a72625de398e25b58691928eb61c01b6,134fd6ad56f36f9363633e9394419723f5440643769a10a6feac4987e675e99a,134fd6ad56f36f9363633e9394419723f5440643769a10a6feac4987e675e99a,134fd6ad56f36f9363633e9394419723f5440643769a10a6feac4987e675e99a,134fd6ad56f36f9363633e9394419723f5440643769a10a6feac4987e675e99a,6ed9ea1e9cfc84172725a66e7371241f89e18b3f76f4a44aead7dfd2811e5c05,6ed9ea1e9cfc84172725a66e7371241f89e18b3f76f4a44aead7dfd2811e5c05
790,grid_0790_n6_south_west_east_middle_h1_staggered_t16,ec50ecb2c993f073c0f71a1b328e0209f51a7a43db5745f4bd7909d2d2fe86f8,48fea35e10556ab1637cd03af3bd8c985e9166f1e9b28ab0d190fbe8bf0507b4,48fea35e10556ab1637cd03af3bd8c985e9166f1e9b28ab0d190fbe8bf0507b4,48fea35e10556ab1637cd03af3bd8c985e9166f1e9b28ab0d190fbe8bf0507b4,48fea35e10556ab1637cd03af3bd8c985e9166f1e9b28ab0d190fbe8bf0507b4,6ed9ea1e9cfc84172725a66e7371241f89e18b3f76f4a44aead7dfd2811e5c05,6ed9ea1e9cfc84172725a66e7371241f89e18b3f76f4a44aead7dfd2811e5c05
791,grid_0791_n6_south_west_east_middle_h1_staggered_t18,dd6809e307d8a07cb3869c9997c64b3df07694106a8d43cf194ceea5989b1507,edb10769324632567d10c695dc9dadb9a523e7d71a61ac4dbe0085d88d021fae,edb10769324632567d10c695dc9dadb9a523e7d71a61ac4dbe0085d88d021fae,edb10769324632567d10c695dc9dadb9a523e7d71a61ac4dbe0085d88d021fae,edb10769324632567d10c695dc9dadb9a523e7d71a61ac4dbe0085d88d021fae,6ed9ea1e9cfc84172725a66e7371241f89e18b3f76f4a44aead7dfd2811e5c05,6ed9ea1e9cfc84172725a66e7371241f89e18b3f76f4a44aead7dfd2811e5c05
792,grid_0792_n6_south_west_east_middle_h2_open_t12,49626fd908898f5e246a953655e1246e66e350aa9e2fb1b3657bf624655eb2ee,1907c714fa3b77b642a9d84bd524754fec48a2565514b7cb6586dee171531d00,1907c714fa3b77b642a9d84bd524754fec48a2565514b7cb6586dee171531d00,1907c714fa3b77b642a9d84bd524754fec48a2565514b7cb6586dee171531d00,1907c714fa3b77b642a9d84bd524754fec48a2565514b7cb6586dee171531d00,4b329581bd90a739dd5d14c4daafe02b1d30c7ed924ee9d0fe55e4d1c400923a,4b329581bd90a739dd5d14c4daafe02b1d30c7ed924ee9d0fe55e4d1c400923a
793,grid_0793_n6_south_west_east_middle_h2_open_t14,32e875cbec0ce82387f3ac7e47127ff437483bd31b9dc4ca9bca9339b02af31d,99fe2437505d40b16ee492b79c8aadb0341687934f28039278a33703c3200d3a,99fe2437505d40b16ee492b79c8aadb0341687934f28039278a33703c3200d3a,99fe2437505d40b16ee492b79c8aadb0341687934f28039278a33703c3200d3a,99fe2437505d40b16ee492b79c8aadb0341687934f28039278a33703c3200d3a,4b329581bd90a739dd5d14c4daafe02b1d30c7ed924ee9d0fe55e4d1c400923a,4b329581bd90a739dd5d14c4daafe02b1d30c7ed924ee9d0fe55e4d1c400923a
794,grid_0794_n6_south_west_east_middle_h2_open_t16,bd113212f50211c7fcd542ee83f885600e751fa7658777ea1d41f19697d9506a,4c6c8dc0833f2f2b72a69bd83d8ac85d6310078264c9ed17ea74d5b9d568f4e0,4c6c8dc0833f2f2b72a69bd83d8ac85d6310078264c9ed17ea74d5b9d568f4e0,4c6c8dc0833f2f2b72a69bd83d8ac85d6310078264c9ed17ea74d5b9d568f4e0,4c6c8dc0833f2f2b72a69bd83d8ac85d6310078264c9ed17ea74d5b9d568f4e0,4b329581bd90a739dd5d14c4daafe02b1d30c7ed924ee9d0fe55e4d1c400923a,4b329581bd90a739dd5d14c4daafe02b1d30c7ed924ee9d0fe55e4d1c400923a
795,grid_0795_n6_south_west_east_middle_h2_open_t18,521c52e3535b5bf352220f0210654fc3cd8bf584b839e045e15f586984e0307f,cfe0b0f5ca11bf75854d9262b55220e406e5ac68d68996d6a7c62c9e3a64c5f4,cfe0b0f5ca11bf75854d9262b55220e406e5ac68d68996d6a7c62c9e3a64c5f4,cfe0b0f5ca11bf75854d9262b55220e406e5ac68d68996d6a7c62c9e3a64c5f4,cfe0b0f5ca11bf75854d9262b55220e406e5ac68d68996d6a7c62c9e3a64c5f4,4b329581bd90a739dd5d14c4daafe02b1d30c7ed924ee9d0fe55e4d1c400923a,4b329581bd90a739dd5d14c4daafe02b1d30c7ed924ee9d0fe55e4d1c400923a
796,grid_0796_n6_south_west_east_middle_h2_gate_t12,4f2f55e1511c9201f5c843c23654d4600b115942e8abd3eca2005c6b307ba58d,ff0c2a9cdf7fe1c6c2946986562d6f748e3948d929ac477acd7a17a75c3068c4,ff0c2a9cdf7fe1c6c2946986562d6f748e3948d929ac477acd7a17a75c3068c4,ff0c2a9cdf7fe1c6c2946986562d6f748e3948d929ac477acd7a17a75c3068c4,ff0c2a9cdf7fe1c6c2946986562d6f748e3948d929ac477acd7a17a75c3068c4,4b329581bd90a739dd5d14c4daafe02b1d30c7ed924ee9d0fe55e4d1c400923a,4b329581bd90a739dd5d14c4daafe02b1d30c7ed924ee9d0fe55e4d1c400923a
797,grid_0797_n6_south_west_east_middle_h2_gate_t14,45184b34a97fa2cbe64eb08acd8db59e0672f01e7e9343ed7b41b1f71d0487bd,bd2b9d3d94f3a07e2f8aefa8f0f7138d838cad30321fe91a1902841b0908498d,bd2b9d3d94f3a07e2f8aefa8f0f7138d838cad30321fe91a1902841b0908498d,bd2b9d3d94f3a07e2f8aefa8f0f7138d838cad30321fe91a1902841b0908498d,bd2b9d3d94f3a07e2f8aefa8f0f7138d838cad30321fe91a1902841b0908498d,4b329581bd90a739dd5d14c4daafe02b1d30c7ed924ee9d0fe55e4d1c400923a,4b329581bd90a739dd5d14c4daafe02b1d30c7ed924ee9d0fe55e4d1c400923a
798,grid_0798_n6_south_west_east_middle_h2_gate_t16,cecabdad4263ff7228a10cc2104dfa18b2de30ab40eb59706344e5a82da77b0f,ed268299c43e81fe2ecd93f9a421a6a494baa93d04f54466f206fc1fc9eaf5de,ed268299c43e81fe2ecd93f9a421a6a494baa93d04f54466f206fc1fc9eaf5de,ed268299c43e81fe2ecd93f9a421a6a494baa93d04f54466f206fc1fc9eaf5de,ed268299c43e81fe2ecd93f9a421a6a494baa93d04f54466f206fc1fc9eaf5de,4b329581bd90a739dd5d14c4daafe02b1d30c7ed924ee9d0fe55e4d1c400923a,4b329581bd90a739dd5d14c4daafe02b1d30c7ed924ee9d0fe55e4d1c400923a
799,grid_0799_n6_south_west_east_middle_h2_gate_t18,3694779105e3e002970772701ecceb1b665c539b2fec120c748a7d1b7c600363,686f39c18909866f3e22fb5f05b767fef4a3df10ef465a09b7f3fb45bedf17d4,686f39c18909866f3e22fb5f05b767fef4a3df10ef465a09b7f3fb45bedf17d4,686f39c18909866f3e22fb5f05b767fef4a3df10ef465a09b7f3fb45bedf17d4,686f39c18909866f3e22fb5f05b767fef4a3df10ef465a09b7f3fb45bedf17d4,4b329581bd90a739dd5d14c4daafe02b1d30c7ed924ee9d0fe55e4d1c400923a,4b329581bd90a739dd5d14c4daafe02b1d30c7ed924ee9d0fe55e4d1c400923a
800,grid_0800_n6_south_west_east_middle_h2_staggered_t12,f758b8917283ab50d9180e20a60f57b267ee11800fa65ee7635f274941097aa0,936643d10e204b49f624b13daffbb8e47acac413c730136ff95765ce6017af85,936643d10e204b49f624b13daffbb8e47acac413c730136ff95765ce6017af85,936643d10e204b49f624b13daffbb8e47acac413c730136ff95765ce6017af85,936643d10e204b49f624b13daffbb8e47acac413c730136ff95765ce6017af85,4b329581bd90a739dd5d14c4daafe02b1d30c7ed924ee9d0fe55e4d1c400923a,4b329581bd90a739dd5d14c4daafe02b1d30c7ed924ee9d0fe55e4d1c400923a
801,grid_0801_n6_south_west_east_middle_h2_staggered_t14,4e39ab468293879770eb9465ebaee1571362c57579c473665772f6242d04b0c9,dfa4df5562534280615f8fe7d9fd0e923f261f3696b861d23db5b1efa0cc04b2,dfa4df5562534280615f8fe7d9fd0e923f261f3696b861d23db5b1efa0cc04b2,dfa4df5562534280615f8fe7d9fd0e923f261f3696b861d23db5b1efa0cc04b2,dfa4df5562534280615f8fe7d9fd0e923f261f3696b861d23db5b1efa0cc04b2,4b329581bd90a739dd5d14c4daafe02b1d30c7ed924ee9d0fe55e4d1c400923a,4b329581bd90a739dd5d14c4daafe02b1d30c7ed924ee9d0fe55e4d1c400923a
802,grid_0802_n6_south_west_east_middle_h2_staggered_t16,785c30887e5f1f9c7a15099fb88a87f77fa346f78702cd863fe0b7d458502a0d,414665410286f5ef78df3a650799deabc47aa836bcc7bb4e1dedf1fe84e670dd,414665410286f5ef78df3a650799deabc47aa836bcc7bb4e1dedf1fe84e670dd,414665410286f5ef78df3a650799deabc47aa836bcc7bb4e1dedf1fe84e670dd,414665410286f5ef78df3a650799deabc47aa836bcc7bb4e1dedf1fe84e670dd,4b329581bd90a739dd5d14c4daafe02b1d30c7ed924ee9d0fe55e4d1c400923a,4b329581bd90a739dd5d14c4daafe02b1d30c7ed924ee9d0fe55e4d1c400923a
803,grid_0803_n6_south_west_east_middle_h2_staggered_t18,4c516dec6e4be321f3c29cb21bfcba0ded172efac8d2b459ee7a69d0ed06f53d,ea836508082561d7f5988d028d612a55ace18807f216706aa7e1f93999ccc5ea,ea836508082561d7f5988d028d612a55ace18807f216706aa7e1f93999ccc5ea,ea836508082561d7f5988d028d612a55ace18807f216706aa7e1f93999ccc5ea,ea836508082561d7f5988d028d612a55ace18807f216706aa7e1f93999ccc5ea,4b329581bd90a739dd5d14c4daafe02b1d30c7ed924ee9d0fe55e4d1c400923a,4b329581bd90a739dd5d14c4daafe02b1d30c7ed924ee9d0fe55e4d1c400923a
804,grid_0804_n6_south_west_east_middle_h3_open_t12,a27c069a75d67549b22e2f13e90bb77d22fc3b296bf044b81a0619bf859ed319,e646b1c2040ef3f163440c27a6cc6e9807a2957d961a54cc154550df2e07c2d1,e646b1c2040ef3f163440c27a6cc6e9807a2957d961a54cc154550df2e07c2d1,e646b1c2040ef3f163440c27a6cc6e9807a2957d961a54cc154550df2e07c2d1,e646b1c2040ef3f163440c27a6cc6e9807a2957d961a54cc154550df2e07c2d1,480998d30abae7a789ee661709badfdd9be0eac17dc7a1975c00311cc09faa70,480998d30abae7a789ee661709badfdd9be0eac17dc7a1975c00311cc09faa70
805,grid_0805_n6_south_west_east_middle_h3_open_t14,8e9be0a43430ba7a2b18026b025c9ead466d29c1a0b571280db04e60a5b46987,cb1c1302a5f3a9c2da556e90b812c4e90a48320189bee103f866ffb1f3a580fe,cb1c1302a5f3a9c2da556e90b812c4e90a48320189bee103f866ffb1f3a580fe,cb1c1302a5f3a9c2da556e90b812c4e90a48320189bee103f866ffb1f3a580fe,cb1c1302a5f3a9c2da556e90b812c4e90a48320189bee103f866ffb1f3a580fe,480998d30abae7a789ee661709badfdd9be0eac17dc7a1975c00311cc09faa70,480998d30abae7a789ee661709badfdd9be0eac17dc7a1975c00311cc09faa70
806,grid_0806_n6_south_west_east_middle_h3_open_t16,7152e74e0ca9108c3c18bb767c26747870382a40838231e2a64913022e98b1d0,95b81fb3635e78f7b255a237f7ebb5c35b7640a4731a863e17444f029ecf9c3a,95b81fb3635e78f7b255a237f7ebb5c35b7640a4731a863e17444f029ecf9c3a,95b81fb3635e78f7b255a237f7ebb5c35b7640a4731a863e17444f029ecf9c3a,95b81fb3635e78f7b255a237f7ebb5c35b7640a4731a863e17444f029ecf9c3a,480998d30abae7a789ee661709badfdd9be0eac17dc7a1975c00311cc09faa70,480998d30abae7a789ee661709badfdd9be0eac17dc7a1975c00311cc09faa70
807,grid_0807_n6_south_west_east_middle_h3_open_t18,d0e589363c531adf3ba50668cb195a8705f1e864c6447a92b42187bd32e54352,c7dcc0e42feabf1e179b2dfb8ae1384ec9ac0b125f2b5aee2f958fc727a13222,c7dcc0e42feabf1e179b2dfb8ae1384ec9ac0b125f2b5aee2f958fc727a13222,c7dcc0e42feabf1e179b2dfb8ae1384ec9ac0b125f2b5aee2f958fc727a13222,c7dcc0e42feabf1e179b2dfb8ae1384ec9ac0b125f2b5aee2f958fc727a13222,480998d30abae7a789ee661709badfdd9be0eac17dc7a1975c00311cc09faa70,480998d30abae7a789ee661709badfdd9be0eac17dc7a1975c00311cc09faa70
808,grid_0808_n6_south_west_east_middle_h3_gate_t12,8b07ce8a9980a91c803f1eb62f536dd0d8354f593ce4ba8c27562a5e03626886,d86934f54be763cf9b7add6d811beed3d46c5d6f545f8f36a85f9455addcb2fa,d86934f54be763cf9b7add6d811beed3d46c5d6f545f8f36a85f9455addcb2fa,d86934f54be763cf9b7add6d811beed3d46c5d6f545f8f36a85f9455addcb2fa,d86934f54be763cf9b7add6d811beed3d46c5d6f545f8f36a85f9455addcb2fa,480998d30abae7a789ee661709badfdd9be0eac17dc7a1975c00311cc09faa70,480998d30abae7a789ee661709badfdd9be0eac17dc7a1975c00311cc09faa70
809,grid_0809_n6_south_west_east_middle_h3_gate_t14,3ed8cc11104426ce02bee535f5a16f22fe26359573ede7a2409b8eebebf2a8db,66bef6807b2ccc7407520a0c7fe9a71b8f2595c86d1a1e305efafd30312617e1,66bef6807b2ccc7407520a0c7fe9a71b8f2595c86d1a1e305efafd30312617e1,66bef6807b2ccc7407520a0c7fe9a71b8f2595c86d1a1e305efafd30312617e1,66bef6807b2ccc7407520a0c7fe9a71b8f2595c86d1a1e305efafd30312617e1,480998d30abae7a789ee661709badfdd9be0eac17dc7a1975c00311cc09faa70,480998d30abae7a789ee661709badfdd9be0eac17dc7a1975c00311cc09faa70
810,grid_0810_n6_south_west_east_middle_h3_gate_t16,3c9449d112f5d620a07170466ca74810b143b4863d0d36dfb1fe2dddce1fb27e,73c22587f1e1816df7470569233df937cac1c10d8280ed23da7d2cc4294fd7d3,73c22587f1e1816df7470569233df937cac1c10d8280ed23da7d2cc4294fd7d3,73c22587f1e1816df7470569233df937cac1c10d8280ed23da7d2cc4294fd7d3,73c22587f1e1816df7470569233df937cac1c10d8280ed23da7d2cc4294fd7d3,480998d30abae7a789ee661709badfdd9be0eac17dc7a1975c00311cc09faa70,480998d30abae7a789ee661709badfdd9be0eac17dc7a1975c00311cc09faa70
811,grid_0811_n6_south_west_east_middle_h3_gate_t18,31b50e15de98084fb250c544a45c37b68307f332906d59b1c020c58f8bf2840f,79e82f95b73a04cd3b368d2d5c9101e03e22eae10c661ae0e3f548e4f1dd3c44,79e82f95b73a04cd3b368d2d5c9101e03e22eae10c661ae0e3f548e4f1dd3c44,79e82f95b73a04cd3b368d2d5c9101e03e22eae10c661ae0e3f548e4f1dd3c44,79e82f95b73a04cd3b368d2d5c9101e03e22eae10c661ae0e3f548e4f1dd3c44,480998d30abae7a789ee661709badfdd9be0eac17dc7a1975c00311cc09faa70,480998d30abae7a789ee661709badfdd9be0eac17dc7a1975c00311cc09faa70
812,grid_0812_n6_south_west_east_middle_h3_staggered_t12,9827b9c3135386ba41f3205eb4148dcb1c45cb4eebd720882e47ac5bbd3eb4c3,c4fd0b4a1971076dfa6c218f86d6fe2a3509306f270dd17d776e3b5e384143ae,c4fd0b4a1971076dfa6c218f86d6fe2a3509306f270dd17d776e3b5e384143ae,c4fd0b4a1971076dfa6c218f86d6fe2a3509306f270dd17d776e3b5e384143ae,c4fd0b4a1971076dfa6c218f86d6fe2a3509306f270dd17d776e3b5e384143ae,480998d30abae7a789ee661709badfdd9be0eac17dc7a1975c00311cc09faa70,480998d30abae7a789ee661709badfdd9be0eac17dc7a1975c00311cc09faa70
813,grid_0813_n6_south_west_east_middle_h3_staggered_t14,2e44f724ce13db5c4cd771790abb86c31130c84966190e7cce3c15ad6c5c9f6b,28a5c06827decad0c9a474107bb73438413a0ddd82e4a98fcb3c12dd35573663,28a5c06827decad0c9a474107bb73438413a0ddd82e4a98fcb3c12dd35573663,28a5c06827decad0c9a474107bb73438413a0ddd82e4a98fcb3c12dd35573663,28a5c06827decad0c9a474107bb73438413a0ddd82e4a98fcb3c12dd35573663,480998d30abae7a789ee661709badfdd9be0eac17dc7a1975c00311cc09faa70,480998d30abae7a789ee661709badfdd9be0eac17dc7a1975c00311cc09faa70
814,grid_0814_n6_south_west_east_middle_h3_staggered_t16,6a50f71acd3a030d6d58ee8a934d2149dedccf1aa07c31295844b952e6789681,347163e41e88e66ad545c0e80d2dc396e6cfaf287d8567518395984c2b1f1106,347163e41e88e66ad545c0e80d2dc396e6cfaf287d8567518395984c2b1f1106,347163e41e88e66ad545c0e80d2dc396e6cfaf287d8567518395984c2b1f1106,347163e41e88e66ad545c0e80d2dc396e6cfaf287d8567518395984c2b1f1106,480998d30abae7a789ee661709badfdd9be0eac17dc7a1975c00311cc09faa70,480998d30abae7a789ee661709badfdd9be0eac17dc7a1975c00311cc09faa70
815,grid_0815_n6_south_west_east_middle_h3_staggered_t18,343eb99c7b8725b0ea1ed37f7d854ecc666dff4c63906e8f04cd6a44540ec4a0,28fe8d7c1d8538e4e0513b06a5873bfd9128b4ae9b134c00ec40bab5882a831d,28fe8d7c1d8538e4e0513b06a5873bfd9128b4ae9b134c00ec40bab5882a831d,28fe8d7c1d8538e4e0513b06a5873bfd9128b4ae9b134c00ec40bab5882a831d,28fe8d7c1d8538e4e0513b06a5873bfd9128b4ae9b134c00ec40bab5882a831d,480998d30abae7a789ee661709badfdd9be0eac17dc7a1975c00311cc09faa70,480998d30abae7a789ee661709badfdd9be0eac17dc7a1975c00311cc09faa70
816,grid_0816_n6_south_west_south_middle_h0_open_t12,1d22416991acb295043a3379804c5861d53899c0f9f9861d399bd79b76ada62b,f3c82d0d4e9aa7403bfb6cec2d19a1470dd72e7c9612997764566ddf61385556,f3c82d0d4e9aa7403bfb6cec2d19a1470dd72e7c9612997764566ddf61385556,f3c82d0d4e9aa7403bfb6cec2d19a1470dd72e7c9612997764566ddf61385556,f3c82d0d4e9aa7403bfb6cec2d19a1470dd72e7c9612997764566ddf61385556,1b2d31222c169fd406bbe9af50946f22eeae690f32429ece3988b0a4b4b0c593,1b2d31222c169fd406bbe9af50946f22eeae690f32429ece3988b0a4b4b0c593
817,grid_0817_n6_south_west_south_middle_h0_open_t14,f272c87847db4d0513a5241c34b5e4f1dadfdcb2af5bcb879dd8dcbb8ab8508a,22cfdbae5f35171d64d785a164c5ce3224345a1185de476c97e12a008ad46120,22cfdbae5f35171d64d785a164c5ce3224345a1185de476c97e12a008ad46120,22cfdbae5f35171d64d785a164c5ce3224345a1185de476c97e12a008ad46120,22cfdbae5f35171d64d785a164c5ce3224345a1185de476c97e12a008ad46120,1b2d31222c169fd406bbe9af50946f22eeae690f32429ece3988b0a4b4b0c593,1b2d31222c169fd406bbe9af50946f22eeae690f32429ece3988b0a4b4b0c593
818,grid_0818_n6_south_west_south_middle_h0_open_t16,3ac854e4839cf3dd45366a37fb30e263fd7b1d679e6f4a098e98c150b6d04bbd,a79b4a369b47036403f0ab2b516f5578e7100e199fc8452071d684a968694d0d,a79b4a369b47036403f0ab2b516f5578e7100e199fc8452071d684a968694d0d,a79b4a369b47036403f0ab2b516f5578e7100e199fc8452071d684a968694d0d,a79b4a369b47036403f0ab2b516f5578e7100e199fc8452071d684a968694d0d,1b2d31222c169fd406bbe9af50946f22eeae690f32429ece3988b0a4b4b0c593,1b2d31222c169fd406bbe9af50946f22eeae690f32429ece3988b0a4b4b0c593
819,grid_0819_n6_south_west_south_middle_h0_open_t18,5402ee458877437aaec5ee904a96d6dd673221d1686b76b05db20d0d8aa10a6e,42954593b1e9905a06d3646a98ceca4a87ff5d49aa109e5cc12eccd86504b253,42954593b1e9905a06d3646a98ceca4a87ff5d49aa109e5cc12eccd86504b253,42954593b1e9905a06d3646a98ceca4a87ff5d49aa109e5cc12eccd86504b253,42954593b1e9905a06d3646a98ceca4a87ff5d49aa109e5cc12eccd86504b253,1b2d31222c169fd406bbe9af50946f22eeae690f32429ece3988b0a4b4b0c593,1b2d31222c169fd406bbe9af50946f22eeae690f32429ece3988b0a4b4b0c593
820,grid_0820_n6_south_west_south_middle_h0_gate_t12,b399795d71e51f116215f9c88591b76ae470e677b95642e760a371abc684ce0e,6529d0a118616d77d2d46a7a9ce740c07debf062840b4ed79c063a2a7ca4bf59,6529d0a118616d77d2d46a7a9ce740c07debf062840b4ed79c063a2a7ca4bf59,6529d0a118616d77d2d46a7a9ce740c07debf062840b4ed79c063a2a7ca4bf59,6529d0a118616d77d2d46a7a9ce740c07debf062840b4ed79c063a2a7ca4bf59,1b2d31222c169fd406bbe9af50946f22eeae690f32429ece3988b0a4b4b0c593,1b2d31222c169fd406bbe9af50946f22eeae690f32429ece3988b0a4b4b0c593
821,grid_0821_n6_south_west_south_middle_h0_gate_t14,36b650d356e15dea1c31d285add51e96087ebead72c01e330c18afe125874093,c32bb2f543137004eff6627478d08fede1396885f77464f1d00a536a32a35cca,c32bb2f543137004eff6627478d08fede1396885f77464f1d00a536a32a35cca,c32bb2f543137004eff6627478d08fede1396885f77464f1d00a536a32a35cca,c32bb2f543137004eff6627478d08fede1396885f77464f1d00a536a32a35cca,1b2d31222c169fd406bbe9af50946f22eeae690f32429ece3988b0a4b4b0c593,1b2d31222c169fd406bbe9af50946f22eeae690f32429ece3988b0a4b4b0c593
822,grid_0822_n6_south_west_south_middle_h0_gate_t16,918f351ea83f5eebaee4267fd6d19e776174941e811e446a4fd7825ad62f6a46,493ad61afb1f91c2ebfcc2db378181a46b52ce435c250b780fb9804da4c39877,493ad61afb1f91c2ebfcc2db378181a46b52ce435c250b780fb9804da4c39877,493ad61afb1f91c2ebfcc2db378181a46b52ce435c250b780fb9804da4c39877,493ad61afb1f91c2ebfcc2db378181a46b52ce435c250b780fb9804da4c39877,1b2d31222c169fd406bbe9af50946f22eeae690f32429ece3988b0a4b4b0c593,1b2d31222c169fd406bbe9af50946f22eeae690f32429ece3988b0a4b4b0c593
823,grid_0823_n6_south_west_south_middle_h0_gate_t18,4afe19e6482cce0045ec742efb57210a6ef5ed4f49f8e73b90357a7f5d57b954,ebf2123752bd00ff57aa99507c5b8b3840e7e021a916c67fe66b0b854cfeeb52,ebf2123752bd00ff57aa99507c5b8b3840e7e021a916c67fe66b0b854cfeeb52,ebf2123752bd00ff57aa99507c5b8b3840e7e021a916c67fe66b0b854cfeeb52,ebf2123752bd00ff57aa99507c5b8b3840e7e021a916c67fe66b0b854cfeeb52,1b2d31222c169fd406bbe9af50946f22eeae690f32429ece3988b0a4b4b0c593,1b2d31222c169fd406bbe9af50946f22eeae690f32429ece3988b0a4b4b0c593
824,grid_0824_n6_south_west_south_middle_h0_staggered_t12,38140a447fd1ab67684c889827625f89ad7a0bce37ca09b54aaae7c6b8b05eb2,31bc0ed2cea561a72efc1cc8b6189fc1b7955ced7abf5a13bd4b52bd9a25c315,31bc0ed2cea561a72efc1cc8b6189fc1b7955ced7abf5a13bd4b52bd9a25c315,31bc0ed2cea561a72efc1cc8b6189fc1b7955ced7abf5a13bd4b52bd9a25c315,31bc0ed2cea561a72efc1cc8b6189fc1b7955ced7abf5a13bd4b52bd9a25c315,1b2d31222c169fd406bbe9af50946f22eeae690f32429ece3988b0a4b4b0c593,1b2d31222c169fd406bbe9af50946f22eeae690f32429ece3988b0a4b4b0c593
825,grid_0825_n6_south_west_south_middle_h0_staggered_t14,093922ef700fcfe6bcd168ee3c6fe39a2c60b523a1ecbd13a6090be765b9b070,b5438e2aa79568ab22a91a327dd6924d80ca23935d1ed50babcbccdeaf5c70bf,b5438e2aa79568ab22a91a327dd6924d80ca23935d1ed50babcbccdeaf5c70bf,b5438e2aa79568ab22a91a327dd6924d80ca23935d1ed50babcbccdeaf5c70bf,b5438e2aa79568ab22a91a327dd6924d80ca23935d1ed50babcbccdeaf5c70bf,1b2d31222c169fd406bbe9af50946f22eeae690f32429ece3988b0a4b4b0c593,1b2d31222c169fd406bbe9af50946f22eeae690f32429ece3988b0a4b4b0c593
826,grid_0826_n6_south_west_south_middle_h0_staggered_t16,30d5b3b9fc02bfc4a9ddf2bb82e0bf3c0b1c84afd9dd174cc4b58351fe14d18c,31d0ef0a311aecd96bc849ae598330a18305732ce4b8ba780f1b7bc5f3fbabaf,31d0ef0a311aecd96bc849ae598330a18305732ce4b8ba780f1b7bc5f3fbabaf,31d0ef0a311aecd96bc849ae598330a18305732ce4b8ba780f1b7bc5f3fbabaf,31d0ef0a311aecd96bc849ae598330a18305732ce4b8ba780f1b7bc5f3fbabaf,1b2d31222c169fd406bbe9af50946f22eeae690f32429ece3988b0a4b4b0c593,1b2d31222c169fd406bbe9af50946f22eeae690f32429ece3988b0a4b4b0c593
827,grid_0827_n6_south_west_south_middle_h0_staggered_t18,6ab76ebd78894b09f718f2fc903d3ee6cc1ce9cba906ccc9f53535d338ce65cb,8c853f0d121dbb75924486867b4537e726d1969d1544394dc5bd1335f2801218,8c853f0d121dbb75924486867b4537e726d1969d1544394dc5bd1335f2801218,8c853f0d121dbb75924486867b4537e726d1969d1544394dc5bd1335f2801218,8c853f0d121dbb75924486867b4537e726d1969d1544394dc5bd1335f2801218,1b2d31222c169fd406bbe9af50946f22eeae690f32429ece3988b0a4b4b0c593,1b2d31222c169fd406bbe9af50946f22eeae690f32429ece3988b0a4b4b0c593
828,grid_0828_n6_south_west_south_middle_h1_open_t12,6db68e4575e7c9de078cc46ebdb24cd5f2499859f0d3521995605a12b903a6b7,218c53ae920bf19ccd73002b0bdbbb6559af0017b29ba0b1a9fae39bf551ca9c,218c53ae920bf19ccd73002b0bdbbb6559af0017b29ba0b1a9fae39bf551ca9c,218c53ae920bf19ccd73002b0bdbbb6559af0017b29ba0b1a9fae39bf551ca9c,218c53ae920bf19ccd73002b0bdbbb6559af0017b29ba0b1a9fae39bf551ca9c,7619fea16c4d2ac827de46591c083a902c45d05cba302b0a00c7f3ed2f0a4c28,7619fea16c4d2ac827de46591c083a902c45d05cba302b0a00c7f3ed2f0a4c28
829,grid_0829_n6_south_west_south_middle_h1_open_t14,7a5c335c3e144e914f4745abcbac723799fea041e0d6f5a163a0d0a6593b2471,6f9e25353fc3e57b909f0cc6d1ebab107660e26ec1f8206080beabbd95cb0734,6f9e25353fc3e57b909f0cc6d1ebab107660e26ec1f8206080beabbd95cb0734,6f9e25353fc3e57b909f0cc6d1ebab107660e26ec1f8206080beabbd95cb0734,6f9e25353fc3e57b909f0cc6d1ebab107660e26ec1f8206080beabbd95cb0734,7619fea16c4d2ac827de46591c083a902c45d05cba302b0a00c7f3ed2f0a4c28,7619fea16c4d2ac827de46591c083a902c45d05cba302b0a00c7f3ed2f0a4c28
830,grid_0830_n6_south_west_south_middle_h1_open_t16,281fc92257c8ee6df9be0841b55621a142fc1e6e42b165d78934611b4fa4d2a7,33a947654f33aa29bb7b046c90ada48a4f163bdff5ab26eb8143090ad731ad03,33a947654f33aa29bb7b046c90ada48a4f163bdff5ab26eb8143090ad731ad03,33a947654f33aa29bb7b046c90ada48a4f163bdff5ab26eb8143090ad731ad03,33a947654f33aa29bb7b046c90ada48a4f163bdff5ab26eb8143090ad731ad03,7619fea16c4d2ac827de46591c083a902c45d05cba302b0a00c7f3ed2f0a4c28,7619fea16c4d2ac827de46591c083a902c45d05cba302b0a00c7f3ed2f0a4c28
831,grid_0831_n6_south_west_south_middle_h1_open_t18,1f007160e0f76802455df463ea03f16d47f51dec4c603b8cca48ae4bb9340915,b3a3c70c1aa52fb135f4083154e77e7748e2e1747428fa4453f2cfb3e2be205c,b3a3c70c1aa52fb135f4083154e77e7748e2e1747428fa4453f2cfb3e2be205c,b3a3c70c1aa52fb135f4083154e77e7748e2e1747428fa4453f2cfb3e2be205c,b3a3c70c1aa52fb135f4083154e77e7748e2e1747428fa4453f2cfb3e2be205c,7619fea16c4d2ac827de46591c083a902c45d05cba302b0a00c7f3ed2f0a4c28,7619fea16c4d2ac827de46591c083a902c45d05cba302b0a00c7f3ed2f0a4c28
832,grid_0832_n6_south_west_south_middle_h1_gate_t12,515da9cc47da386d804431bad46b2e42cefaf8c49412ba09dd29de3e75147e0e,ed421d45ab7699dd6ea55a72cd9dc6d178536c75e1a974609df18b846d2f0fc8,ed421d45ab7699dd6ea55a72cd9dc6d178536c75e1a974609df18b846d2f0fc8,ed421d45ab7699dd6ea55a72cd9dc6d178536c75e1a974609df18b846d2f0fc8,ed421d45ab7699dd6ea55a72cd9dc6d178536c75e1a974609df18b846d2f0fc8,7619fea16c4d2ac827de46591c083a902c45d05cba302b0a00c7f3ed2f0a4c28,7619fea16c4d2ac827de46591c083a902c45d05cba302b0a00c7f3ed2f0a4c28
833,grid_0833_n6_south_west_south_middle_h1_gate_t14,d8fe1e77b19ac258d545a7a7d5be9864a2665ccbe773bee03d79b44921557acf,301c468af9ffff7b3295a4f8862dc295c2130c2e5632263535fd6e4411bcfdb6,301c468af9ffff7b3295a4f8862dc295c2130c2e5632263535fd6e4411bcfdb6,301c468af9ffff7b3295a4f8862dc295c2130c2e5632263535fd6e4411bcfdb6,301c468af9ffff7b3295a4f8862dc295c2130c2e5632263535fd6e4411bcfdb6,7619fea16c4d2ac827de46591c083a902c45d05cba302b0a00c7f3ed2f0a4c28,7619fea16c4d2ac827de46591c083a902c45d05cba302b0a00c7f3ed2f0a4c28
834,grid_0834_n6_south_west_south_middle_h1_gate_t16,0f3e8226fcd78f98e37ec7c1962c67b81fb820b9c34dd19bceb871df5ce5069e,077d0128c4aba6560b2666669456c07f775e57f36db45004ffdbac9d9b120d5b,077d0128c4aba6560b2666669456c07f775e57f36db45004ffdbac9d9b120d5b,077d0128c4aba6560b2666669456c07f775e57f36db45004ffdbac9d9b120d5b,077d0128c4aba6560b2666669456c07f775e57f36db45004ffdbac9d9b120d5b,7619fea16c4d2ac827de46591c083a902c45d05cba302b0a00c7f3ed2f0a4c28,7619fea16c4d2ac827de46591c083a902c45d05cba302b0a00c7f3ed2f0a4c28
835,grid_0835_n6_south_west_south_middle_h1_gate_t18,b3ae7e5b08db56100d097ae12260858b4a7d552363aa60d65f7e14e6aba99dca,1b6d1fef2ec8eb0604e98be7c2886e5484c1a23521c319ffcf5a94a653fb69f7,1b6d1fef2ec8eb0604e98be7c2886e5484c1a23521c319ffcf5a94a653fb69f7,1b6d1fef2ec8eb0604e98be7c2886e5484c1a23521c319ffcf5a94a653fb69f7,1b6d1fef2ec8eb0604e98be7c2886e5484c1a23521c319ffcf5a94a653fb69f7,7619fea16c4d2ac827de46591c083a902c45d05cba302b0a00c7f3ed2f0a4c28,7619fea16c4d2ac827de46591c083a902c45d05cba302b0a00c7f3ed2f0a4c28
836,grid_0836_n6_south_west_south_middle_h1_staggered_t12,ed5cc014ba8ba6dfb2a9fcb4ad85bb6fe328fac79f764cd47766843e6f4f6e8b,51caca922d6d81ea7d5e85ea5c9a621591c28b23eb4ec2f597b9bacff14387ab,51caca922d6d81ea7d5e85ea5c9a621591c28b23eb4ec2f597b9bacff14387ab,51caca922d6d81ea7d5e85ea5c9a621591c28b23eb4ec2f597b9bacff14387ab,51caca922d6d81ea7d5e85ea5c9a621591c28b23eb4ec2f597b9bacff14387ab,7619fea16c4d2ac827de46591c083a902c45d05cba302b0a00c7f3ed2f0a4c28,7619fea16c4d2ac827de46591c083a902c45d05cba302b0a00c7f3ed2f0a4c28
837,grid_0837_n6_south_west_south_middle_h1_staggered_t14,24bc4a5a710507dc5de9f8eaef335f2b47e788cb79fa8030e6a37d39b13718a6,f0918a1936f0e18709a21c81418d1384349f4734de648166a572eb76980f1551,f0918a1936f0e18709a21c81418d1384349f4734de648166a572eb76980f1551,f0918a1936f0e18709a21c81418d1384349f4734de648166a572eb76980f1551,f0918a1936f0e18709a21c81418d1384349f4734de648166a572eb76980f1551,7619fea16c4d2ac827de46591c083a902c45d05cba302b0a00c7f3ed2f0a4c28,7619fea16c4d2ac827de46591c083a902c45d05cba302b0a00c7f3ed2f0a4c28
838,grid_0838_n6_south_west_south_middle_h1_staggered_t16,24ba3b303b22fb6ab7af2fc2f66298d766dee9646cc4270d35af44316acc7c4a,409672bb5b26b5d66916c23135e4e74e7a7c65da271f34ab9bb1619696a08af3,409672bb5b26b5d66916c23135e4e74e7a7c65da271f34ab9bb1619696a08af3,409672bb5b26b5d66916c23135e4e74e7a7c65da271f34ab9bb1619696a08af3,409672bb5b26b5d66916c23135e4e74e7a7c65da271f34ab9bb1619696a08af3,7619fea16c4d2ac827de46591c083a902c45d05cba302b0a00c7f3ed2f0a4c28,7619fea16c4d2ac827de46591c083a902c45d05cba302b0a00c7f3ed2f0a4c28
839,grid_0839_n6_south_west_south_middle_h1_staggered_t18,7ff284c3bdf3790d547cbb61fae91e72aebde4b650a272464599d200eda69c48,3cacc63d1c6f3810b435d0d5ed6c8c40a859891452ecf7c9585caa2f26a677d4,3cacc63d1c6f3810b435d0d5ed6c8c40a859891452ecf7c9585caa2f26a677d4,3cacc63d1c6f3810b435d0d5ed6c8c40a859891452ecf7c9585caa2f26a677d4,3cacc63d1c6f3810b435d0d5ed6c8c40a859891452ecf7c9585caa2f26a677d4,7619fea16c4d2ac827de46591c083a902c45d05cba302b0a00c7f3ed2f0a4c28,7619fea16c4d2ac827de46591c083a902c45d05cba302b0a00c7f3ed2f0a4c28
840,grid_0840_n6_south_west_south_middle_h2_open_t12,8993381dcfced21d858e137a51fab3e2c4dad0cf35e8e1face281b3f082478d6,2ab8cdb047de418fa44ff52f0505c640336c225c9ae7c9d5889ff9769698cb3e,2ab8cdb047de418fa44ff52f0505c640336c225c9ae7c9d5889ff9769698cb3e,2ab8cdb047de418fa44ff52f0505c640336c225c9ae7c9d5889ff9769698cb3e,2ab8cdb047de418fa44ff52f0505c640336c225c9ae7c9d5889ff9769698cb3e,0fa82dcbeb195dd6a1db23d155ff3ae533d8df14691d876aed38e70c41887789,0fa82dcbeb195dd6a1db23d155ff3ae533d8df14691d876aed38e70c41887789
841,grid_0841_n6_south_west_south_middle_h2_open_t14,93f5e87f902cf274077e99fd125890ab54f6ebba8a2507fbe9fb9161b6b2a24b,0b6803c4b119df34b6924f85aa1a000f3246490b949117b850cb36d259eeaa17,0b6803c4b119df34b6924f85aa1a000f3246490b949117b850cb36d259eeaa17,0b6803c4b119df34b6924f85aa1a000f3246490b949117b850cb36d259eeaa17,0b6803c4b119df34b6924f85aa1a000f3246490b949117b850cb36d259eeaa17,0fa82dcbeb195dd6a1db23d155ff3ae533d8df14691d876aed38e70c41887789,0fa82dcbeb195dd6a1db23d155ff3ae533d8df14691d876aed38e70c41887789
842,grid_0842_n6_south_west_south_middle_h2_open_t16,b61490587327fc259bff506e3ff19fa07e40733a26a7d1e358c004c701dc243b,14346450006b9ec1ce0315c3e62735c2652c2600e3c438261c5208b648070d72,14346450006b9ec1ce0315c3e62735c2652c2600e3c438261c5208b648070d72,14346450006b9ec1ce0315c3e62735c2652c2600e3c438261c5208b648070d72,14346450006b9ec1ce0315c3e62735c2652c2600e3c438261c5208b648070d72,0fa82dcbeb195dd6a1db23d155ff3ae533d8df14691d876aed38e70c41887789,0fa82dcbeb195dd6a1db23d155ff3ae533d8df14691d876aed38e70c41887789
843,grid_0843_n6_south_west_south_middle_h2_open_t18,58e247c8aaec89718ea653c24955f81e1971902e8e693766fdfd415953f795e4,5258b28a295410a2cb026c01cbb3c7600c6756ff859a588a9eb8dd75ef34f2f1,5258b28a295410a2cb026c01cbb3c7600c6756ff859a588a9eb8dd75ef34f2f1,5258b28a295410a2cb026c01cbb3c7600c6756ff859a588a9eb8dd75ef34f2f1,5258b28a295410a2cb026c01cbb3c7600c6756ff859a588a9eb8dd75ef34f2f1,0fa82dcbeb195dd6a1db23d155ff3ae533d8df14691d876aed38e70c41887789,0fa82dcbeb195dd6a1db23d155ff3ae533d8df14691d876aed38e70c41887789
844,grid_0844_n6_south_west_south_middle_h2_gate_t12,7bf942d7451b8ddfe4f7ce35ecb4c4a39d187269de708fbae47b57fd29545071,56ad4c647075b1e2afe1800881da0c21bd00116ca4e782bd077249bb6e9d07d4,56ad4c647075b1e2afe1800881da0c21bd00116ca4e782bd077249bb6e9d07d4,56ad4c647075b1e2afe1800881da0c21bd00116ca4e782bd077249bb6e9d07d4,56ad4c647075b1e2afe1800881da0c21bd00116ca4e782bd077249bb6e9d07d4,0fa82dcbeb195dd6a1db23d155ff3ae533d8df14691d876aed38e70c41887789,0fa82dcbeb195dd6a1db23d155ff3ae533d8df14691d876aed38e70c41887789
845,grid_0845_n6_south_west_south_middle_h2_gate_t14,da36e81f8c59a3df55d76e047a9cbd28241443616c1a7f602c1e8f68be8b2803,291372efa0e4451a6861f73485eea3a91a499c786556462fed22aa02cef3d364,291372efa0e4451a6861f73485eea3a91a499c786556462fed22aa02cef3d364,291372efa0e4451a6861f73485eea3a91a499c786556462fed22aa02cef3d364,291372efa0e4451a6861f73485eea3a91a499c786556462fed22aa02cef3d364,0fa82dcbeb195dd6a1db23d155ff3ae533d8df14691d876aed38e70c41887789,0fa82dcbeb195dd6a1db23d155ff3ae533d8df14691d876aed38e70c41887789
846,grid_0846_n6_south_west_south_middle_h2_gate_t16,011782abc8c8fa5ae19eb45944ae748a46f8d3d517bd8ce2467b992e205f0b1c,4485777bbf5743f2def1fb81e5ee2012ae53abadbfc609d229f1b30d72405ba8,4485777bbf5743f2def1fb81e5ee2012ae53abadbfc609d229f1b30d72405ba8,4485777bbf5743f2def1fb81e5ee2012ae53abadbfc609d229f1b30d72405ba8,4485777bbf5743f2def1fb81e5ee2012ae53abadbfc609d229f1b30d72405ba8,0fa82dcbeb195dd6a1db23d155ff3ae533d8df14691d876aed38e70c41887789,0fa82dcbeb195dd6a1db23d155ff3ae533d8df14691d876aed38e70c41887789
847,grid_0847_n6_south_west_south_middle_h2_gate_t18,391e47bd093ce1f752d9055a61dedeb204a328d0eb1c731226a3e3e99cf8a920,725a8634be262a21f7e12e72356ec2251d22929c0ceeb77d71c5bd629ed8ff88,725a8634be262a21f7e12e72356ec2251d22929c0ceeb77d71c5bd629ed8ff88,725a8634be262a21f7e12e72356ec2251d22929c0ceeb77d71c5bd629ed8ff88,725a8634be262a21f7e12e72356ec2251d22929c0ceeb77d71c5bd629ed8ff88,0fa82dcbeb195dd6a1db23d155ff3ae533d8df14691d876aed38e70c41887789,0fa82dcbeb195dd6a1db23d155ff3ae533d8df14691d876aed38e70c41887789
848,grid_0848_n6_south_west_south_middle_h2_staggered_t12,715e6b8d8dc22d0617d7c94b263fa3a1885ca106391af11d787975bea0b01ac5,8a3421a479be03d00cf58448c8cf78aa213b4bcc532fe584714f1041d372176e,8a3421a479be03d00cf58448c8cf78aa213b4bcc532fe584714f1041d372176e,8a3421a479be03d00cf58448c8cf78aa213b4bcc532fe584714f1041d372176e,8a3421a479be03d00cf58448c8cf78aa213b4bcc532fe584714f1041d372176e,0fa82dcbeb195dd6a1db23d155ff3ae533d8df14691d876aed38e70c41887789,0fa82dcbeb195dd6a1db23d155ff3ae533d8df14691d876aed38e70c41887789
849,grid_0849_n6_south_west_south_middle_h2_staggered_t14,45dfc92738c540f715e12e9035cc710bdd87849067d30add35319d8174578c35,0b389a87a2e9a07b59857b28d9256faf97207ccdb0b97d54263f229101dda812,0b389a87a2e9a07b59857b28d9256faf97207ccdb0b97d54263f229101dda812,0b389a87a2e9a07b59857b28d9256faf97207ccdb0b97d54263f229101dda812,0b389a87a2e9a07b59857b28d9256faf97207ccdb0b97d54263f229101dda812,0fa82dcbeb195dd6a1db23d155ff3ae533d8df14691d876aed38e70c41887789,0fa82dcbeb195dd6a1db23d155ff3ae533d8df14691d876aed38e70c41887789
850,grid_0850_n6_south_west_south_middle_h2_staggered_t16,daefca9e24e8d8c6907bee6ca129ef6ec26618fcc3df67fedb15dc852fc4b6ee,67a2e47131be58ac37734dce231a13333c274a5f494146ccc4bb46a290ab22bf,67a2e47131be58ac37734dce231a13333c274a5f494146ccc4bb46a290ab22bf,67a2e47131be58ac37734dce231a13333c274a5f494146ccc4bb46a290ab22bf,67a2e47131be58ac37734dce231a13333c274a5f494146ccc4bb46a290ab22bf,0fa82dcbeb195dd6a1db23d155ff3ae533d8df14691d876aed38e70c41887789,0fa82dcbeb195dd6a1db23d155ff3ae533d8df14691d876aed38e70c41887789
851,grid_0851_n6_south_west_south_middle_h2_staggered_t18,39f6f49456a5c61356a477dc78195a6284a43070588729074de9520c1a85484c,416aa40dde08a34b765a939e2d80ab9837e3027543af22655969ead03dbd08c9,416aa40dde08a34b765a939e2d80ab9837e3027543af22655969ead03dbd08c9,416aa40dde08a34b765a939e2d80ab9837e3027543af22655969ead03dbd08c9,416aa40dde08a34b765a939e2d80ab9837e3027543af22655969ead03dbd08c9,0fa82dcbeb195dd6a1db23d155ff3ae533d8df14691d876aed38e70c41887789,0fa82dcbeb195dd6a1db23d155ff3ae533d8df14691d876aed38e70c41887789
852,grid_0852_n6_south_west_south_middle_h3_open_t12,10850f18459024321a137f41fcb1349edeeae613879596fdf368d71f5e658232,d1ba01468e0f40b51172f40484457de0fae030e899a1f8d63ece77c19455c52b,d1ba01468e0f40b51172f40484457de0fae030e899a1f8d63ece77c19455c52b,d1ba01468e0f40b51172f40484457de0fae030e899a1f8d63ece77c19455c52b,d1ba01468e0f40b51172f40484457de0fae030e899a1f8d63ece77c19455c52b,1a8729e0a800f49a793d984bd263715c9d43f8bcbec221f7437ac532ea8bb51d,1a8729e0a800f49a793d984bd263715c9d43f8bcbec221f7437ac532ea8bb51d
853,grid_0853_n6_south_west_south_middle_h3_open_t14,90cd2ddcffd86dd509794b214d52f31946d0bd7c758a0b6f595a5d8fdf975490,31f30bd17234497176a2e52ea137712c1e8f7cd46dad6315fbab1eacdaa16485,31f30bd17234497176a2e52ea137712c1e8f7cd46dad6315fbab1eacdaa16485,31f30bd17234497176a2e52ea137712c1e8f7cd46dad6315fbab1eacdaa16485,31f30bd17234497176a2e52ea137712c1e8f7cd46dad6315fbab1eacdaa16485,1a8729e0a800f49a793d984bd263715c9d43f8bcbec221f7437ac532ea8bb51d,1a8729e0a800f49a793d984bd263715c9d43f8bcbec221f7437ac532ea8bb51d
854,grid_0854_n6_south_west_south_middle_h3_open_t16,46a067925b8a2ab2e7f237e70a78dc98bde73cd0267307f4902cce3de221e24d,e05cfff54cd68b7fcff0ad5e8794db9b19f7dd0cc82abfe79874b9a37a2df674,e05cfff54cd68b7fcff0ad5e8794db9b19f7dd0cc82abfe79874b9a37a2df674,e05cfff54cd68b7fcff0ad5e8794db9b19f7dd0cc82abfe79874b9a37a2df674,e05cfff54cd68b7fcff0ad5e8794db9b19f7dd0cc82abfe79874b9a37a2df674,1a8729e0a800f49a793d984bd263715c9d43f8bcbec221f7437ac532ea8bb51d,1a8729e0a800f49a793d984bd263715c9d43f8bcbec221f7437ac532ea8bb51d
855,grid_0855_n6_south_west_south_middle_h3_open_t18,e6b79ce3e7d77ec11c2ce2a7d80fc884dd84e3682e224c295383152d4dc69559,40dadd3ea433c66db2a51a476c41375d5595cdd1dfee821cdf478a345e29229c,40dadd3ea433c66db2a51a476c41375d5595cdd1dfee821cdf478a345e29229c,40dadd3ea433c66db2a51a476c41375d5595cdd1dfee821cdf478a345e29229c,40dadd3ea433c66db2a51a476c41375d5595cdd1dfee821cdf478a345e29229c,b9e3dc0d4fb4c6b97eb057f0003e2b5001c17ad564054099b99fa5bc744ccab4,b9e3dc0d4fb4c6b97eb057f0003e2b5001c17ad564054099b99fa5bc744ccab4
856,grid_0856_n6_south_west_south_middle_h3_gate_t12,60ccb0e3b47e52af398ef5b0c191644b4cd9ca38f0d830aaf3add3288868ac1c,7f7e280d30436443faacaa32c59f998995d798752a25c88ceacaa407c1d555f6,7f7e280d30436443faacaa32c59f998995d798752a25c88ceacaa407c1d555f6,7f7e280d30436443faacaa32c59f998995d798752a25c88ceacaa407c1d555f6,7f7e280d30436443faacaa32c59f998995d798752a25c88ceacaa407c1d555f6,1a8729e0a800f49a793d984bd263715c9d43f8bcbec221f7437ac532ea8bb51d,1a8729e0a800f49a793d984bd263715c9d43f8bcbec221f7437ac532ea8bb51d
857,grid_0857_n6_south_west_south_middle_h3_gate_t14,7f26413ac75a7bb3b5b00268951d7ffe4ae2516d671b18558b2851692491d1b3,229910a667425dee97fbf67dff93b6217b162505d21efe5a293de611cc6f1957,229910a667425dee97fbf67dff93b6217b162505d21efe5a293de611cc6f1957,229910a667425dee97fbf67dff93b6217b162505d21efe5a293de611cc6f1957,229910a667425dee97fbf67dff93b6217b162505d21efe5a293de611cc6f1957,1a8729e0a800f49a793d984bd263715c9d43f8bcbec221f7437ac532ea8bb51d,1a8729e0a800f49a793d984bd263715c9d43f8bcbec221f7437ac532ea8bb51d
858,grid_0858_n6_south_west_south_middle_h3_gate_t16,13b98dff56bb35f039886e1ca80c2cb3b30fbec3b387de898ddc72995181a787,fd36421aa8f80e0f7f4ac6e45281e0895365ab22c30d967af43507ea83413a21,fd36421aa8f80e0f7f4ac6e45281e0895365ab22c30d967af43507ea83413a21,fd36421aa8f80e0f7f4ac6e45281e0895365ab22c30d967af43507ea83413a21,fd36421aa8f80e0f7f4ac6e45281e0895365ab22c30d967af43507ea83413a21,1a8729e0a800f49a793d984bd263715c9d43f8bcbec221f7437ac532ea8bb51d,1a8729e0a800f49a793d984bd263715c9d43f8bcbec221f7437ac532ea8bb51d
859,grid_0859_n6_south_west_south_middle_h3_gate_t18,2291fcf75c12d80478a9f72e40eb73dce5b0c8cb7606559a3efba96fc5bc4558,8fbb44c7a00f402e17cac9065d4bfcb6c06d459ba6fff30ff5b741345ac1324a,8fbb44c7a00f402e17cac9065d4bfcb6c06d459ba6fff30ff5b741345ac1324a,8fbb44c7a00f402e17cac9065d4bfcb6c06d459ba6fff30ff5b741345ac1324a,8fbb44c7a00f402e17cac9065d4bfcb6c06d459ba6fff30ff5b741345ac1324a,b9e3dc0d4fb4c6b97eb057f0003e2b5001c17ad564054099b99fa5bc744ccab4,b9e3dc0d4fb4c6b97eb057f0003e2b5001c17ad564054099b99fa5bc744ccab4
860,grid_0860_n6_south_west_south_middle_h3_staggered_t12,983e5ffd4a2d93d8cb7ef900d60dd3852417646980c4271058448a33f2999446,8263cc85dbf683ceb299cdb71f489f3ccd0925c23bad931b359b23c031bd6294,8263cc85dbf683ceb299cdb71f489f3ccd0925c23bad931b359b23c031bd6294,8263cc85dbf683ceb299cdb71f489f3ccd0925c23bad931b359b23c031bd6294,8263cc85dbf683ceb299cdb71f489f3ccd0925c23bad931b359b23c031bd6294,1a8729e0a800f49a793d984bd263715c9d43f8bcbec221f7437ac532ea8bb51d,1a8729e0a800f49a793d984bd263715c9d43f8bcbec221f7437ac532ea8bb51d
861,grid_0861_n6_south_west_south_middle_h3_staggered_t14,2e2f5cce20ea1a21fdfa8b6ecdea8356591fb5334d30799f61c37210c371bbae,4cacd2f096b6e7f2e41d6b4c5f844e8663cf7310c93b2c6dc4a840b4beb99986,4cacd2f096b6e7f2e41d6b4c5f844e8663cf7310c93b2c6dc4a840b4beb99986,4cacd2f096b6e7f2e41d6b4c5f844e8663cf7310c93b2c6dc4a840b4beb99986,4cacd2f096b6e7f2e41d6b4c5f844e8663cf7310c93b2c6dc4a840b4beb99986,1a8729e0a800f49a793d984bd263715c9d43f8bcbec221f7437ac532ea8bb51d,1a8729e0a800f49a793d984bd263715c9d43f8bcbec221f7437ac532ea8bb51d
862,grid_0862_n6_south_west_south_middle_h3_staggered_t16,f0ce53a1af181660541c1fc6ee8d5508abb34694c6f396ec04553858f7d03019,f6a232cca585f2746f1761ec9e90ea832675aa571e87f39bd44a2db223c9d844,f6a232cca585f2746f1761ec9e90ea832675aa571e87f39bd44a2db223c9d844,f6a232cca585f2746f1761ec9e90ea832675aa571e87f39bd44a2db223c9d844,f6a232cca585f2746f1761ec9e90ea832675aa571e87f39bd44a2db223c9d844,1a8729e0a800f49a793d984bd263715c9d43f8bcbec221f7437ac532ea8bb51d,1a8729e0a800f49a793d984bd263715c9d43f8bcbec221f7437ac532ea8bb51d
863,grid_0863_n6_south_west_south_middle_h3_staggered_t18,58ec082233c78fbf83add8682d9597c5aa0e5555841dde81b29b3cae0c5d56e7,cf9f4cab1bcb290a984ac5ab44abcda3305743cbd59c58b85fc29ed8dba69735,cf9f4cab1bcb290a984ac5ab44abcda3305743cbd59c58b85fc29ed8dba69735,cf9f4cab1bcb290a984ac5ab44abcda3305743cbd59c58b85fc29ed8dba69735,cf9f4cab1bcb290a984ac5ab44abcda3305743cbd59c58b85fc29ed8dba69735,b9e3dc0d4fb4c6b97eb057f0003e2b5001c17ad564054099b99fa5bc744ccab4,b9e3dc0d4fb4c6b97eb057f0003e2b5001c17ad564054099b99fa5bc744ccab4
864,grid_0864_n7_north_west_south_east_h0_open_t12,6e97d10c3ef987199198dbb76b5ec64d02f5cbe7309ec82742cffb2050008184,,,,,,
865,grid_0865_n7_north_west_south_east_h0_open_t14,c714f029806e1855e28121642c9c6d801ec03beb5eff62041a1058b3ba7b7cf9,441a5279bce6dfb62b1e40f44ffb3f94ec3c18820501261d7d4798eb40e87bd4,441a5279bce6dfb62b1e40f44ffb3f94ec3c18820501261d7d4798eb40e87bd4,441a5279bce6dfb62b1e40f44ffb3f94ec3c18820501261d7d4798eb40e87bd4,441a5279bce6dfb62b1e40f44ffb3f94ec3c18820501261d7d4798eb40e87bd4,4b329581bd90a739dd5d14c4daafe02b1d30c7ed924ee9d0fe55e4d1c400923a,4b329581bd90a739dd5d14c4daafe02b1d30c7ed924ee9d0fe55e4d1c400923a
866,grid_0866_n7_north_west_south_east_h0_open_t16,f27b4d6668acf492dc670952e007a2369e3d60ed588dac6e44967fa5ce6ab5bd,128f088168e067cdb0f805c58b13e108cfd9c98776314ed23e2fded424435211,128f088168e067cdb0f805c58b13e108cfd9c98776314ed23e2fded424435211,128f088168e067cdb0f805c58b13e108cfd9c98776314ed23e2fded424435211,128f088168e067cdb0f805c58b13e108cfd9c98776314ed23e2fded424435211,4b329581bd90a739dd5d14c4daafe02b1d30c7ed924ee9d0fe55e4d1c400923a,4b329581bd90a739dd5d14c4daafe02b1d30c7ed924ee9d0fe55e4d1c400923a
867,grid_0867_n7_north_west_south_east_h0_open_t18,8f581b66fca29af55e3b6dd68a57bbbccca38d3f56902d1135b701da48d236a9,8c9547048d1eacaf5179055abb74e92882c2c38cafd2f76e886d15bcd958d167,8c9547048d1eacaf5179055abb74e92882c2c38cafd2f76e886d15bcd958d167,8c9547048d1eacaf5179055abb74e92882c2c38cafd2f76e886d15bcd958d167,8c9547048d1eacaf5179055abb74e92882c2c38cafd2f76e886d15bcd958d167,4b329581bd90a739dd5d14c4daafe02b1d30c7ed924ee9d0fe55e4d1c400923a,4b329581bd90a739dd5d14c4daafe02b1d30c7ed924ee9d0fe55e4d1c400923a
868,grid_0868_n7_north_west_south_east_h0_gate_t12,6337b59a8c42726978cf4341e241470f1313f1725ae11bc27f40af3741f6f3dc,,,,,,
869,grid_0869_n7_north_west_south_east_h0_gate_t14,43c36b064800d30b0046e142713a9f2c20dd4b925eedb10ec6094b21a31c763d,,,,,,
870,grid_0870_n7_north_west_south_east_h0_gate_t16,b9f1f47686da486207de5c7ce390999c11973f44a0ce3e8a71ce6be7a8e037bb,d0fec395281464009ab59378214987afd7e5d10cc991d155326fb3055892f869,d0fec395281464009ab59378214987afd7e5d10cc991d155326fb3055892f869,d0fec395281464009ab59378214987afd7e5d10cc991d155326fb3055892f869,d0fec395281464009ab59378214987afd7e5d10cc991d155326fb3055892f869,4b329581bd90a739dd5d14c4daafe02b1d30c7ed924ee9d0fe55e4d1c400923a,4b329581bd90a739dd5d14c4daafe02b1d30c7ed924ee9d0fe55e4d1c400923a
871,grid_0871_n7_north_west_south_east_h0_gate_t18,ba369cea613441bc8c152d10ce62eef4cbd371649931c60725046f80b9f153a9,01723bb1c4b19d43a5e70fe0332522020120a7559d614aefb5187def20410775,01723bb1c4b19d43a5e70fe0332522020120a7559d614aefb5187def20410775,01723bb1c4b19d43a5e70fe0332522020120a7559d614aefb5187def20410775,01723bb1c4b19d43a5e70fe0332522020120a7559d614aefb5187def20410775,4b329581bd90a739dd5d14c4daafe02b1d30c7ed924ee9d0fe55e4d1c400923a,4b329581bd90a739dd5d14c4daafe02b1d30c7ed924ee9d0fe55e4d1c400923a
872,grid_0872_n7_north_west_south_east_h0_staggered_t12,6a1a1d9ed7ead011552c66fa86ab7e6ed6b1a287bbf055f6661381cf6340139f,,,,,,
873,grid_0873_n7_north_west_south_east_h0_staggered_t14,d907ab4b8ce9e27eb2a19b718d1a6250c0b2c63b8219beee19ac5012a9e79434,0b71ac64e3f6e7146c8950bffe1e910c028f189df4637864cb0b1036e8cabc26,0b71ac64e3f6e7146c8950bffe1e910c028f189df4637864cb0b1036e8cabc26,0b71ac64e3f6e7146c8950bffe1e910c028f189df4637864cb0b1036e8cabc26,0b71ac64e3f6e7146c8950bffe1e910c028f189df4637864cb0b1036e8cabc26,4b329581bd90a739dd5d14c4daafe02b1d30c7ed924ee9d0fe55e4d1c400923a,4b329581bd90a739dd5d14c4daafe02b1d30c7ed924ee9d0fe55e4d1c400923a
874,grid_0874_n7_north_west_south_east_h0_staggered_t16,e2e456d53f34d580953125b13bcc38161587d6455b741919d6e730cdd3fbcb53,5b3c9aa3ccee38f173ace2e1863fb028f63b0e9a4ed989de362b0dd23a2245ab,5b3c9aa3ccee38f173ace2e1863fb028f63b0e9a4ed989de362b0dd23a2245ab,5b3c9aa3ccee38f173ace2e1863fb028f63b0e9a4ed989de362b0dd23a2245ab,5b3c9aa3ccee38f173ace2e1863fb028f63b0e9a4ed989de362b0dd23a2245ab,4b329581bd90a739dd5d14c4daafe02b1d30c7ed924ee9d0fe55e4d1c400923a,4b329581bd90a739dd5d14c4daafe02b1d30c7ed924ee9d0fe55e4d1c400923a
875,grid_0875_n7_north_west_south_east_h0_staggered_t18,df61c62127dd663be6e193bca0e97ae4b2925c7c4957053f5a51c2f1e4b966f6,474e8567b7d8a60ae22fc7b06af788a25e5b9e253205b629cbf0c38f1bdfcf5b,474e8567b7d8a60ae22fc7b06af788a25e5b9e253205b629cbf0c38f1bdfcf5b,474e8567b7d8a60ae22fc7b06af788a25e5b9e253205b629cbf0c38f1bdfcf5b,474e8567b7d8a60ae22fc7b06af788a25e5b9e253205b629cbf0c38f1bdfcf5b,4b329581bd90a739dd5d14c4daafe02b1d30c7ed924ee9d0fe55e4d1c400923a,4b329581bd90a739dd5d14c4daafe02b1d30c7ed924ee9d0fe55e4d1c400923a
876,grid_0876_n7_north_west_south_east_h1_open_t12,3570f91f3ce48584dd3c1ad6f4c08f8a36d4f3013e4044dd71bda922be6e52b0,,,,,,
877,grid_0877_n7_north_west_south_east_h1_open_t14,0f965f194f5f00cd4cdf27faee8fa759743e1bf07e981388c518ce8793587f35,730363d0bd82b65ee77274a16a32b4aee680ce09b0121292623e0478914bd4a9,730363d0bd82b65ee77274a16a32b4aee680ce09b0121292623e0478914bd4a9,730363d0bd82b65ee77274a16a32b4aee680ce09b0121292623e0478914bd4a9,730363d0bd82b65ee77274a16a32b4aee680ce09b0121292623e0478914bd4a9,4b329581bd90a739dd5d14c4daafe02b1d30c7ed924ee9d0fe55e4d1c400923a,4b329581bd90a739dd5d14c4daafe02b1d30c7ed924ee9d0fe55e4d1c400923a
878,grid_0878_n7_north_west_south_east_h1_open_t16,77e298d9511f92ee32b9c7720b5e1eebc5497d830d1a7500b10af1a3cd31b534,32f467dca774104281a3672cf0608e1d9f210973406ec567d679ba7fae413bed,32f467dca774104281a3672cf0608e1d9f210973406ec567d679ba7fae413bed,32f467dca774104281a3672cf0608e1d9f210973406ec567d679ba7fae413bed,32f467dca774104281a3672cf0608e1d9f210973406ec567d679ba7fae413bed,4b329581bd90a739dd5d14c4daafe02b1d30c7ed924ee9d0fe55e4d1c400923a,4b329581bd90a739dd5d14c4daafe02b1d30c7ed924ee9d0fe55e4d1c400923a
879,grid_0879_n7_north_west_south_east_h1_open_t18,0101bd6da48c4633203e707b68e178ae451a6f97c93bb0d6603f23b7685edfd6,6e0b0dc292566881da044f21c8197269b4590dfc3e5b7d58f21f2d1c48d3f8c9,6e0b0dc292566881da044f21c8197269b4590dfc3e5b7d58f21f2d1c48d3f8c9,6e0b0dc292566881da044f21c8197269b4590dfc3e5b7d58f21f2d1c48d3f8c9,6e0b0dc292566881da044f21c8197269b4590dfc3e5b7d58f21f2d1c48d3f8c9,4b329581bd90a739dd5d14c4daafe02b1d30c7ed924ee9d0fe55e4d1c400923a,4b329581bd90a739dd5d14c4daafe02b1d30c7ed924ee9d0fe55e4d1c400923a
880,grid_0880_n7_north_west_south_east_h1_gate_t12,663a33a57b8c9cfc2e770203c1749807527990f01bbf53858be5c1f735db91c1,,,,,,
881,grid_0881_n7_north_west_south_east_h1_gate_t14,ca5a67fc3492318475ce02d4aa90e413c2afadce14eaea68871047a3fdd9d789,,,,,,
882,grid_0882_n7_north_west_south_east_h1_gate_t16,50631a8e020a69f1508419143c021c8a6d12924acfcd30b627c9579e08056f47,063843d524255a898d8d7c80244416d563c8573921a3e4fea5a3103a742b70ee,063843d524255a898d8d7c80244416d563c8573921a3e4fea5a3103a742b70ee,063843d524255a898d8d7c80244416d563c8573921a3e4fea5a3103a742b70ee,063843d524255a898d8d7c80244416d563c8573921a3e4fea5a3103a742b70ee,0dc58cb7edcc5563213f11f22d4d42cabf67fd526c193a155e0e2128bfdc2709,0dc58cb7edcc5563213f11f22d4d42cabf67fd526c193a155e0e2128bfdc2709
883,grid_0883_n7_north_west_south_east_h1_gate_t18,c65eab251e0e9c3fe3479f4de44d7bb6ae965ddf8123484a8bf46516728dbb42,c50c968514230275af15b6715505e5544bf0f6da2a918af0b29c32422f24bb3e,c50c968514230275af15b6715505e5544bf0f6da2a918af0b29c32422f24bb3e,c50c968514230275af15b6715505e5544bf0f6da2a918af0b29c32422f24bb3e,c50c968514230275af15b6715505e5544bf0f6da2a918af0b29c32422f24bb3e,0dc58cb7edcc5563213f11f22d4d42cabf67fd526c193a155e0e2128bfdc2709,0dc58cb7edcc5563213f11f22d4d42cabf67fd526c193a155e0e2128bfdc2709
884,grid_0884_n7_north_west_south_east_h1_staggered_t12,bd11963d4dc01beb4b989aef9882d85ac78604523ffbdc34805ab9ae7761a3d5,,,,,,
885,grid_0885_n7_north_west_south_east_h1_staggered_t14,266a2b6485d558b567f419bd48c9b0966384db3510f1ad1d3d1c874c16ecd624,e3f2bff5f5830c0db2797fc87ce1c51de3b7e8a2990edacbc13498e0b3d31c03,e3f2bff5f5830c0db2797fc87ce1c51de3b7e8a2990edacbc13498e0b3d31c03,e3f2bff5f5830c0db2797fc87ce1c51de3b7e8a2990edacbc13498e0b3d31c03,e3f2bff5f5830c0db2797fc87ce1c51de3b7e8a2990edacbc13498e0b3d31c03,4b329581bd90a739dd5d14c4daafe02b1d30c7ed924ee9d0fe55e4d1c400923a,4b329581bd90a739dd5d14c4daafe02b1d30c7ed924ee9d0fe55e4d1c400923a
886,grid_0886_n7_north_west_south_east_h1_staggered_t16,95866558bd79f4839063fd050d9831391d8c753d74ad298ca0bac192ef1201ec,0c4a20bb35f2347698368ee77f00e956adba19d89e9089b9a6ae3038f7dfdc78,0c4a20bb35f2347698368ee77f00e956adba19d89e9089b9a6ae3038f7dfdc78,0c4a20bb35f2347698368ee77f00e956adba19d89e9089b9a6ae3038f7dfdc78,0c4a20bb35f2347698368ee77f00e956adba19d89e9089b9a6ae3038f7dfdc78,4b329581bd90a739dd5d14c4daafe02b1d30c7ed924ee9d0fe55e4d1c400923a,4b329581bd90a739dd5d14c4daafe02b1d30c7ed924ee9d0fe55e4d1c400923a
887,grid_0887_n7_north_west_south_east_h1_staggered_t18,96ce5a73771bd5dace99ff366a2f0983bb4c66c8b6cac7c8108a6d67b2fb350b,f59d44db69cd48daca0be5556d69884755c2e44312d5830b2d920bbde30a9030,f59d44db69cd48daca0be5556d69884755c2e44312d5830b2d920bbde30a9030,f59d44db69cd48daca0be5556d69884755c2e44312d5830b2d920bbde30a9030,f59d44db69cd48daca0be5556d69884755c2e44312d5830b2d920bbde30a9030,4b329581bd90a739dd5d14c4daafe02b1d30c7ed924ee9d0fe55e4d1c400923a,4b329581bd90a739dd5d14c4daafe02b1d30c7ed924ee9d0fe55e4d1c400923a
888,grid_0888_n7_north_west_south_east_h2_open_t12,b6ac31fe3750b42172a5fe0c718eb27dbb6e898acaab9fa3fe30339362b6d621,,,,,,
889,grid_0889_n7_north_west_south_east_h2_open_t14,b9d7a91d84d8643767dbdbfffd6f80e55a1041934ec745540b1fc60d24c5263a,02a4524907eb14d307defbe5c7252dd51d9ea42ff2964b24897eb87177d9cb9d,02a4524907eb14d307defbe5c7252dd51d9ea42ff2964b24897eb87177d9cb9d,02a4524907eb14d307defbe5c7252dd51d9ea42ff2964b24897eb87177d9cb9d,02a4524907eb14d307defbe5c7252dd51d9ea42ff2964b24897eb87177d9cb9d,4b329581bd90a739dd5d14c4daafe02b1d30c7ed924ee9d0fe55e4d1c400923a,4b329581bd90a739dd5d14c4daafe02b1d30c7ed924ee9d0fe55e4d1c400923a
890,grid_0890_n7_north_west_south_east_h2_open_t16,1e49f33c3191a8340929616defcc9d66e94a0bc425646fd28c321e14908f499f,2d3c48677b5f4ec9cd2a591705784b031348dca77f892789dc856ce14c916f4e,2d3c48677b5f4ec9cd2a591705784b031348dca77f892789dc856ce14c916f4e,2d3c48677b5f4ec9cd2a591705784b031348dca77f892789dc856ce14c916f4e,2d3c48677b5f4ec9cd2a591705784b031348dca77f892789dc856ce14c916f4e,4b329581bd90a739dd5d14c4daafe02b1d30c7ed924ee9d0fe55e4d1c400923a,4b329581bd90a739dd5d14c4daafe02b1d30c7ed924ee9d0fe55e4d1c400923a
891,grid_0891_n7_north_west_south_east_h2_open_t18,e2292c28d08ad795184a15efa524317ac366da1c91eb43641075d3a0c5003ddb,03e902956d2dc998c7850656c4623f2e73c0a22733d4c3055ef076850840a3ee,03e902956d2dc998c7850656c4623f2e73c0a22733d4c3055ef076850840a3ee,03e902956d2dc998c7850656c4623f2e73c0a22733d4c3055ef076850840a3ee,03e902956d2dc998c7850656c4623f2e73c0a22733d4c3055ef076850840a3ee,4b329581bd90a739dd5d14c4daafe02b1d30c7ed924ee9d0fe55e4d1c400923a,4b329581bd90a739dd5d14c4daafe02b1d30c7ed924ee9d0fe55e4d1c400923a
892,grid_0892_n7_north_west_south_east_h2_gate_t12,9e50d007f714f39c6bf28979deaa647925431e93dc4166b2b81e4a3838e198f9,,,,,,
893,grid_0893_n7_north_west_south_east_h2_gate_t14,495665348d26da7b2a24ca2193cc58ce15c1eadbee8030781fb4c4f5f957a451,25003f73a3f1364418c43589e40d29f4edbe4c8618a4116406a70a0743e24360,25003f73a3f1364418c43589e40d29f4edbe4c8618a4116406a70a0743e24360,25003f73a3f1364418c43589e40d29f4edbe4c8618a4116406a70a0743e24360,25003f73a3f1364418c43589e40d29f4edbe4c8618a4116406a70a0743e24360,4b329581bd90a739dd5d14c4daafe02b1d30c7ed924ee9d0fe55e4d1c400923a,4b329581bd90a739dd5d14c4daafe02b1d30c7ed924ee9d0fe55e4d1c400923a
894,grid_0894_n7_north_west_south_east_h2_gate_t16,9205424296264f6d5bec235a7ede748971206a7838bab311b032558239ef673d,4b95165f3f61e98bf68be4476a52cf32f30bab2f13b76a2802ee9ec296b71cce,4b95165f3f61e98bf68be4476a52cf32f30bab2f13b76a2802ee9ec296b71cce,4b95165f3f61e98bf68be4476a52cf32f30bab2f13b76a2802ee9ec296b71cce,4b95165f3f61e98bf68be4476a52cf32f30bab2f13b76a2802ee9ec296b71cce,4b329581bd90a739dd5d14c4daafe02b1d30c7ed924ee9d0fe55e4d1c400923a,4b329581bd90a739dd5d14c4daafe02b1d30c7ed924ee9d0fe55e4d1c400923a
895,grid_0895_n7_north_west_south_east_h2_gate_t18,c4d2d5f45e67619f74d6b873a4874f0d8eea2f6b614a1a483a3adc5652cc93b9,6f3680ebc41ed80e0d9c56fc9ae9a50841196c1b61708b1c675e70c2a0ebd759,6f3680ebc41ed80e0d9c56fc9ae9a50841196c1b61708b1c675e70c2a0ebd759,6f3680ebc41ed80e0d9c56fc9ae9a50841196c1b61708b1c675e70c2a0ebd759,6f3680ebc41ed80e0d9c56fc9ae9a50841196c1b61708b1c675e70c2a0ebd759,4b329581bd90a739dd5d14c4daafe02b1d30c7ed924ee9d0fe55e4d1c400923a,4b329581bd90a739dd5d14c4daafe02b1d30c7ed924ee9d0fe55e4d1c400923a
896,grid_0896_n7_north_west_south_east_h2_staggered_t12,5321a3fce5de18217b21c5104f6b4a33425341d7161980fdf9f8310bc3620451,,,,,,
897,grid_0897_n7_north_west_south_east_h2_staggered_t14,1cd344e98c738a04a70bdefe9872b0b9eec6365fcca343ac7b5f247780c3d5d3,45b5645019371621b9201532668ff79986f8a7577d80b2a9e50744a101b80c15,45b5645019371621b9201532668ff79986f8a7577d80b2a9e50744a101b80c15,45b5645019371621b9201532668ff79986f8a7577d80b2a9e50744a101b80c15,45b5645019371621b9201532668ff79986f8a7577d80b2a9e50744a101b80c15,4b329581bd90a739dd5d14c4daafe02b1d30c7ed924ee9d0fe55e4d1c400923a,4b329581bd90a739dd5d14c4daafe02b1d30c7ed924ee9d0fe55e4d1c400923a
898,grid_0898_n7_north_west_south_east_h2_staggered_t16,4d0cc344debeb9c00aead9a901f9aab34125acdf5df9e733016996b685cb2535,f6e406dbce160e4b32848cea003423132a339b74d660cb15afbd40d4f9644a18,f6e406dbce160e4b32848cea003423132a339b74d660cb15afbd40d4f9644a18,f6e406dbce160e4b32848cea003423132a339b74d660cb15afbd40d4f9644a18,f6e406dbce160e4b32848cea003423132a339b74d660cb15afbd40d4f9644a18,4b329581bd90a739dd5d14c4daafe02b1d30c7ed924ee9d0fe55e4d1c400923a,4b329581bd90a739dd5d14c4daafe02b1d30c7ed924ee9d0fe55e4d1c400923a
899,grid_0899_n7_north_west_south_east_h2_staggered_t18,c44bb0c73d3c6b8647f738bdf9a57dbe3d30152f595e6bfa952b3327d4aef2a7,afc16b6e5e6ec0b89eb061e03a87ed8fc67286b7be4e5b6821fa7dbdf16ba034,afc16b6e5e6ec0b89eb061e03a87ed8fc67286b7be4e5b6821fa7dbdf16ba034,afc16b6e5e6ec0b89eb061e03a87ed8fc67286b7be4e5b6821fa7dbdf16ba034,afc16b6e5e6ec0b89eb061e03a87ed8fc67286b7be4e5b6821fa7dbdf16ba034,4b329581bd90a739dd5d14c4daafe02b1d30c7ed924ee9d0fe55e4d1c400923a,4b329581bd90a739dd5d14c4daafe02b1d30c7ed924ee9d0fe55e4d1c400923a
900,grid_0900_n7_north_west_south_east_h3_open_t12,67e17a1021d5189c676bac15e56ce973539ffec7e8e102bbd545ae505248f186,,,,,,
901,grid_0901_n7_north_west_south_east_h3_open_t14,a54bbd91a97a1a6ac3c76f57eaee6f611c07d92bb7487e6ae6a6606ed2697aa8,6cb77d89b5a3a671752826e57708a4ddce796476427cf99ffe61a609a1b0a982,6cb77d89b5a3a671752826e57708a4ddce796476427cf99ffe61a609a1b0a982,6cb77d89b5a3a671752826e57708a4ddce796476427cf99ffe61a609a1b0a982,6cb77d89b5a3a671752826e57708a4ddce796476427cf99ffe61a609a1b0a982,4b329581bd90a739dd5d14c4daafe02b1d30c7ed924ee9d0fe55e4d1c400923a,4b329581bd90a739dd5d14c4daafe02b1d30c7ed924ee9d0fe55e4d1c400923a
902,grid_0902_n7_north_west_south_east_h3_open_t16,aed3574e72892fdffa33f9b99a15403c13a72f19862b1b076dd1093aefc54be9,1a95ad86c95bdd7d1c3c9c14205071a7171d4360cd293802ebcadc601e37031a,1a95ad86c95bdd7d1c3c9c14205071a7171d4360cd293802ebcadc601e37031a,1a95ad86c95bdd7d1c3c9c14205071a7171d4360cd293802ebcadc601e37031a,1a95ad86c95bdd7d1c3c9c14205071a7171d4360cd293802ebcadc601e37031a,4b329581bd90a739dd5d14c4daafe02b1d30c7ed924ee9d0fe55e4d1c400923a,4b329581bd90a739dd5d14c4daafe02b1d30c7ed924ee9d0fe55e4d1c400923a
903,grid_0903_n7_north_west_south_east_h3_open_t18,df16970c15eb7e43b3ae108b5f96a8280b7f39a5f78b5cfee9fced9478eb163f,acdc3092f7ea2e7990134b0bc1aa0096f2161dc3530280856b9adcebfc6fc660,acdc3092f7ea2e7990134b0bc1aa0096f2161dc3530280856b9adcebfc6fc660,acdc3092f7ea2e7990134b0bc1aa0096f2161dc3530280856b9adcebfc6fc660,acdc3092f7ea2e7990134b0bc1aa0096f2161dc3530280856b9adcebfc6fc660,4b329581bd90a739dd5d14c4daafe02b1d30c7ed924ee9d0fe55e4d1c400923a,4b329581bd90a739dd5d14c4daafe02b1d30c7ed924ee9d0fe55e4d1c400923a
904,grid_0904_n7_north_west_south_east_h3_gate_t12,c5e12d3c24341e853bfd7d07ede4780fd7cf0dd2431fc27b772b35b6aac1fe45,,,,,,
905,grid_0905_n7_north_west_south_east_h3_gate_t14,85dbd4ba9a8c4a1fb3cc737b45f23a93dad44212974867a64cc0e45a8f5931e6,,,,,,
906,grid_0906_n7_north_west_south_east_h3_gate_t16,d6cd3e85ca94ffdaf5958bf58f1a1f72430ebc7b96d6ade07ced21f2041d9427,5fb932fe75f2597cc049479e315d78a3edd69cc0348dae814b449c6987f4af7e,5fb932fe75f2597cc049479e315d78a3edd69cc0348dae814b449c6987f4af7e,5fb932fe75f2597cc049479e315d78a3edd69cc0348dae814b449c6987f4af7e,5fb932fe75f2597cc049479e315d78a3edd69cc0348dae814b449c6987f4af7e,4b329581bd90a739dd5d14c4daafe02b1d30c7ed924ee9d0fe55e4d1c400923a,4b329581bd90a739dd5d14c4daafe02b1d30c7ed924ee9d0fe55e4d1c400923a
907,grid_0907_n7_north_west_south_east_h3_gate_t18,6974939967554c6d24c18018e928256869f0699ad76ff767b7141e208179f149,ef724c9a97fd9e5be1fb8c019f8d743f338d701c22423f0d67a7d1ecca00d972,ef724c9a97fd9e5be1fb8c019f8d743f338d701c22423f0d67a7d1ecca00d972,ef724c9a97fd9e5be1fb8c019f8d743f338d701c22423f0d67a7d1ecca00d972,ef724c9a97fd9e5be1fb8c019f8d743f338d701c22423f0d67a7d1ecca00d972,4b329581bd90a739dd5d14c4daafe02b1d30c7ed924ee9d0fe55e4d1c400923a,4b329581bd90a739dd5d14c4daafe02b1d30c7ed924ee9d0fe55e4d1c400923a
908,grid_0908_n7_north_west_south_east_h3_staggered_t12,d67a995b7f5dd9c90f9daf0ffc4ea4e4b5c6eefc2a27be19d1deabd3b6b7a3d9,,,,,,
909,grid_0909_n7_north_west_south_east_h3_staggered_t14,4affb78fa63ecdd96e596f4896e1ae402b4f52fa976a18c2dca5193235046ee8,883f3f2597880edc1f96dc4db74fa7a25a37ed8ac635caf80ddcb6c507e36bc1,883f3f2597880edc1f96dc4db74fa7a25a37ed8ac635caf80ddcb6c507e36bc1,883f3f2597880edc1f96dc4db74fa7a25a37ed8ac635caf80ddcb6c507e36bc1,883f3f2597880edc1f96dc4db74fa7a25a37ed8ac635caf80ddcb6c507e36bc1,4b329581bd90a739dd5d14c4daafe02b1d30c7ed924ee9d0fe55e4d1c400923a,4b329581bd90a739dd5d14c4daafe02b1d30c7ed924ee9d0fe55e4d1c400923a
910,grid_0910_n7_north_west_south_east_h3_staggered_t16,76592bfc8b687d81fb30afabb340d9bd8266a46186535616c885a3b266e856da,b8343721ec1061a78ccc8d6f4fa7255509582cd9137b72493c153a5ce296c410,b8343721ec1061a78ccc8d6f4fa7255509582cd9137b72493c153a5ce296c410,b8343721ec1061a78ccc8d6f4fa7255509582cd9137b72493c153a5ce296c410,b8343721ec1061a78ccc8d6f4fa7255509582cd9137b72493c153a5ce296c410,4b329581bd90a739dd5d14c4daafe02b1d30c7ed924ee9d0fe55e4d1c400923a,4b329581bd90a739dd5d14c4daafe02b1d30c7ed924ee9d0fe55e4d1c400923a
911,grid_0911_n7_north_west_south_east_h3_staggered_t18,61816554af12b14652f06e8c46c129852b442163f6bf2f8268b0f9f3140137d5,37bab57b5db2a88026bc53c22ecd4ad6b7fdd21e7b25aa8b606a2fb8c3f39e93,37bab57b5db2a88026bc53c22ecd4ad6b7fdd21e7b25aa8b606a2fb8c3f39e93,37bab57b5db2a88026bc53c22ecd4ad6b7fdd21e7b25aa8b606a2fb8c3f39e93,37bab57b5db2a88026bc53c22ecd4ad6b7fdd21e7b25aa8b606a2fb8c3f39e93,4b329581bd90a739dd5d14c4daafe02b1d30c7ed924ee9d0fe55e4d1c400923a,4b329581bd90a739dd5d14c4daafe02b1d30c7ed924ee9d0fe55e4d1c400923a
912,grid_0912_n7_north_west_east_middle_h0_open_t12,1a20600f4c23bf2797e79791db770a126f0ab70252a048dd63f0b5e3dfb0f7c7,e3ff6317c257ad04acc9d6e2249069d765005eaff9ec9300040aaf23b2e10c33,e3ff6317c257ad04acc9d6e2249069d765005eaff9ec9300040aaf23b2e10c33,e3ff6317c257ad04acc9d6e2249069d765005eaff9ec9300040aaf23b2e10c33,e3ff6317c257ad04acc9d6e2249069d765005eaff9ec9300040aaf23b2e10c33,53370631653dfdcc2be91756ede00d58714550e03df0818f102ea9d00658aad4,53370631653dfdcc2be91756ede00d58714550e03df0818f102ea9d00658aad4
913,grid_0913_n7_north_west_east_middle_h0_open_t14,e54995c762650d1a0b853cd34e21d8c4270749ac1a2e043ac2d96612f9618350,84b3dfbddd6de5773aae5649c39b1d0cf3bf041be7bad5d76e06f5cdb1c6d6d2,84b3dfbddd6de5773aae5649c39b1d0cf3bf041be7bad5d76e06f5cdb1c6d6d2,84b3dfbddd6de5773aae5649c39b1d0cf3bf041be7bad5d76e06f5cdb1c6d6d2,84b3dfbddd6de5773aae5649c39b1d0cf3bf041be7bad5d76e06f5cdb1c6d6d2,53370631653dfdcc2be91756ede00d58714550e03df0818f102ea9d00658aad4,53370631653dfdcc2be91756ede00d58714550e03df0818f102ea9d00658aad4
914,grid_0914_n7_north_west_east_middle_h0_open_t16,f788d4f6035cc5ca2f1482802633c1b304dfdadad2fbc030a2ef05a48ccb5163,b44451853b0160873c5df2aa8fb02490048ab4946b156ee02b304037454ac616,b44451853b0160873c5df2aa8fb02490048ab4946b156ee02b304037454ac616,b44451853b0160873c5df2aa8fb02490048ab4946b156ee02b304037454ac616,b44451853b0160873c5df2aa8fb02490048ab4946b156ee02b304037454ac616,53370631653dfdcc2be91756ede00d58714550e03df0818f102ea9d00658aad4,53370631653dfdcc2be91756ede00d58714550e03df0818f102ea9d00658aad4
915,grid_0915_n7_north_west_east_middle_h0_open_t18,ba1ef1c44a0e1fae5f427b45ed64df57104dcd209eff034ad1a2ab6898d41fe2,375b9cfd390d7f127d8deea27bb789255db58b76a6d2fd223ba89f1bdd970722,375b9cfd390d7f127d8deea27bb789255db58b76a6d2fd223ba89f1bdd970722,375b9cfd390d7f127d8deea27bb789255db58b76a6d2fd223ba89f1bdd970722,375b9cfd390d7f127d8deea27bb789255db58b76a6d2fd223ba89f1bdd970722,53370631653dfdcc2be91756ede00d58714550e03df0818f102ea9d00658aad4,53370631653dfdcc2be91756ede00d58714550e03df0818f102ea9d00658aad4
916,grid_0916_n7_north_west_east_middle_h0_gate_t12,3bcbe0a0443614c34bd0c5badb3f3db86f05c260bd3ef7d6ba06ddb0c230f8ce,61dba9b3433c27aa21bfdd8d24ae5e874ad3744bd4b1c8d5296afe93c7f84b4a,61dba9b3433c27aa21bfdd8d24ae5e874ad3744bd4b1c8d5296afe93c7f84b4a,61dba9b3433c27aa21bfdd8d24ae5e874ad3744bd4b1c8d5296afe93c7f84b4a,61dba9b3433c27aa21bfdd8d24ae5e874ad3744bd4b1c8d5296afe93c7f84b4a,53370631653dfdcc2be91756ede00d58714550e03df0818f102ea9d00658aad4,53370631653dfdcc2be91756ede00d58714550e03df0818f102ea9d00658aad4
917,grid_0917_n7_north_west_east_middle_h0_gate_t14,afa00156b43531744fb6256fc0c6c77b975fb6563e453640edfd20b2e8a09ec4,27117eb83a404461bcc922ad403799bb73ef22a83e2c56d0bfd55de21e1d884d,27117eb83a404461bcc922ad403799bb73ef22a83e2c56d0bfd55de21e1d884d,27117eb83a404461bcc922ad403799bb73ef22a83e2c56d0bfd55de21e1d884d,27117eb83a404461bcc922ad403799bb73ef22a83e2c56d0bfd55de21e1d884d,53370631653dfdcc2be91756ede00d58714550e03df0818f102ea9d00658aad4,53370631653dfdcc2be91756ede00d58714550e03df0818f102ea9d00658aad4
918,grid_0918_n7_north_west_east_middle_h0_gate_t16,718d1b69c6b30014b283198730661d334e50a28421bcbd41dfe960cb23b1acb0,a83b77d94672a4c1b1a485ec142c3e17b963497540d9a0fbaeac4beb1b2e3d31,a83b77d94672a4c1b1a485ec142c3e17b963497540d9a0fbaeac4beb1b2e3d31,a83b77d94672a4c1b1a485ec142c3e17b963497540d9a0fbaeac4beb1b2e3d31,a83b77d94672a4c1b1a485ec142c3e17b963497540d9a0fbaeac4beb1b2e3d31,53370631653dfdcc2be91756ede00d58714550e03df0818f102ea9d00658aad4,53370631653dfdcc2be91756ede00d58714550e03df0818f102ea9d00658aad4
919,grid_0919_n7_north_west_east_middle_h0_gate_t18,61921b7497d97b36889b2b697b3fb511bb71dca847895a7426000e15047c090f,8161e1157b63adad6fa4481454c5ae4d2324d40659ae4942f4a35e7603887b94,8161e1157b63adad6fa4481454c5ae4d2324d40659ae4942f4a35e7603887b94,8161e1157b63adad6fa4481454c5ae4d2324d40659ae4942f4a35e7603887b94,8161e1157b63adad6fa4481454c5ae4d2324d40659ae4942f4a35e7603887b94,53370631653dfdcc2be91756ede00d58714550e03df0818f102ea9d00658aad4,53370631653dfdcc2be91756ede00d58714550e03df0818f102ea9d00658aad4
920,grid_0920_n7_north_west_east_middle_h0_staggered_t12,47d6ad27d9ff7c53b28255c2730cd9bef932925ab950e91385b59c77cf7d422a,b6c77981746369439985f79b9b1cd71ff9c765908a9d0c5369c096a7d001355e,b6c77981746369439985f79b9b1cd71ff9c765908a9d0c5369c096a7d001355e,b6c77981746369439985f79b9b1cd71ff9c765908a9d0c5369c096a7d001355e,b6c77981746369439985f79b9b1cd71ff9c765908a9d0c5369c096a7d001355e,53370631653dfdcc2be91756ede00d58714550e03df0818f102ea9d00658aad4,53370631653dfdcc2be91756ede00d58714550e03df0818f102ea9d00658aad4
921,grid_0921_n7_north_west_east_middle_h0_staggered_t14,34a7cd6cf6367ec82f39b48f5fd19ded97d87f6b2f5551abd1f642aa8ba98ab7,ffc6598077009e66a03c025f2aad2854b1849e19f5abbc34c85ac25bde5acaac,ffc6598077009e66a03c025f2aad2854b1849e19f5abbc34c85ac25bde5acaac,ffc6598077009e66a03c025f2aad2854b1849e19f5abbc34c85ac25bde5acaac,ffc6598077009e66a03c025f2aad2854b1849e19f5abbc34c85ac25bde5acaac,53370631653dfdcc2be91756ede00d58714550e03df0818f102ea9d00658aad4,53370631653dfdcc2be91756ede00d58714550e03df0818f102ea9d00658aad4
922,grid_0922_n7_north_west_east_middle_h0_staggered_t16,6458dfa46319a272f1e7e06201641fec95d3180a8c405d9dedff3637fd24183f,fecd489ee5e4f703c1d5631de3e59d07c90ebc2edfdfa1caab1d21d7f32b5e26,fecd489ee5e4f703c1d5631de3e59d07c90ebc2edfdfa1caab1d21d7f32b5e26,fecd489ee5e4f703c1d5631de3e59d07c90ebc2edfdfa1caab1d21d7f32b5e26,fecd489ee5e4f703c1d5631de3e59d07c90ebc2edfdfa1caab1d21d7f32b5e26,53370631653dfdcc2be91756ede00d58714550e03df0818f102ea9d00658aad4,53370631653dfdcc2be91756ede00d58714550e03df0818f102ea9d00658aad4
923,grid_0923_n7_north_west_east_middle_h0_staggered_t18,522c812600e9fc7989b0bd9e9a739ff3ca8926c9b0189012ec6d20f0936f7fa1,ea4fb7be37c589e0a3a2955334a28f5cf0e054e1c612a2c3d4f23dedaa6ed005,ea4fb7be37c589e0a3a2955334a28f5cf0e054e1c612a2c3d4f23dedaa6ed005,ea4fb7be37c589e0a3a2955334a28f5cf0e054e1c612a2c3d4f23dedaa6ed005,ea4fb7be37c589e0a3a2955334a28f5cf0e054e1c612a2c3d4f23dedaa6ed005,53370631653dfdcc2be91756ede00d58714550e03df0818f102ea9d00658aad4,53370631653dfdcc2be91756ede00d58714550e03df0818f102ea9d00658aad4
924,grid_0924_n7_north_west_east_middle_h1_open_t12,71ddcc696a8ae6f6143f6cc78f16ab55a82a94a461b18d350d12754dbfdf4664,66fe15ba50f83a635a0519d3203e63fdef9438479d3ac6e954279dafc77e55b4,66fe15ba50f83a635a0519d3203e63fdef9438479d3ac6e954279dafc77e55b4,66fe15ba50f83a635a0519d3203e63fdef9438479d3ac6e954279dafc77e55b4,66fe15ba50f83a635a0519d3203e63fdef9438479d3ac6e954279dafc77e55b4,4b329581bd90a739dd5d14c4daafe02b1d30c7ed924ee9d0fe55e4d1c400923a,4b329581bd90a739dd5d14c4daafe02b1d30c7ed924ee9d0fe55e4d1c400923a
925,grid_0925_n7_north_west_east_middle_h1_open_t14,f62021e487a0a037ef6c164af88e5c5274a67420a15739d0d9130e0f25deb9bc,67b67762a51129656d331d343041cfc4aa30746fa3584dc63711845bcf288436,67b67762a51129656d331d343041cfc4aa30746fa3584dc63711845bcf288436,67b67762a51129656d331d343041cfc4aa30746fa3584dc63711845bcf288436,67b67762a51129656d331d343041cfc4aa30746fa3584dc63711845bcf288436,4b329581bd90a739dd5d14c4daafe02b1d30c7ed924ee9d0fe55e4d1c400923a,4b329581bd90a739dd5d14c4daafe02b1d30c7ed924ee9d0fe55e4d1c400923a
926,grid_0926_n7_north_west_east_middle_h1_open_t16,275a2cdcadbfe4b8d5edfc8da0dc53c50486f7aa094ffb3a6bf7e59529011b63,9685aa8f0e917cc02c1eaa3ca569571a34104d6b33511cef003d2e575a8d5fd5,9685aa8f0e917cc02c1eaa3ca569571a34104d6b33511cef003d2e575a8d5fd5,9685aa8f0e917cc02c1eaa3ca569571a34104d6b33511cef003d2e575a8d5fd5,9685aa8f0e917cc02c1eaa3ca569571a34104d6b33511cef003d2e575a8d5fd5,4b329581bd90a739dd5d14c4daafe02b1d30c7ed924ee9d0fe55e4d1c400923a,4b329581bd90a739dd5d14c4daafe02b1d30c7ed924ee9d0fe55e4d1c400923a
927,grid_0927_n7_north_west_east_middle_h1_open_t18,86be84654ff72bd916835191f81395e547b3d8c4fc618e69b0f54b37c6148bae,806207f3b620205a68cf83c97ddd9b40ba40022583a5b4ea295b1da67a467369,806207f3b620205a68cf83c97ddd9b40ba40022583a5b4ea295b1da67a467369,806207f3b620205a68cf83c97ddd9b40ba40022583a5b4ea295b1da67a467369,806207f3b620205a68cf83c97ddd9b40ba40022583a5b4ea295b1da67a467369,4b329581bd90a739dd5d14c4daafe02b1d30c7ed924ee9d0fe55e4d1c400923a,4b329581bd90a739dd5d14c4daafe02b1d30c7ed924ee9d0fe55e4d1c400923a
928,grid_0928_n7_north_west_east_middle_h1_gate_t12,fe2662dde5326858775add64a638856d39c598562a25be749555098aef4235e5,fdc49d3c8d0aa988893c10c1469bbfee55690ff0c213f544f205fe39cc0d1d36,fdc49d3c8d0aa988893c10c1469bbfee55690ff0c213f544f205fe39cc0d1d36,fdc49d3c8d0aa988893c10c1469bbfee55690ff0c213f544f205fe39cc0d1d36,fdc49d3c8d0aa988893c10c1469bbfee55690ff0c213f544f205fe39cc0d1d36,0dc58cb7edcc5563213f11f22d4d42cabf67fd526c193a155e0e2128bfdc2709,0dc58cb7edcc5563213f11f22d4d42cabf67fd526c193a155e0e2128bfdc2709
929,grid_0929_n7_north_west_east_middle_h1_gate_t14,f5709902b0dfbd51737cd781ff67b284529324db03a6eb8c4d0e045f6b571097,9e552d12a5eb6de16fe89dbe7b96afbda52c8319fdc10d8df9ed69be5f7ef341,9e552d12a5eb6de16fe89dbe7b96afbda52c8319fdc10d8df9ed69be5f7ef341,9e552d12a5eb6de16fe89dbe7b96afbda52c8319fdc10d8df9ed69be5f7ef341,9e552d12a5eb6de16fe89dbe7b96afbda52c8319fdc10d8df9ed69be5f7ef341,0dc58cb7edcc5563213f11f22d4d42cabf67fd526c193a155e0e2128bfdc2709,0dc58cb7edcc5563213f11f22d4d42cabf67fd526c193a155e0e2128bfdc2709
930,grid_0930_n7_north_west_east_middle_h1_gate_t16,10333bd710fb45142e453e9a6b701f9ab23ca7a43473501865a072a30ccc5497,3a6c8f63d1f4ba41858486d0a84287aba5ac4be87991a4ea0a853eb4341fc14e,3a6c8f63d1f4ba41858486d0a84287aba5ac4be87991a4ea0a853eb4341fc14e,3a6c8f63d1f4ba41858486d0a84287aba5ac4be87991a4ea0a853eb4341fc14e,3a6c8f63d1f4ba41858486d0a84287aba5ac4be87991a4ea0a853eb4341fc14e,0dc58cb7edcc5563213f11f22d4d42cabf67fd526c193a155e0e2128bfdc2709,0dc58cb7edcc5563213f11f22d4d42cabf67fd526c193a155e0e2128bfdc2709
931,grid_0931_n7_north_west_east_middle_h1_gate_t18,f85f75a942f23a985058152d8775483dba1a25629661e8bf5b46a709ad12bebd,8575f93de86ab600b03739889ad67b4afca3fb63f02234aa0f67fd502313c6e4,8575f93de86ab600b03739889ad67b4afca3fb63f02234aa0f67fd502313c6e4,8575f93de86ab600b03739889ad67b4afca3fb63f02234aa0f67fd502313c6e4,8575f93de86ab600b03739889ad67b4afca3fb63f02234aa0f67fd502313c6e4,0dc58cb7edcc5563213f11f22d4d42cabf67fd526c193a155e0e2128bfdc2709,0dc58cb7edcc5563213f11f22d4d42cabf67fd526c193a155e0e2128bfdc2709
932,grid_0932_n7_north_west_east_middle_h1_staggered_t12,3ecf3f9588ec3548e52bac0bb5499c2cebeb0e7d5abe3ea6adba9e3a85340bcf,e14d3de90045cc9b2e290ef3e78f3ee883f504fd89f1ecf1593e3afe24e62647,e14d3de90045cc9b2e290ef3e78f3ee883f504fd89f1ecf1593e3afe24e62647,e14d3de90045cc9b2e290ef3e78f3ee883f504fd89f1ecf1593e3afe24e62647,e14d3de90045cc9b2e290ef3e78f3ee883f504fd89f1ecf1593e3afe24e62647,4b329581bd90a739dd5d14c4daafe02b1d30c7ed924ee9d0fe55e4d1c400923a,4b329581bd90a739dd5d14c4daafe02b1d30c7ed924ee9d0fe55e4d1c400923a
933,grid_0933_n7_north_west_east_middle_h1_staggered_t14,f03199d258674fc7872090ac50edd1cf7c8e59daca86490828adc1eff0734cb5,1307529d32a8cd0376bf627269e03fc5cbcdf8d4be327796b556a1998df16ccc,1307529d32a8cd0376bf627269e03fc5cbcdf8d4be327796b556a1998df16ccc,1307529d32a8cd0376bf627269e03fc5cbcdf8d4be327796b556a1998df16ccc,1307529d32a8cd0376bf627269e03fc5cbcdf8d4be327796b556a1998df16ccc,4b329581bd90a739dd5d14c4daafe02b1d30c7ed924ee9d0fe55e4d1c400923a,4b329581bd90a739dd5d14c4daafe02b1d30c7ed924ee9d0fe55e4d1c400923a
934,grid_0934_n7_north_west_east_middle_h1_staggered_t16,c85c44ea5e4f53e1b9fab59f510969371e06a6f76fca58b2574ae60fbd64ebe2,c6d94c5d1fb675b2abe91682ac6ebf41915090a845731883b32492b4d7aeea2d,c6d94c5d1fb675b2abe91682ac6ebf41915090a845731883b32492b4d7aeea2d,c6d94c5d1fb675b2abe91682ac6ebf41915090a845731883b32492b4d7aeea2d,c6d94c5d1fb675b2abe91682ac6ebf41915090a845731883b32492b4d7aeea2d,4b329581bd90a739dd5d14c4daafe02b1d30c7ed924ee9d0fe55e4d1c400923a,4b329581bd90a739dd5d14c4daafe02b1d30c7ed924ee9d0fe55e4d1c400923a
935,grid_0935_n7_north_west_east_middle_h1_staggered_t18,a95ed96bebdc995d4839aac3835d4fa04cee2b5b95d090ab579aa99d12fe6313,076c41849c7003f730eace469df3e0bfce693812d44bd8945c884de6e9574f22,076c41849c7003f730eace469df3e0bfce693812d44bd8945c884de6e9574f22,076c41849c7003f730eace469df3e0bfce693812d44bd8945c884de6e9574f22,076c41849c7003f730eace469df3e0bfce693812d44bd8945c884de6e9574f22,4b329581bd90a739dd5d14c4daafe02b1d30c7ed924ee9d0fe55e4d1c400923a,4b329581bd90a739dd5d14c4daafe02b1d30c7ed924ee9d0fe55e4d1c400923a
936,grid_0936_n7_north_west_east_middle_h2_open_t12,4e792d2667e27d4528d8df01811d250529f06518c376a81565fac47bed1486b7,1418a1a05914f1357d152825b743038c67e481301508069bc2754f255e228972,1418a1a05914f1357d152825b743038c67e481301508069bc2754f255e228972,1418a1a05914f1357d152825b743038c67e481301508069bc2754f255e228972,1418a1a05914f1357d152825b743038c67e481301508069bc2754f255e228972,4b329581bd90a739dd5d14c4daafe02b1d30c7ed924ee9d0fe55e4d1c400923a,4b329581bd90a739dd5d14c4daafe02b1d30c7ed924ee9d0fe55e4d1c400923a
937,grid_0937_n7_north_west_east_middle_h2_open_t14,4662b90afff6588764f43b59ce57dad073cde02dbc8460b12d6302dbcd647e37,a2205d54317b3c475f9c851943c303d1cc41b2badd6b7eb25abdb0bffffabbed,a2205d54317b3c475f9c851943c303d1cc41b2badd6b7eb25abdb0bffffabbed,a2205d54317b3c475f9c851943c303d1cc41b2badd6b7eb25abdb0bffffabbed,a2205d54317b3c475f9c851943c303d1cc41b2badd6b7eb25abdb0bffffabbed,4b329581bd90a739dd5d14c4daafe02b1d30c7ed924ee9d0fe55e4d1c400923a,4b329581bd90a739dd5d14c4daafe02b1d30c7ed924ee9d0fe55e4d1c400923a
938,grid_0938_n7_north_west_east_middle_h2_open_t16,bcff7ef87af21457de423701b64b4b852ad5c9b28d01ddf0231e10c3bf774b4d,84525da26a205538029c66f8b4aacb6458f4925c801473c498bb42f2a19659dd,84525da26a205538029c66f8b4aacb6458f4925c801473c498bb42f2a19659dd,84525da26a205538029c66f8b4aacb6458f4925c801473c498bb42f2a19659dd,84525da26a205538029c66f8b4aacb6458f4925c801473c498bb42f2a19659dd,4b329581bd90a739dd5d14c4daafe02b1d30c7ed924ee9d0fe55e4d1c400923a,4b329581bd90a739dd5d14c4daafe02b1d30c7ed924ee9d0fe55e4d1c400923a
939,grid_0939_n7_north_west_east_middle_h2_open_t18,fc79e670a41849726cb98a43240792706f6c76816324e3aee88a3821f54f59b1,45abb45fdfbbfdb341f762aed9786c179a40574316b5accd7e7406fce17486a1,45abb45fdfbbfdb341f762aed9786c179a40574316b5accd7e7406fce17486a1,45abb45fdfbbfdb341f762aed9786c179a40574316b5accd7e7406fce17486a1,45abb45fdfbbfdb341f762aed9786c179a40574316b5accd7e7406fce17486a1,4b329581bd90a739dd5d14c4daafe02b1d30c7ed924ee9d0fe55e4d1c400923a,4b329581bd90a739dd5d14c4daafe02b1d30c7ed924ee9d0fe55e4d1c400923a
940,grid_0940_n7_north_west_east_middle_h2_gate_t12,b6bf969e9a87620687f5a289f8c96ed3aebdcf866ef5580c27d88656948db6a6,3a3eebe3e57f52563d27bfbb050395ef7b300c1b495e456848c3d4a6b352178e,3a3eebe3e57f52563d27bfbb050395ef7b300c1b495e456848c3d4a6b352178e,3a3eebe3e57f52563d27bfbb050395ef7b300c1b495e456848c3d4a6b352178e,3a3eebe3e57f52563d27bfbb050395ef7b300c1b495e456848c3d4a6b352178e,4b329581bd90a739dd5d14c4daafe02b1d30c7ed924ee9d0fe55e4d1c400923a,4b329581bd90a739dd5d14c4daafe02b1d30c7ed924ee9d0fe55e4d1c400923a
941,grid_0941_n7_north_west_east_middle_h2_gate_t14,a65cc5820f5fd3eee71893eb91639b6006ef572d7228443aec2f3b0dffc8e86e,6a81de5016915a112b06279f0328b071c6d64b1531aaf5d6f82b532603bdbda8,6a81de5016915a112b06279f0328b071c6d64b1531aaf5d6f82b532603bdbda8,6a81de5016915a112b06279f0328b071c6d64b1531aaf5d6f82b532603bdbda8,6a81de5016915a112b06279f0328b071c6d64b1531aaf5d6f82b532603bdbda8,4b329581bd90a739dd5d14c4daafe02b1d30c7ed924ee9d0fe55e4d1c400923a,4b329581bd90a739dd5d14c4daafe02b1d30c7ed924ee9d0fe55e4d1c400923a
942,grid_0942_n7_north_west_east_middle_h2_gate_t16,b976e47342f6070b0b7fef7a1f7b586e080f00bb962d86a784bfc40df0f98c68,f68b5ab9eac96bc377c7b764d71f1dad7ea028d0eec1ec40360464ffc80b73d3,f68b5ab9eac96bc377c7b764d71f1dad7ea028d0eec1ec40360464ffc80b73d3,f68b5ab9eac96bc377c7b764d71f1dad7ea028d0eec1ec40360464ffc80b73d3,f68b5ab9eac96bc377c7b764d71f1dad7ea028d0eec1ec40360464ffc80b73d3,4b329581bd90a739dd5d14c4daafe02b1d30c7ed924ee9d0fe55e4d1c400923a,4b329581bd90a739dd5d14c4daafe02b1d30c7ed924ee9d0fe55e4d1c400923a
943,grid_0943_n7_north_west_east_middle_h2_gate_t18,7a581be547864ccde630576cafdf38125bb6a555a69be6f9d828b6183c8ce12b,a42fc7ea66c0e1717c59feddddcd5420804d20e26b092473034df92a39d94880,a42fc7ea66c0e1717c59feddddcd5420804d20e26b092473034df92a39d94880,a42fc7ea66c0e1717c59feddddcd5420804d20e26b092473034df92a39d94880,a42fc7ea66c0e1717c59feddddcd5420804d20e26b092473034df92a39d94880,4b329581bd90a739dd5d14c4daafe02b1d30c7ed924ee9d0fe55e4d1c400923a,4b329581bd90a739dd5d14c4daafe02b1d30c7ed924ee9d0fe55e4d1c400923a
944,grid_0944_n7_north_west_east_middle_h2_staggered_t12,62e7e9556cef060ab562de47abb9e313e0c74ee2ab33d228b8e41bc71b14b18d,f238f42688a268ba1e2cbc96d6890c4f91d34daa5a036596368ff3862b035881,f238f42688a268ba1e2cbc96d6890c4f91d34daa5a036596368ff3862b035881,f238f42688a268ba1e2cbc96d6890c4f91d34daa5a036596368ff3862b035881,f238f42688a268ba1e2cbc96d6890c4f91d34daa5a036596368ff3862b035881,4b329581bd90a739dd5d14c4daafe02b1d30c7ed924ee9d0fe55e4d1c400923a,4b329581bd90a739dd5d14c4daafe02b1d30c7ed924ee9d0fe55e4d1c400923a
945,grid_0945_n7_north_west_east_middle_h2_staggered_t14,11fc9981b5266e1f3b8ba82860caf92bbea22aa1607159777e1617d35bdb9107,af775fdb1fe3489c6a680c43a18d64a2c620523d802b29016719b82deb9fde7d,af775fdb1fe3489c6a680c43a18d64a2c620523d802b29016719b82deb9fde7d,af775fdb1fe3489c6a680c43a18d64a2c620523d802b29016719b82deb9fde7d,af775fdb1fe3489c6a680c43a18d64a2c620523d802b29016719b82deb9fde7d,4b329581bd90a739dd5d14c4daafe02b1d30c7ed924ee9d0fe55e4d1c400923a,4b329581bd90a739dd5d14c4daafe02b1d30c7ed924ee9d0fe55e4d1c400923a
946,grid_0946_n7_north_west_east_middle_h2_staggered_t16,66e589a984d5686fd55f88f87a6d40128249c432ca849122dc7f5ecb70682dab,ed1632e413b45f0ad15a96f95e3724849275feca2853b2662054e3495eaf87fd,ed1632e413b45f0ad15a96f95e3724849275feca2853b2662054e3495eaf87fd,ed1632e413b45f0ad15a96f95e3724849275feca2853b2662054e3495eaf87fd,ed1632e413b45f0ad15a96f95e3724849275feca2853b2662054e3495eaf87fd,4b329581bd90a739dd5d14c4daafe02b1d30c7ed924ee9d0fe55e4d1c400923a,4b329581bd90a739dd5d14c4daafe02b1d30c7ed924ee9d0fe55e4d1c400923a
947,grid_0947_n7_north_west_east_middle_h2_staggered_t18,352ec4f047e232c0df752aa8fc35d82927f004c0101f255de279ef312eba8c77,16bd77819e5e7a28e94d8e415e42a7a2f1d12a43d8626daac6e71070088bb008,16bd77819e5e7a28e94d8e415e42a7a2f1d12a43d8626daac6e71070088bb008,16bd77819e5e7a28e94d8e415e42a7a2f1d12a43d8626daac6e71070088bb008,16bd77819e5e7a28e94d8e415e42a7a2f1d12a43d8626daac6e71070088bb008,4b329581bd90a739dd5d14c4daafe02b1d30c7ed924ee9d0fe55e4d1c400923a,4b329581bd90a739dd5d14c4daafe02b1d30c7ed924ee9d0fe55e4d1c400923a
948,grid_0948_n7_north_west_east_middle_h3_open_t12,c74c4753a77961118feba70903703a88cae823b8651302bfc88b87cfa11e273b,afeeedd2a4badbeaaced5ceab5aa097b6e17b285d1e342d27a0cda92ca0b08d5,afeeedd2a4badbeaaced5ceab5aa097b6e17b285d1e342d27a0cda92ca0b08d5,afeeedd2a4badbeaaced5ceab5aa097b6e17b285d1e342d27a0cda92ca0b08d5,afeeedd2a4badbeaaced5ceab5aa097b6e17b285d1e342d27a0cda92ca0b08d5,4b329581bd90a739dd5d14c4daafe02b1d30c7ed924ee9d0fe55e4d1c400923a,4b329581bd90a739dd5d14c4daafe02b1d30c7ed924ee9d0fe55e4d1c400923a
949,grid_0949_n7_north_west_east_middle_h3_open_t14,a09386bf5abf37c886a4402df827cba44162b3e6fc84181b5b9104f49e690f5c,7aa25084c5ed48bf272cdce7b053496b34fd3f9b4a323373ea07f94d3179a537,7aa25084c5ed48bf272cdce7b053496b34fd3f9b4a323373ea07f94d3179a537,7aa25084c5ed48bf272cdce7b053496b34fd3f9b4a323373ea07f94d3179a537,7aa25084c5ed48bf272cdce7b053496b34fd3f9b4a323373ea07f94d3179a537,4b329581bd90a739dd5d14c4daafe02b1d30c7ed924ee9d0fe55e4d1c400923a,4b329581bd90a739dd5d14c4daafe02b1d30c7ed924ee9d0fe55e4d1c400923a
950,grid_0950_n7_north_west_east_middle_h3_open_t16,c4a99ac9ad2e1b33212a41ba17778981c73a7c475693e30d9dc868ab4702d67a,634e108e29fc90158e4e81e858135e262c0cf7c9c86a4f83f2192de0902b7c81,634e108e29fc90158e4e81e858135e262c0cf7c9c86a4f83f2192de0902b7c81,634e108e29fc90158e4e81e858135e262c0cf7c9c86a4f83f2192de0902b7c81,634e108e29fc90158e4e81e858135e262c0cf7c9c86a4f83f2192de0902b7c81,4b329581bd90a739dd5d14c4daafe02b1d30c7ed924ee9d0fe55e4d1c400923a,4b329581bd90a739dd5d14c4daafe02b1d30c7ed924ee9d0fe55e4d1c400923a
951,grid_0951_n7_north_west_east_middle_h3_open_t18,78d08b455c3a90083197fca457c251d78a8ce133e2b6ae8417c65c76b76fe132,c0a9a3b4a6744211dcecb724deba65677ff5e9f7490edd3778e88811a5cf1448,c0a9a3b4a6744211dcecb724deba65677ff5e9f7490edd3778e88811a5cf1448,c0a9a3b4a6744211dcecb724deba65677ff5e9f7490edd3778e88811a5cf1448,c0a9a3b4a6744211dcecb724deba65677ff5e9f7490edd3778e88811a5cf1448,4b329581bd90a739dd5d14c4daafe02b1d30c7ed924ee9d0fe55e4d1c400923a,4b329581bd90a739dd5d14c4daafe02b1d30c7ed924ee9d0fe55e4d1c400923a
952,grid_0952_n7_north_west_east_middle_h3_gate_t12,f9d5deba78e2a3f681cbcdf1a6d5a8eb2098eea3247a2a3da9ca8338294dbb6c,676e01ff760d38857c11c107c3dcf3c2532939ef850f46dbb4e36a7d19e6b2c1,676e01ff760d38857c11c107c3dcf3c2532939ef850f46dbb4e36a7d19e6b2c1,676e01ff760d38857c11c107c3dcf3c2532939ef850f46dbb4e36a7d19e6b2c1,676e01ff760d38857c11c107c3dcf3c2532939ef850f46dbb4e36a7d19e6b2c1,4b329581bd90a739dd5d14c4daafe02b1d30c7ed924ee9d0fe55e4d1c400923a,4b329581bd90a739dd5d14c4daafe02b1d30c7ed924ee9d0fe55e4d1c400923a
953,grid_0953_n7_north_west_east_middle_h3_gate_t14,39f28f32fc41a207d07c786620561b17dc4401ae1c14af4b8dab8fb4fbb49d3f,2bb4cf885e37e12e6196c546c65c69865d124db2911dedb87ad0e4bf19dbbd3c,2bb4cf885e37e12e6196c546c65c69865d124db2911dedb87ad0e4bf19dbbd3c,2bb4cf885e37e12e6196c546c65c69865d124db2911dedb87ad0e4bf19dbbd3c,2bb4cf885e37e12e6196c546c65c69865d124db2911dedb87ad0e4bf19dbbd3c,4b329581bd90a739dd5d14c4daafe02b1d30c7ed924ee9d0fe55e4d1c400923a,4b329581bd90a739dd5d14c4daafe02b1d30c7ed924ee9d0fe55e4d1c400923a
954,grid_0954_n7_north_west_east_middle_h3_gate_t16,52e616f76ad83edec61d9c6646c159459b1ef021a80ca8554bbe8e7132ddc8b4,2682179d80b91fc0ba4eeff4cf1867b0987b8bfbb6d959a823d512097d5a0d7e,2682179d80b91fc0ba4eeff4cf1867b0987b8bfbb6d959a823d512097d5a0d7e,2682179d80b91fc0ba4eeff4cf1867b0987b8bfbb6d959a823d512097d5a0d7e,2682179d80b91fc0ba4eeff4cf1867b0987b8bfbb6d959a823d512097d5a0d7e,4b329581bd90a739dd5d14c4daafe02b1d30c7ed924ee9d0fe55e4d1c400923a,4b329581bd90a739dd5d14c4daafe02b1d30c7ed924ee9d0fe55e4d1c400923a
955,grid_0955_n7_north_west_east_middle_h3_gate_t18,f237f5bf7a5fe6d5b440cd990389e33aa6a7ef8f20f02b777ed3334e2534a832,e38f566182c570a410794fcf81a79cc21b33f5cea40f0006429ef8f854c9b515,e38f566182c570a410794fcf81a79cc21b33f5cea40f0006429ef8f854c9b515,e38f566182c570a410794fcf81a79cc21b33f5cea40f0006429ef8f854c9b515,e38f566182c570a410794fcf81a79cc21b33f5cea40f0006429ef8f854c9b515,4b329581bd90a739dd5d14c4daafe02b1d30c7ed924ee9d0fe55e4d1c400923a,4b329581bd90a739dd5d14c4daafe02b1d30c7ed924ee9d0fe55e4d1c400923a
956,grid_0956_n7_north_west_east_middle_h3_staggered_t12,a3c8b12410eca744cbb08662ab56e8e503434fe38e04fc7d1297b4e7e78b7fc3,c5bf611abc4be36535e0ae91e089242fd027c6f730def131f302b24026ae61fb,c5bf611abc4be36535e0ae91e089242fd027c6f730def131f302b24026ae61fb,c5bf611abc4be36535e0ae91e089242fd027c6f730def131f302b24026ae61fb,c5bf611abc4be36535e0ae91e089242fd027c6f730def131f302b24026ae61fb,4b329581bd90a739dd5d14c4daafe02b1d30c7ed924ee9d0fe55e4d1c400923a,4b329581bd90a739dd5d14c4daafe02b1d30c7ed924ee9d0fe55e4d1c400923a
957,grid_0957_n7_north_west_east_middle_h3_staggered_t14,76036834cf13851101924081916a6df92c9fb4c659e29fc6c4bef267350631a6,023f9142d271dba3205a727c4cde203f0ae44e846dd962c7943c142c1ad1608c,023f9142d271dba3205a727c4cde203f0ae44e846dd962c7943c142c1ad1608c,023f9142d271dba3205a727c4cde203f0ae44e846dd962c7943c142c1ad1608c,023f9142d271dba3205a727c4cde203f0ae44e846dd962c7943c142c1ad1608c,4b329581bd90a739dd5d14c4daafe02b1d30c7ed924ee9d0fe55e4d1c400923a,4b329581bd90a739dd5d14c4daafe02b1d30c7ed924ee9d0fe55e4d1c400923a
958,grid_0958_n7_north_west_east_middle_h3_staggered_t16,bd41a5f6edacbf55543524af87f80e138341d9358bfbaf88d93f129ac868ead2,06fd9a1f5e056de964c9ad53284b2b6c127093ba765df9fae71860878e29405a,06fd9a1f5e056de964c9ad53284b2b6c127093ba765df9fae71860878e29405a,06fd9a1f5e056de964c9ad53284b2b6c127093ba765df9fae71860878e29405a,06fd9a1f5e056de964c9ad53284b2b6c127093ba765df9fae71860878e29405a,4b329581bd90a739dd5d14c4daafe02b1d30c7ed924ee9d0fe55e4d1c400923a,4b329581bd90a739dd5d14c4daafe02b1d30c7ed924ee9d0fe55e4d1c400923a
959,grid_0959_n7_north_west_east_middle_h3_staggered_t18,4eb182fff7d17146c1eb22607ffe7daf9d303a237d6f4c4da957441bba938309,5dcc35fa08094a1795ec20869e62a9e4e9a270eb5bed44ebdcee2be471c98c08,5dcc35fa08094a1795ec20869e62a9e4e9a270eb5bed44ebdcee2be471c98c08,5dcc35fa08094a1795ec20869e62a9e4e9a270eb5bed44ebdcee2be471c98c08,5dcc35fa08094a1795ec20869e62a9e4e9a270eb5bed44ebdcee2be471c98c08,4b329581bd90a739dd5d14c4daafe02b1d30c7ed924ee9d0fe55e4d1c400923a,4b329581bd90a739dd5d14c4daafe02b1d30c7ed924ee9d0fe55e4d1c400923a
960,grid_0960_n7_north_west_south_middle_h0_open_t12,4b77ce4ba6ddf9a6b3984a95c14113d5bb91c125b3458f86025aa0d155f2b9e8,91c4447d022a653f3635e14634e9f5a89fc63db53b01ef7c414f6a23e6bc73e7,91c4447d022a653f3635e14634e9f5a89fc63db53b01ef7c414f6a23e6bc73e7,91c4447d022a653f3635e14634e9f5a89fc63db53b01ef7c414f6a23e6bc73e7,91c4447d022a653f3635e14634e9f5a89fc63db53b01ef7c414f6a23e6bc73e7,4b329581bd90a739dd5d14c4daafe02b1d30c7ed924ee9d0fe55e4d1c400923a,4b329581bd90a739dd5d14c4daafe02b1d30c7ed924ee9d0fe55e4d1c400923a
961,grid_0961_n7_north_west_south_middle_h0_open_t14,f30d3c7b56d3597a9da17af7c7ddc8a4e568aa27022df0a1ea867796f451c1b4,be6b6246446631edb960d148b249bcc2b3be568f13844e0ab2257966d948f081,be6b6246446631edb960d148b249bcc2b3be568f13844e0ab2257966d948f081,be6b6246446631edb960d148b249bcc2b3be568f13844e0ab2257966d948f081,be6b6246446631edb960d148b249bcc2b3be568f13844e0ab2257966d948f081,4b329581bd90a739dd5d14c4daafe02b1d30c7ed924ee9d0fe55e4d1c400923a,4b329581bd90a739dd5d14c4daafe02b1d30c7ed924ee9d0fe55e4d1c400923a
962,grid_0962_n7_north_west_south_middle_h0_open_t16,c668d9c4e26f8e2d5243487dd2240e086ecd1435f0823b36bed1d5a37ca8415e,a47a31494d484a5a80e7def7e1f7587e289178a1ca96938bb6af4fedb6cb9990,a47a31494d484a5a80e7def7e1f7587e289178a1ca96938bb6af4fedb6cb9990,a47a31494d484a5a80e7def7e1f7587e289178a1ca96938bb6af4fedb6cb9990,a47a31494d484a5a80e7def7e1f7587e289178a1ca96938bb6af4fedb6cb9990,4b329581bd90a739dd5d14c4daafe02b1d30c7ed924ee9d0fe55e4d1c400923a,4b329581bd90a739dd5d14c4daafe02b1d30c7ed924ee9d0fe55e4d1c400923a
963,grid_0963_n7_north_west_south_middle_h0_open_t18,a4ba8706cc6fcfcd1337cfb3094acaa8a2bb2592f586f01a98a0356e28a751f1,addc3a80b39aebcf70b26ab0cd5a5c853f5f2826aade1a3cee1c91a7bf422127,addc3a80b39aebcf70b26ab0cd5a5c853f5f2826aade1a3cee1c91a7bf422127,addc3a80b39aebcf70b26ab0cd5a5c853f5f2826aade1a3cee1c91a7bf422127,addc3a80b39aebcf70b26ab0cd5a5c853f5f2826aade1a3cee1c91a7bf422127,4b329581bd90a739dd5d14c4daafe02b1d30c7ed924ee9d0fe55e4d1c400923a,4b329581bd90a739dd5d14c4daafe02b1d30c7ed924ee9d0fe55e4d1c400923a
964,grid_0964_n7_north_west_south_middle_h0_gate_t12,27b8f908d5ae94769b0de00d1f5338af1f08a1899663b5181b5de8613742c991,eea6dd6eed3427cfd45896518d0a23ede67ea96743e50ccf87f374119c64d019,eea6dd6eed3427cfd45896518d0a23ede67ea96743e50ccf87f374119c64d019,eea6dd6eed3427cfd45896518d0a23ede67ea96743e50ccf87f374119c64d019,eea6dd6eed3427cfd45896518d0a23ede67ea96743e50ccf87f374119c64d019,4b329581bd90a739dd5d14c4daafe02b1d30c7ed924ee9d0fe55e4d1c400923a,4b329581bd90a739dd5d14c4daafe02b1d30c7ed924ee9d0fe55e4d1c400923a
965,grid_0965_n7_north_west_south_middle_h0_gate_t14,5942a063cce575c8416d6c48d72b3b9183091d18e507d270fadf28fcec49f51c,ac017aabb24e9c9aa46c49aadc10194eba73b951875876d31a08e613a93509b6,ac017aabb24e9c9aa46c49aadc10194eba73b951875876d31a08e613a93509b6,ac017aabb24e9c9aa46c49aadc10194eba73b951875876d31a08e613a93509b6,ac017aabb24e9c9aa46c49aadc10194eba73b951875876d31a08e613a93509b6,4b329581bd90a739dd5d14c4daafe02b1d30c7ed924ee9d0fe55e4d1c400923a,4b329581bd90a739dd5d14c4daafe02b1d30c7ed924ee9d0fe55e4d1c400923a
966,grid_0966_n7_north_west_south_middle_h0_gate_t16,98487e8e684dbe210f89598107ad75cce1adf38e3468d7107202a5948426a6dd,2867910d608c6044261559d1816742b67d2d6e33b7990153a809ca0f99d3cb7a,2867910d608c6044261559d1816742b67d2d6e33b7990153a809ca0f99d3cb7a,2867910d608c6044261559d1816742b67d2d6e33b7990153a809ca0f99d3cb7a,2867910d608c6044261559d1816742b67d2d6e33b7990153a809ca0f99d3cb7a,4b329581bd90a739dd5d14c4daafe02b1d30c7ed924ee9d0fe55e4d1c400923a,4b329581bd90a739dd5d14c4daafe02b1d30c7ed924ee9d0fe55e4d1c400923a
967,grid_0967_n7_north_west_south_middle_h0_gate_t18,b3b6a526a7e8ad486775df29cede184e47376cbd78f65e651201359056b9be2b,0300b67cbcba3720bd6c95825cbac5985828b74de33fe1bd71f8848c4194da98,0300b67cbcba3720bd6c95825cbac5985828b74de33fe1bd71f8848c4194da98,0300b67cbcba3720bd6c95825cbac5985828b74de33fe1bd71f8848c4194da98,0300b67cbcba3720bd6c95825cbac5985828b74de33fe1bd71f8848c4194da98,4b329581bd90a739dd5d14c4daafe02b1d30c7ed924ee9d0fe55e4d1c400923a,4b329581bd90a739dd5d14c4daafe02b1d30c7ed924ee9d0fe55e4d1c400923a
968,grid_0968_n7_north_west_south_middle_h0_staggered_t12,954573caed1f433728c7f8b03548d5028ceccb613f746f093d9c78af2b886bfc,a3033f960715e0aa68c7b7547c84eb5489d5dee7d226e1b31dc229b1f25b2b39,a3033f960715e0aa68c7b7547c84eb5489d5dee7d226e1b31dc229b1f25b2b39,a3033f960715e0aa68c7b7547c84eb5489d5dee7d226e1b31dc229b1f25b2b39,a3033f960715e0aa68c7b7547c84eb5489d5dee7d226e1b31dc229b1f25b2b39,4b329581bd90a739dd5d14c4daafe02b1d30c7ed924ee9d0fe55e4d1c400923a,4b329581bd90a739dd5d14c4daafe02b1d30c7ed924ee9d0fe55e4d1c400923a
969,grid_0969_n7_north_west_south_middle_h0_staggered_t14,81cb983f72ed120d604061318e80030cea47f82b5b75f034e23ae38814a26e70,6d5a3dd740c54ecdd4dffbd70d467f447d44818f399c38178fed6a3759586324,6d5a3dd740c54ecdd4dffbd70d467f447d44818f399c38178fed6a3759586324,6d5a3dd740c54ecdd4dffbd70d467f447d44818f399c38178fed6a3759586324,6d5a3dd740c54ecdd4dffbd70d467f447d44818f399c38178fed6a3759586324,4b329581bd90a739dd5d14c4daafe02b1d30c7ed924ee9d0fe55e4d1c400923a,4b329581bd90a739dd5d14c4daafe02b1d30c7ed924ee9d0fe55e4d1c400923a
970,grid_0970_n7_north_west_south_middle_h0_staggered_t16,37a365e39fc32eb6ac13ba9a5c26d2a931439b08f97369783f82290280df99bc,ab9fd37dfddefaa9001e778e6ec0c50ee49495a9bd75af09d6601d435c2e8e17,ab9fd37dfddefaa9001e778e6ec0c50ee49495a9bd75af09d6601d435c2e8e17,ab9fd37dfddefaa9001e778e6ec0c50ee49495a9bd75af09d6601d435c2e8e17,ab9fd37dfddefaa9001e778e6ec0c50ee49495a9bd75af09d6601d435c2e8e17,4b329581bd90a739dd5d14c4daafe02b1d30c7ed924ee9d0fe55e4d1c400923a,4b329581bd90a739dd5d14c4daafe02b1d30c7ed924ee9d0fe55e4d1c400923a
971,grid_0971_n7_north_west_south_middle_h0_staggered_t18,15cc287d7cefadf61a6c1e395335c6bd255f3b1f137841e640896a9c77e64d52,f91d98f38219ba0eba08ddcb0ab733db9dfb597bd660263c1fcdd3dbae96ca07,f91d98f38219ba0eba08ddcb0ab733db9dfb597bd660263c1fcdd3dbae96ca07,f91d98f38219ba0eba08ddcb0ab733db9dfb597bd660263c1fcdd3dbae96ca07,f91d98f38219ba0eba08ddcb0ab733db9dfb597bd660263c1fcdd3dbae96ca07,4b329581bd90a739dd5d14c4daafe02b1d30c7ed924ee9d0fe55e4d1c400923a,4b329581bd90a739dd5d14c4daafe02b1d30c7ed924ee9d0fe55e4d1c400923a
972,grid_0972_n7_north_west_south_middle_h1_open_t12,18d1e7b72b511e834a80d8473c05badf1f84ebe7a72e264b8d8fd5e9e5051ec2,24da5708ad2240af4214900cabadad9fe39c1ec787d880faa084fb3f9aab9a99,24da5708ad2240af4214900cabadad9fe39c1ec787d880faa084fb3f9aab9a99,24da5708ad2240af4214900cabadad9fe39c1ec787d880faa084fb3f9aab9a99,24da5708ad2240af4214900cabadad9fe39c1ec787d880faa084fb3f9aab9a99,4b329581bd90a739dd5d14c4daafe02b1d30c7ed924ee9d0fe55e4d1c400923a,4b329581bd90a739dd5d14c4daafe02b1d30c7ed924ee9d0fe55e4d1c400923a
973,grid_0973_n7_north_west_south_middle_h1_open_t14,82bd9b24e174bf4282a2e5c66010e6f891f6ace983211a10203528683df01763,ab31157c57e3b63782e5d90abc083a6f33beeb3c6f3d4a24f1c546dce3e3fb71,ab31157c57e3b63782e5d90abc083a6f33beeb3c6f3d4a24f1c546dce3e3fb71,ab31157c57e3b63782e5d90abc083a6f33beeb3c6f3d4a24f1c546dce3e3fb71,ab31157c57e3b63782e5d90abc083a6f33beeb3c6f3d4a24f1c546dce3e3fb71,4b329581bd90a739dd5d14c4daafe02b1d30c7ed924ee9d0fe55e4d1c400923a,4b329581bd90a739dd5d14c4daafe02b1d30c7ed924ee9d0fe55e4d1c400923a
974,grid_0974_n7_north_west_south_middle_h1_open_t16,3463315054ba5b2797783334300c83a06e014a1697e6eddc4e98c891e23fe555,639186f682549e88220cc37da4a045114e52dd15c4a7cad55eeeed2d7b13c1ad,639186f682549e88220cc37da4a045114e52dd15c4a7cad55eeeed2d7b13c1ad,639186f682549e88220cc37da4a045114e52dd15c4a7cad55eeeed2d7b13c1ad,639186f682549e88220cc37da4a045114e52dd15c4a7cad55eeeed2d7b13c1ad,4b329581bd90a739dd5d14c4daafe02b1d30c7ed924ee9d0fe55e4d1c400923a,4b329581bd90a739dd5d14c4daafe02b1d30c7ed924ee9d0fe55e4d1c400923a
975,grid_0975_n7_north_west_south_middle_h1_open_t18,f894740bbcdc665523e1e79efdcf42bef2feae98587fb5d8e3256577b3ae8da7,0d966f7e2047555327016b9a88d826af7033a169a4423a5b98c744a74b74b34c,0d966f7e2047555327016b9a88d826af7033a169a4423a5b98c744a74b74b34c,0d966f7e2047555327016b9a88d826af7033a169a4423a5b98c744a74b74b34c,0d966f7e2047555327016b9a88d826af7033a169a4423a5b98c744a74b74b34c,4b329581bd90a739dd5d14c4daafe02b1d30c7ed924ee9d0fe55e4d1c400923a,4b329581bd90a739dd5d14c4daafe02b1d30c7ed924ee9d0fe55e4d1c400923a
976,grid_0976_n7_north_west_south_middle_h1_gate_t12,e2711fcd3d65405cb7ff56fe3685821e31a920290c75d7913db79a3614e20d5a,ed72df519ca749f51fa1e7384a63783d84427dfdeece3c0302ecdccb356649f4,ed72df519ca749f51fa1e7384a63783d84427dfdeece3c0302ecdccb356649f4,ed72df519ca749f51fa1e7384a63783d84427dfdeece3c0302ecdccb356649f4,ed72df519ca749f51fa1e7384a63783d84427dfdeece3c0302ecdccb356649f4,0dc58cb7edcc5563213f11f22d4d42cabf67fd526c193a155e0e2128bfdc2709,0dc58cb7edcc5563213f11f22d4d42cabf67fd526c193a155e0e2128bfdc2709
977,grid_0977_n7_north_west_south_middle_h1_gate_t14,763c5ac6740c425b2057728c36544377e5e1ac4939a9dec6ade6ff005d9e93d9,d82df2c842777c27fa213b0886f40a63d85764d1fd0c83993597a335e28db9dd,d82df2c842777c27fa213b0886f40a63d85764d1fd0c83993597a335e28db9dd,d82df2c842777c27fa213b0886f40a63d85764d1fd0c83993597a335e28db9dd,d82df2c842777c27fa213b0886f40a63d85764d1fd0c83993597a335e28db9dd,0dc58cb7edcc5563213f11f22d4d42cabf67fd526c193a155e0e2128bfdc2709,0dc58cb7edcc5563213f11f22d4d42cabf67fd526c193a155e0e2128bfdc2709
978,grid_0978_n7_north_west_south_middle_h1_gate_t16,211101690895873643bd4d5b49ade7dbbd26106c6a5e755c8a77b71649137e3e,77956d1dda6aadeff6461c81b2d52fe83cfb3c3f4c7c88ebccb973287435439b,77956d1dda6aadeff6461c81b2d52fe83cfb3c3f4c7c88ebccb973287435439b,77956d1dda6aadeff6461c81b2d52fe83cfb3c3f4c7c88ebccb973287435439b,77956d1dda6aadeff6461c81b2d52fe83cfb3c3f4c7c88ebccb973287435439b,0dc58cb7edcc5563213f11f22d4d42cabf67fd526c193a155e0e2128bfdc2709,0dc58cb7edcc5563213f11f22d4d42cabf67fd526c193a155e0e2128bfdc2709
979,grid_0979_n7_north_west_south_middle_h1_gate_t18,a0c9f26dfd47a8f39022f453590df59ee074b2400ff588d6f2c3a2296d0900c1,8e124a909093119f84ce2e89135476f78da551d6ef0139e6448959c3356c9630,8e124a909093119f84ce2e89135476f78da551d6ef0139e6448959c3356c9630,8e124a909093119f84ce2e89135476f78da551d6ef0139e6448959c3356c9630,8e124a909093119f84ce2e89135476f78da551d6ef0139e6448959c3356c9630,0dc58cb7edcc5563213f11f22d4d42cabf67fd526c193a155e0e2128bfdc2709,0dc58cb7edcc5563213f11f22d4d42cabf67fd526c193a155e0e2128bfdc2709
980,grid_0980_n7_north_west_south_middle_h1_staggered_t12,6989e99b23a52cf3d320bf73b9beb79b3ae8b936c9f0f0c4c8c4687ad26b81ff,320b66d568ef39f96b467c02b125b2c0bc40161ec79051dd2b731073519a4c0d,320b66d568ef39f96b467c02b125b2c0bc40161ec79051dd2b731073519a4c0d,320b66d568ef39f96b467c02b125b2c0bc40161ec79051dd2b731073519a4c0d,320b66d568ef39f96b467c02b125b2c0bc40161ec79051dd2b731073519a4c0d,4b329581bd90a739dd5d14c4daafe02b1d30c7ed924ee9d0fe55e4d1c400923a,4b329581bd90a739dd5d14c4daafe02b1d30c7ed924ee9d0fe55e4d1c400923a
981,grid_0981_n7_north_west_south_middle_h1_staggered_t14,75445685b8b82c222ae69e63932cf267782aadd3c6034f9907c9c0aef8c3ebb1,7ba2f1db7c83e382864eec1a226e1b16e416997fec310e59c8c9a779f272dbf4,7ba2f1db7c83e382864eec1a226e1b16e416997fec310e59c8c9a779f272dbf4,7ba2f1db7c83e382864eec1a226e1b16e416997fec310e59c8c9a779f272dbf4,7ba2f1db7c83e382864eec1a226e1b16e416997fec310e59c8c9a779f272dbf4,4b329581bd90a739dd5d14c4daafe02b1d30c7ed924ee9d0fe55e4d1c400923a,4b329581bd90a739dd5d14c4daafe02b1d30c7ed924ee9d0fe55e4d1c400923a
982,grid_0982_n7_north_west_south_middle_h1_staggered_t16,cadb47c863e0e706958728adb8db37435727d1847025eb4dfed5e63395207a1e,3a42582dde245cbde770239a16734bc235f1aba81b0372be6ce7e29fbe740f5d,3a42582dde245cbde770239a16734bc235f1aba81b0372be6ce7e29fbe740f5d,3a42582dde245cbde770239a16734bc235f1aba81b0372be6ce7e29fbe740f5d,3a42582dde245cbde770239a16734bc235f1aba81b0372be6ce7e29fbe740f5d,4b329581bd90a739dd5d14c4daafe02b1d30c7ed924ee9d0fe55e4d1c400923a,4b329581bd90a739dd5d14c4daafe02b1d30c7ed924ee9d0fe55e4d1c400923a
983,grid_0983_n7_north_west_south_middle_h1_staggered_t18,835b632ace2a77163f07f06898a87831e9446c44c03cc466216d8b4b5af2c651,ef2768b73b33af931a29df8c607507317a8f08db800fba62b4002f7e337eefd6,ef2768b73b33af931a29df8c607507317a8f08db800fba62b4002f7e337eefd6,ef2768b73b33af931a29df8c607507317a8f08db800fba62b4002f7e337eefd6,ef2768b73b33af931a29df8c607507317a8f08db800fba62b4002f7e337eefd6,4b329581bd90a739dd5d14c4daafe02b1d30c7ed924ee9d0fe55e4d1c400923a,4b329581bd90a739dd5d14c4daafe02b1d30c7ed924ee9d0fe55e4d1c400923a
984,grid_0984_n7_north_west_south_middle_h2_open_t12,943a7c93d3f7ad1ea4b13b3b51631249cc2f40bf6666d46c3beb0648c1e0bee5,3fcd8c217bd1bcdfbac23805e360fa510e647e080f2a1951141f14ce022e505c,3fcd8c217bd1bcdfbac23805e360fa510e647e080f2a1951141f14ce022e505c,3fcd8c217bd1bcdfbac23805e360fa510e647e080f2a1951141f14ce022e505c,3fcd8c217bd1bcdfbac23805e360fa510e647e080f2a1951141f14ce022e505c,4b329581bd90a739dd5d14c4daafe02b1d30c7ed924ee9d0fe55e4d1c400923a,4b329581bd90a739dd5d14c4daafe02b1d30c7ed924ee9d0fe55e4d1c400923a
985,grid_0985_n7_north_west_south_middle_h2_open_t14,7963b8605505b04c36b2ecea2ad640ed6ec26d7e60ceb3f33af4e5490730f730,f1dfba3b129bd260b1b4be64dbbcb3faf6a2925226495e846b696987c1cf9692,f1dfba3b129bd260b1b4be64dbbcb3faf6a2925226495e846b696987c1cf9692,f1dfba3b129bd260b1b4be64dbbcb3faf6a2925226495e846b696987c1cf9692,f1dfba3b129bd260b1b4be64dbbcb3faf6a2925226495e846b696987c1cf9692,4b329581bd90a739dd5d14c4daafe02b1d30c7ed924ee9d0fe55e4d1c400923a,4b329581bd90a739dd5d14c4daafe02b1d30c7ed924ee9d0fe55e4d1c400923a
986,grid_0986_n7_north_west_south_middle_h2_open_t16,c4a24f338f77661762c069c2235a2cc39dbbf0812e69720523b361b028e0e275,7898d246de0138f376a385ca00ebadf3b4a435f6356677b9946fc9cd93dafbc3,7898d246de0138f376a385ca00ebadf3b4a435f6356677b9946fc9cd93dafbc3,7898d246de0138f376a385ca00ebadf3b4a435f6356677b9946fc9cd93dafbc3,7898d246de0138f376a385ca00ebadf3b4a435f6356677b9946fc9cd93dafbc3,4b329581bd90a739dd5d14c4daafe02b1d30c7ed924ee9d0fe55e4d1c400923a,4b329581bd90a739dd5d14c4daafe02b1d30c7ed924ee9d0fe55e4d1c400923a
987,grid_0987_n7_north_west_south_middle_h2_open_t18,1b5327ac44684424cf6429a434c4c3676bc358bac01984eb2595041862a30f3b,c080f7cedc59a40460ccb3140ff059d4a8399805fbd9b31a2bfa220f2743ceaa,c080f7cedc59a40460ccb3140ff059d4a8399805fbd9b31a2bfa220f2743ceaa,c080f7cedc59a40460ccb3140ff059d4a8399805fbd9b31a2bfa220f2743ceaa,c080f7cedc59a40460ccb3140ff059d4a8399805fbd9b31a2bfa220f2743ceaa,4b329581bd90a739dd5d14c4daafe02b1d30c7ed924ee9d0fe55e4d1c400923a,4b329581bd90a739dd5d14c4daafe02b1d30c7ed924ee9d0fe55e4d1c400923a
988,grid_0988_n7_north_west_south_middle_h2_gate_t12,6cce4497df2e07230f7c062d6c4a55cbaaeb06e0aaa82dd1931527f625d30235,850d522993dd25f93e167257611ddbb064e8dc9d1a96930684cf8c4c866675e1,850d522993dd25f93e167257611ddbb064e8dc9d1a96930684cf8c4c866675e1,850d522993dd25f93e167257611ddbb064e8dc9d1a96930684cf8c4c866675e1,850d522993dd25f93e167257611ddbb064e8dc9d1a96930684cf8c4c866675e1,4b329581bd90a739dd5d14c4daafe02b1d30c7ed924ee9d0fe55e4d1c400923a,4b329581bd90a739dd5d14c4daafe02b1d30c7ed924ee9d0fe55e4d1c400923a
989,grid_0989_n7_north_west_south_middle_h2_gate_t14,af1de537ffeaf830a9946fcd7524d101ec3045dfcca8870aa7f7ac8dbd415715,3ef4b967cc0d0f139c5a74c918d6e06428d5cb9963eda555a57937c77a7ea1a8,3ef4b967cc0d0f139c5a74c918d6e06428d5cb9963eda555a57937c77a7ea1a8,3ef4b967cc0d0f139c5a74c918d6e06428d5cb9963eda555a57937c77a7ea1a8,3ef4b967cc0d0f139c5a74c918d6e06428d5cb9963eda555a57937c77a7ea1a8,4b329581bd90a739dd5d14c4daafe02b1d30c7ed924ee9d0fe55e4d1c400923a,4b329581bd90a739dd5d14c4daafe02b1d30c7ed924ee9d0fe55e4d1c400923a
990,grid_0990_n7_north_west_south_middle_h2_gate_t16,320fb08fd6f6171a60db10da93767cdb64ba62fd2b6a82c4fd216c7b201db15a,975de045bc38488be52770f9b493fae9772fc5b30d5ea3a227aca66c5c073483,975de045bc38488be52770f9b493fae9772fc5b30d5ea3a227aca66c5c073483,975de045bc38488be52770f9b493fae9772fc5b30d5ea3a227aca66c5c073483,975de045bc38488be52770f9b493fae9772fc5b30d5ea3a227aca66c5c073483,4b329581bd90a739dd5d14c4daafe02b1d30c7ed924ee9d0fe55e4d1c400923a,4b329581bd90a739dd5d14c4daafe02b1d30c7ed924ee9d0fe55e4d1c400923a
991,grid_0991_n7_north_west_south_middle_h2_gate_t18,26a0465fcfe71bcd2dfaa0e75404898600213b53703c852d35f96cf39c790f65,715a815f182dfd00dc7a03fafb12ead17456a3e8b8d215125db83c56b0a0ae63,715a815f182dfd00dc7a03fafb12ead17456a3e8b8d215125db83c56b0a0ae63,715a815f182dfd00dc7a03fafb12ead17456a3e8b8d215125db83c56b0a0ae63,715a815f182dfd00dc7a03fafb12ead17456a3e8b8d215125db83c56b0a0ae63,4b329581bd90a739dd5d14c4daafe02b1d30c7ed924ee9d0fe55e4d1c400923a,4b329581bd90a739dd5d14c4daafe02b1d30c7ed924ee9d0fe55e4d1c400923a
992,grid_0992_n7_north_west_south_middle_h2_staggered_t12,1c75b93d3a12b4dc0825ef6e7fd5a989753506fce3bdf2d76785d2786bfdd073,1d57f397fa0f3e1a0fb8630b00af4c43851cb9006d31cc38eedc0d6f685644ad,1d57f397fa0f3e1a0fb8630b00af4c43851cb9006d31cc38eedc0d6f685644ad,1d57f397fa0f3e1a0fb8630b00af4c43851cb9006d31cc38eedc0d6f685644ad,1d57f397fa0f3e1a0fb8630b00af4c43851cb9006d31cc38eedc0d6f685644ad,4b329581bd90a739dd5d14c4daafe02b1d30c7ed924ee9d0fe55e4d1c400923a,4b329581bd90a739dd5d14c4daafe02b1d30c7ed924ee9d0fe55e4d1c400923a
993,grid_0993_n7_north_west_south_middle_h2_staggered_t14,6e6cb23f43de4b266fce64e6b39beec1c4655758eb15c80f3465a7b64a7d124c,a47cdcf25bd42f96ec16a18415442442a50d7b22304ba37785d9181c617821cc,a47cdcf25bd42f96ec16a18415442442a50d7b22304ba37785d9181c617821cc,a47cdcf25bd42f96ec16a18415442442a50d7b22304ba37785d9181c617821cc,a47cdcf25bd42f96ec16a18415442442a50d7b22304ba37785d9181c617821cc,4b329581bd90a739dd5d14c4daafe02b1d30c7ed924ee9d0fe55e4d1c400923a,4b329581bd90a739dd5d14c4daafe02b1d30c7ed924ee9d0fe55e4d1c400923a
994,grid_0994_n7_north_west_south_middle_h2_staggered_t16,d7e1c8d84eb9171706d2a99f404e3abaf6c362a53d9ae90abcf5595d4a5f0735,2f706863eb8e96ffbf5035fc1c6f120195ce46adf885012e0e0129687969750e,2f706863eb8e96ffbf5035fc1c6f120195ce46adf885012e0e0129687969750e,2f706863eb8e96ffbf5035fc1c6f120195ce46adf885012e0e0129687969750e,2f706863eb8e96ffbf5035fc1c6f120195ce46adf885012e0e0129687969750e,4b329581bd90a739dd5d14c4daafe02b1d30c7ed924ee9d0fe55e4d1c400923a,4b329581bd90a739dd5d14c4daafe02b1d30c7ed924ee9d0fe55e4d1c400923a
995,grid_0995_n7_north_west_south_middle_h2_staggered_t18,ade6c21382f09547c589cf41126ab80bc5de53ce4e2b0b6d7b01a3293cdde3b6,304ee0172b3b0923b9a5c5a833a7eb9e1ba0ea736d57cf458dec3bf6bc4b34d0,304ee0172b3b0923b9a5c5a833a7eb9e1ba0ea736d57cf458dec3bf6bc4b34d0,304ee0172b3b0923b9a5c5a833a7eb9e1ba0ea736d57cf458dec3bf6bc4b34d0,304ee0172b3b0923b9a5c5a833a7eb9e1ba0ea736d57cf458dec3bf6bc4b34d0,4b329581bd90a739dd5d14c4daafe02b1d30c7ed924ee9d0fe55e4d1c400923a,4b329581bd90a739dd5d14c4daafe02b1d30c7ed924ee9d0fe55e4d1c400923a
996,grid_0996_n7_north_west_south_middle_h3_open_t12,49ee427c1de5fe889c0847bc6634b40c5b5afa9a5eb7c50d7510d90de7a18e02,3102219ec10640e0d52e8bfa0687ee25c98bfdce6ad9cb4610c8c01ea4e3fbd9,3102219ec10640e0d52e8bfa0687ee25c98bfdce6ad9cb4610c8c01ea4e3fbd9,3102219ec10640e0d52e8bfa0687ee25c98bfdce6ad9cb4610c8c01ea4e3fbd9,3102219ec10640e0d52e8bfa0687ee25c98bfdce6ad9cb4610c8c01ea4e3fbd9,4b329581bd90a739dd5d14c4daafe02b1d30c7ed924ee9d0fe55e4d1c400923a,4b329581bd90a739dd5d14c4daafe02b1d30c7ed924ee9d0fe55e4d1c400923a
997,grid_0997_n7_north_west_south_middle_h3_open_t14,e3094e545561334115663b7c1164ed667182b6b5a2c592845b27842ce6b0c0d5,40b67a07f9a0a8b52b5f0c2859c73d8dc490b71d9d5c00ef43f34d285e7f73ee,40b67a07f9a0a8b52b5f0c2859c73d8dc490b71d9d5c00ef43f34d285e7f73ee,40b67a07f9a0a8b52b5f0c2859c73d8dc490b71d9d5c00ef43f34d285e7f73ee,40b67a07f9a0a8b52b5f0c2859c73d8dc490b71d9d5c00ef43f34d285e7f73ee,4b329581bd90a739dd5d14c4daafe02b1d30c7ed924ee9d0fe55e4d1c400923a,4b329581bd90a739dd5d14c4daafe02b1d30c7ed924ee9d0fe55e4d1c400923a
998,grid_0998_n7_north_west_south_middle_h3_open_t16,685f2aa59402bd342b269f790cb040bdc13a5da3395632a875cae3cf6f07cc06,6fd785c3b5d8c120bcd59d1e591400195a1f13dd10081fe594ec9c6fdf733310,6fd785c3b5d8c120bcd59d1e591400195a1f13dd10081fe594ec9c6fdf733310,6fd785c3b5d8c120bcd59d1e591400195a1f13dd10081fe594ec9c6fdf733310,6fd785c3b5d8c120bcd59d1e591400195a1f13dd10081fe594ec9c6fdf733310,4b329581bd90a739dd5d14c4daafe02b1d30c7ed924ee9d0fe55e4d1c400923a,4b329581bd90a739dd5d14c4daafe02b1d30c7ed924ee9d0fe55e4d1c400923a
999,grid_0999_n7_north_west_south_middle_h3_open_t18,a75451effe5d89622ad2574014516c7a193262d3e046f55da1791f7574ff0e68,95ee72908ed77b53b1aea6fc341ff09289b60cd9e0d35e47a4245538dd12814e,95ee72908ed77b53b1aea6fc341ff09289b60cd9e0d35e47a4245538dd12814e,95ee72908ed77b53b1aea6fc341ff09289b60cd9e0d35e47a4245538dd12814e,95ee72908ed77b53b1aea6fc341ff09289b60cd9e0d35e47a4245538dd12814e,4b329581bd90a739dd5d14c4daafe02b1d30c7ed924ee9d0fe55e4d1c400923a,4b329581bd90a739dd5d14c4daafe02b1d30c7ed924ee9d0fe55e4d1c400923a
1000,grid_1000_n7_north_west_south_middle_h3_gate_t12,521dccacb8e9a9e4a4f22f6760df44a47398044afa14b30f4888bc5ddad39e29,559bce9528ea8327deb1a3b92a9dacb65f5fffe2f0dcc93de9782f8a717e763d,559bce9528ea8327deb1a3b92a9dacb65f5fffe2f0dcc93de9782f8a717e763d,559bce9528ea8327deb1a3b92a9dacb65f5fffe2f0dcc93de9782f8a717e763d,559bce9528ea8327deb1a3b92a9dacb65f5fffe2f0dcc93de9782f8a717e763d,4b329581bd90a739dd5d14c4daafe02b1d30c7ed924ee9d0fe55e4d1c400923a,4b329581bd90a739dd5d14c4daafe02b1d30c7ed924ee9d0fe55e4d1c400923a
1001,grid_1001_n7_north_west_south_middle_h3_gate_t14,578832b7222fb2795f533ff66c05c565c70ad7c6659a57487dfe217f9d48e1c3,aa9f4bec73bad4b352183d3b692797355ff7f1af4b98e4e17bf5175936f70133,aa9f4bec73bad4b352183d3b692797355ff7f1af4b98e4e17bf5175936f70133,aa9f4bec73bad4b352183d3b692797355ff7f1af4b98e4e17bf5175936f70133,aa9f4bec73bad4b352183d3b692797355ff7f1af4b98e4e17bf5175936f70133,4b329581bd90a739dd5d14c4daafe02b1d30c7ed924ee9d0fe55e4d1c400923a,4b329581bd90a739dd5d14c4daafe02b1d30c7ed924ee9d0fe55e4d1c400923a
1002,grid_1002_n7_north_west_south_middle_h3_gate_t16,e1efe48f79bff97a0be0e4e5c6ad76fd8004ee73458e40363ee733359e2e7bd8,69221da18adc7b54aa5a9c0a1f767c806a099759ebd51e0ef4c7eb61ed7a4a00,69221da18adc7b54aa5a9c0a1f767c806a099759ebd51e0ef4c7eb61ed7a4a00,69221da18adc7b54aa5a9c0a1f767c806a099759ebd51e0ef4c7eb61ed7a4a00,69221da18adc7b54aa5a9c0a1f767c806a099759ebd51e0ef4c7eb61ed7a4a00,4b329581bd90a739dd5d14c4daafe02b1d30c7ed924ee9d0fe55e4d1c400923a,4b329581bd90a739dd5d14c4daafe02b1d30c7ed924ee9d0fe55e4d1c400923a
1003,grid_1003_n7_north_west_south_middle_h3_gate_t18,ff6dbf4d48f6543618f9e073ca2171d35052fa2db2251c84a53039adfd3c4bdb,5a1f9ad7465e8d85cd86ec67cd485a8a49fcd0c27e588ccb4d6deb523cc33155,5a1f9ad7465e8d85cd86ec67cd485a8a49fcd0c27e588ccb4d6deb523cc33155,5a1f9ad7465e8d85cd86ec67cd485a8a49fcd0c27e588ccb4d6deb523cc33155,5a1f9ad7465e8d85cd86ec67cd485a8a49fcd0c27e588ccb4d6deb523cc33155,4b329581bd90a739dd5d14c4daafe02b1d30c7ed924ee9d0fe55e4d1c400923a,4b329581bd90a739dd5d14c4daafe02b1d30c7ed924ee9d0fe55e4d1c400923a
1004,grid_1004_n7_north_west_south_middle_h3_staggered_t12,c49f03402e254699b08b4cf355c3be2703f82706c959ff45c776270e455da890,803f4c8ea4676e4241be330ec82aca3b6b0ef7b67e3012b2a2632da72eddc4f2,803f4c8ea4676e4241be330ec82aca3b6b0ef7b67e3012b2a2632da72eddc4f2,803f4c8ea4676e4241be330ec82aca3b6b0ef7b67e3012b2a2632da72eddc4f2,803f4c8ea4676e4241be330ec82aca3b6b0ef7b67e3012b2a2632da72eddc4f2,4b329581bd90a739dd5d14c4daafe02b1d30c7ed924ee9d0fe55e4d1c400923a,4b329581bd90a739dd5d14c4daafe02b1d30c7ed924ee9d0fe55e4d1c400923a
1005,grid_1005_n7_north_west_south_middle_h3_staggered_t14,50b4458eab376e8442c1e8d002390716b8dee6bdc96997b7fae816566dea4410,a6ca32dcdad0a5046bd5c0a4e4ebdf30b44c8b2f75b6bdb831559647e69dc942,a6ca32dcdad0a5046bd5c0a4e4ebdf30b44c8b2f75b6bdb831559647e69dc942,a6ca32dcdad0a5046bd5c0a4e4ebdf30b44c8b2f75b6bdb831559647e69dc942,a6ca32dcdad0a5046bd5c0a4e4ebdf30b44c8b2f75b6bdb831559647e69dc942,4b329581bd90a739dd5d14c4daafe02b1d30c7ed924ee9d0fe55e4d1c400923a,4b329581bd90a739dd5d14c4daafe02b1d30c7ed924ee9d0fe55e4d1c400923a
1006,grid_1006_n7_north_west_south_middle_h3_staggered_t16,f49829a23efaca25d1aa826437935079380613380be164e55d8f9eb272479048,fa7d1015a9a256f8185ddf95a73aec01bc29132e73011bd16f54aba8569bf0bf,fa7d1015a9a256f8185ddf95a73aec01bc29132e73011bd16f54aba8569bf0bf,fa7d1015a9a256f8185ddf95a73aec01bc29132e73011bd16f54aba8569bf0bf,fa7d1015a9a256f8185ddf95a73aec01bc29132e73011bd16f54aba8569bf0bf,4b329581bd90a739dd5d14c4daafe02b1d30c7ed924ee9d0fe55e4d1c400923a,4b329581bd90a739dd5d14c4daafe02b1d30c7ed924ee9d0fe55e4d1c400923a
1007,grid_1007_n7_north_west_south_middle_h3_staggered_t18,5c982f0eddd5755c84dcd7a418e5cbde7bdc25ee0f0377227a57bc7fa35422de,5a49e1653ce64454f152863b2300a4316f55877c0e2c21921610b4c61d4f2bec,5a49e1653ce64454f152863b2300a4316f55877c0e2c21921610b4c61d4f2bec,5a49e1653ce64454f152863b2300a4316f55877c0e2c21921610b4c61d4f2bec,5a49e1653ce64454f152863b2300a4316f55877c0e2c21921610b4c61d4f2bec,4b329581bd90a739dd5d14c4daafe02b1d30c7ed924ee9d0fe55e4d1c400923a,4b329581bd90a739dd5d14c4daafe02b1d30c7ed924ee9d0fe55e4d1c400923a
1008,grid_1008_n7_north_east_south_east_h0_open_t12,6848c85f16ff3b386177af9eb4d0a038b73e1fc7df14d68d901c5ed6e077bf1c,528a4dd1b121cd1718384a4ddf16e907b847e0eed04385fcac30a9b445a95521,528a4dd1b121cd1718384a4ddf16e907b847e0eed04385fcac30a9b445a95521,528a4dd1b121cd1718384a4ddf16e907b847e0eed04385fcac30a9b445a95521,528a4dd1b121cd1718384a4ddf16e907b847e0eed04385fcac30a9b445a95521,f9d79e6468469876b60f10a9d24996784e1ab96419d39fd64bfe913ee38fa797,f9d79e6468469876b60f10a9d24996784e1ab96419d39fd64bfe913ee38fa797
1009,grid_1009_n7_north_east_south_east_h0_open_t14,d4d601caa8013bb8825114688c773ac3bb7af66a6b049ded1eda5217680265c8,198cdd3abf2a47503af850a460f806c8db42ac75aa89795a5e28b04fb80415ce,198cdd3abf2a47503af850a460f806c8db42ac75aa89795a5e28b04fb80415ce,198cdd3abf2a47503af850a460f806c8db42ac75aa89795a5e28b04fb80415ce,198cdd3abf2a47503af850a460f806c8db42ac75aa89795a5e28b04fb80415ce,f9d79e6468469876b60f10a9d24996784e1ab96419d39fd64bfe913ee38fa797,f9d79e6468469876b60f10a9d24996784e1ab96419d39fd64bfe913ee38fa797
1010,grid_1010_n7_north_east_south_east_h0_open_t16,471e945854f058221f6a6b19f49256494497e551685d9adbc7c32d9a48e27894,61c4670b79b453c7de456b8e09d926f550ee17d71e9186b5c4de475854dfd145,61c4670b79b453c7de456b8e09d926f550ee17d71e9186b5c4de475854dfd145,61c4670b79b453c7de456b8e09d926f550ee17d71e9186b5c4de475854dfd145,61c4670b79b453c7de456b8e09d926f550ee17d71e9186b5c4de475854dfd145,f9d79e6468469876b60f10a9d24996784e1ab96419d39fd64bfe913ee38fa797,f9d79e6468469876b60f10a9d24996784e1ab96419d39fd64bfe913ee38fa797
1011,grid_1011_n7_north_east_south_east_h0_open_t18,1b47d034f82ff62b371c0d294742e00354042a84834aaca3da8bcf4668454cd7,93151e55ac7464c6a75807709b810826873fd5f4665fd34e3359873f7ea3e5c0,93151e55ac7464c6a75807709b810826873fd5f4665fd34e3359873f7ea3e5c0,93151e55ac7464c6a75807709b810826873fd5f4665fd34e3359873f7ea3e5c0,93151e55ac7464c6a75807709b810826873fd5f4665fd34e3359873f7ea3e5c0,f9d79e6468469876b60f10a9d24996784e1ab96419d39fd64bfe913ee38fa797,f9d79e6468469876b60f10a9d24996784e1ab96419d39fd64bfe913ee38fa797
1012,grid_1012_n7_north_east_south_east_h0_gate_t12,57af84e150a4bff4aaf557f3afa659d39264e9a4be6572a27ee331af1fed5f46,528a4dd1b121cd1718384a4ddf16e907b847e0eed04385fcac30a9b445a95521,528a4dd1b121cd1718384a4ddf16e907b847e0eed04385fcac30a9b445a95521,528a4dd1b121cd1718384a4ddf16e907b847e0eed04385fcac30a9b445a95521,528a4dd1b121cd1718384a4ddf16e907b847e0eed04385fcac30a9b445a95521,f9d79e6468469876b60f10a9d24996784e1ab96419d39fd64bfe913ee38fa797,f9d79e6468469876b60f10a9d24996784e1ab96419d39fd64bfe913ee38fa797
1013,grid_1013_n7_north_east_south_east_h0_gate_t14,02b4ba9ef590082c7aa741931300e47bf02c127c8dd8bc16198d92d544676435,198cdd3abf2a47503af850a460f806c8db42ac75aa89795a5e28b04fb80415ce,198cdd3abf2a47503af850a460f806c8db42ac75aa89795a5e28b04fb80415ce,198cdd3abf2a47503af850a460f806c8db42ac75aa89795a5e28b04fb80415ce,198cdd3abf2a47503af850a460f806c8db42ac75aa89795a5e28b04fb80415ce,f9d79e6468469876b60f10a9d24996784e1ab96419d39fd64bfe913ee38fa797,f9d79e6468469876b60f10a9d24996784e1ab96419d39fd64bfe913ee38fa797
1014,grid_1014_n7_north_east_south_east_h0_gate_t16,89fab6d443c9ebd8369cf553cc9d15c95b0a68e5ac22d95e2f7f53a32a3ca600,61c4670b79b453c7de456b8e09d926f550ee17d71e9186b5c4de475854dfd145,61c4670b79b453c7de456b8e09d926f550ee17d71e9186b5c4de475854dfd145,61c4670b79b453c7de456b8e09d926f550ee17d71e9186b5c4de475854dfd145,61c4670b79b453c7de456b8e09d926f550ee17d71e9186b5c4de475854dfd145,f9d79e6468469876b60f10a9d24996784e1ab96419d39fd64bfe913ee38fa797,f9d79e6468469876b60f10a9d24996784e1ab96419d39fd64bfe913ee38fa797
1015,grid_1015_n7_north_east_south_east_h0_gate_t18,f54c62638c3ddd2401c78da84ef5cd22dda28a354580d870db47fa9532091125,93151e55ac7464c6a75807709b810826873fd5f4665fd34e3359873f7ea3e5c0,93151e55ac7464c6a75807709b810826873fd5f4665fd34e3359873f7ea3e5c0,93151e55ac7464c6a75807709b810826873fd5f4665fd34e3359873f7ea3e5c0,93151e55ac7464c6a75807709b810826873fd5f4665fd34e3359873f7ea3e5c0,f9d79e6468469876b60f10a9d24996784e1ab96419d39fd64bfe913ee38fa797,f9d79e6468469876b60f10a9d24996784e1ab96419d39fd64bfe913ee38fa797
1016,grid_1016_n7_north_east_south_east_h0_staggered_t12,58fa81bfbd7c700b94b0f0c6fc450d522cc94b20535aba89edcd19f855176365,ed540dd4e463910c042560bb2a7ba9e1941c45e6d0ac4fffe42988c8f3539beb,ed540dd4e463910c042560bb2a7ba9e1941c45e6d0ac4fffe42988c8f3539beb,ed540dd4e463910c042560bb2a7ba9e1941c45e6d0ac4fffe42988c8f3539beb,ed540dd4e463910c042560bb2a7ba9e1941c45e6d0ac4fffe42988c8f3539beb,f9d79e6468469876b60f10a9d24996784e1ab96419d39fd64bfe913ee38fa797,f9d79e6468469876b60f10a9d24996784e1ab96419d39fd64bfe913ee38fa797
1017,grid_1017_n7_north_east_south_east_h0_staggered_t14,d677134d70df6a9a5fc8ce2c82bfa3f1c043f0e6a6dba9b81507ec2dfc632a32,a8af7305c6abd620c6419e16d315979f953048201029a4e8d05fe42f76cf291e,a8af7305c6abd620c6419e16d315979f953048201029a4e8d05fe42f76cf291e,a8af7305c6abd620c6419e16d315979f953048201029a4e8d05fe42f76cf291e,a8af7305c6abd620c6419e16d315979f953048201029a4e8d05fe42f76cf291e,f9d79e6468469876b60f10a9d24996784e1ab96419d39fd64bfe913ee38fa797,f9d79e6468469876b60f10a9d24996784e1ab96419d39fd64bfe913ee38fa797
1018,grid_1018_n7_north_east_south_east_h0_staggered_t16,9580696044fb02e8f34be84e962cae0a4c16c6398a5cba6b0f62e25b88da8ebc,9dd879e4fc3720954ed45a499afdc8c23e627bd409be635fbb620b75c0acdafd,9dd879e4fc3720954ed45a499afdc8c23e627bd409be635fbb620b75c0acdafd,9dd879e4fc3720954ed45a499afdc8c23e627bd409be635fbb620b75c0acdafd,9dd879e4fc3720954ed45a499afdc8c23e627bd409be635fbb620b75c0acdafd,f9d79e6468469876b60f10a9d24996784e1ab96419d39fd64bfe913ee38fa797,f9d79e6468469876b60f10a9d24996784e1ab96419d39fd64bfe913ee38fa797
1019,grid_1019_n7_north_east_south_east_h0_staggered_t18,72c21989e90bcb56eb9d88ec8104c4badd1b01775cdf96aa378f70c2f321df5a,fb696fd88fd65ba424217b5eda39e4ef0150a34955ccfba4bdd15a5782f2aa9c,fb696fd88fd65ba424217b5eda39e4ef0150a34955ccfba4bdd15a5782f2aa9c,fb696fd88fd65ba424217b5eda39e4ef0150a34955ccfba4bdd15a5782f2aa9c,fb696fd88fd65ba424217b5eda39e4ef0150a34955ccfba4bdd15a5782f2aa9c,f9d79e6468469876b60f10a9d24996784e1ab96419d39fd64bfe913ee38fa797,f9d79e6468469876b60f10a9d24996784e1ab96419d39fd64bfe913ee38fa797
1020,grid_1020_n7_north_east_south_east_h1_open_t12,2d3403bb43a166cd61c131ddd86970d92e67bd62c9b4718f79b96674c3c9422b,42caf385b416dff9f631a551b46ec9014f67a3f4e8051a76f8fb700afe255a5c,42caf385b416dff9f631a551b46ec9014f67a3f4e8051a76f8fb700afe255a5c,42caf385b416dff9f631a551b46ec9014f67a3f4e8051a76f8fb700afe255a5c,42caf385b416dff9f631a551b46ec9014f67a3f4e8051a76f8fb700afe255a5c,e8e3e1c1add7b4b2121d0d393385d8372ef7aeb6278d556acf3a3b66799400d3,e8e3e1c1add7b4b2121d0d393385d8372ef7aeb6278d556acf3a3b66799400d3
1021,grid_1021_n7_north_east_south_east_h1_open_t14,13e4d38f91d071e48ef9acf01cf30a58ad7d0fa2f97c9b7947e34e5a4faa18de,44f789ada060c3bd5525e5d85426f1a7baf46da83ae55a54e7ac710633278cd9,44f789ada060c3bd5525e5d85426f1a7baf46da83ae55a54e7ac710633278cd9,44f789ada060c3bd5525e5d85426f1a7baf46da83ae55a54e7ac710633278cd9,44f789ada060c3bd5525e5d85426f1a7baf46da83ae55a54e7ac710633278cd9,e8e3e1c1add7b4b2121d0d393385d8372ef7aeb6278d556acf3a3b66799400d3,e8e3e1c1add7b4b2121d0d393385d8372ef7aeb6278d556acf3a3b66799400d3
1022,grid_1022_n7_north_east_south_east_h1_open_t16,63b5d895a8076528deee4369a8417be03dad224890cfee3035dcbc52b3f57b9a,0e33a030fcdc6002ac1b3c0915b192674fc0a33d67d8b19999995e7f2b6bf54e,0e33a030fcdc6002ac1b3c0915b192674fc0a33d67d8b19999995e7f2b6bf54e,0e33a030fcdc6002ac1b3c0915b192674fc0a33d67d8b19999995e7f2b6bf54e,0e33a030fcdc6002ac1b3c0915b192674fc0a33d67d8b19999995e7f2b6bf54e,e8e3e1c1add7b4b2121d0d393385d8372ef7aeb6278d556acf3a3b66799400d3,e8e3e1c1add7b4b2121d0d393385d8372ef7aeb6278d556acf3a3b66799400d3
1023,grid_1023_n7_north_east_south_east_h1_open_t18,ff8929356901809d13aefafa0b227a388c332747ec18aa91252e6bdbf640a66b,6d55e3d1bb7b84a068f3d575cc9b60282a7d85f1d04138970502d4fd576b2550,6d55e3d1bb7b84a068f3d575cc9b60282a7d85f1d04138970502d4fd576b2550,6d55e3d1bb7b84a068f3d575cc9b60282a7d85f1d04138970502d4fd576b2550,6d55e3d1bb7b84a068f3d575cc9b60282a7d85f1d04138970502d4fd576b2550,e8e3e1c1add7b4b2121d0d393385d8372ef7aeb6278d556acf3a3b66799400d3,e8e3e1c1add7b4b2121d0d393385d8372ef7aeb6278d556acf3a3b66799400d3
1024,grid_1024_n7_north_east_south_east_h1_gate_t12,6d2e7511eb5f8b4a16d74024f4208b298ba600b97e07b8b481b3d9b846d44d75,42caf385b416dff9f631a551b46ec9014f67a3f4e8051a76f8fb700afe255a5c,42caf385b416dff9f631a551b46ec9014f67a3f4e8051a76f8fb700afe255a5c,42caf385b416dff9f631a551b46ec9014f67a3f4e8051a76f8fb700afe255a5c,42caf385b416dff9f631a551b46ec9014f67a3f4e8051a76f8fb700afe255a5c,e8e3e1c1add7b4b2121d0d393385d8372ef7aeb6278d556acf3a3b66799400d3,e8e3e1c1add7b4b2121d0d393385d8372ef7aeb6278d556acf3a3b66799400d3
1025,grid_1025_n7_north_east_south_east_h1_gate_t14,7a44ac97ea17ee05a51dffbe92de13ec732b91497ab3f039a2dd78c5366070ac,44f789ada060c3bd5525e5d85426f1a7baf46da83ae55a54e7ac710633278cd9,44f789ada060c3bd5525e5d85426f1a7baf46da83ae55a54e7ac710633278cd9,44f789ada060c3bd5525e5d85426f1a7baf46da83ae55a54e7ac710633278cd9,44f789ada060c3bd5525e5d85426f1a7baf46da83ae55a54e7ac710633278cd9,e8e3e1c1add7b4b2121d0d393385d8372ef7aeb6278d556acf3a3b66799400d3,e8e3e1c1add7b4b2121d0d393385d8372ef7aeb6278d556acf3a3b66799400d3
1026,grid_1026_n7_north_east_south_east_h1_gate_t16,396d6bcadca2c3a98b91cb20a404dd859e0ed037df9adb18a358e10a668f3476,0e33a030fcdc6002ac1b3c0915b192674fc0a33d67d8b19999995e7f2b6bf54e,0e33a030fcdc6002ac1b3c0915b192674fc0a33d67d8b19999995e7f2b6bf54e,0e33a030fcdc6002ac1b3c0915b192674fc0a33d67d8b19999995e7f2b6bf54e,0e33a030fcdc6002ac1b3c0915b192674fc0a33d67d8b19999995e7f2b6bf54e,e8e3e1c1add7b4b2121d0d393385d8372ef7aeb6278d556acf3a3b66799400d3,e8e3e1c1add7b4b2121d0d393385d8372ef7aeb6278d556acf3a3b66799400d3
1027,grid_1027_n7_north_east_south_east_h1_gate_t18,2607edd3d021dba09f770c908ce47b6ab24f188d6ab309fa4adc9633aab0d1b0,6d55e3d1bb7b84a068f3d575cc9b60282a7d85f1d04138970502d4fd576b2550,6d55e3d1bb7b84a068f3d575cc9b60282a7d85f1d04138970502d4fd576b2550,6d55e3d1bb7b84a068f3d575cc9b60282a7d85f1d04138970502d4fd576b2550,6d55e3d1bb7b84a068f3d575cc9b60282a7d85f1d04138970502d4fd576b2550,e8e3e1c1add7b4b2121d0d393385d8372ef7aeb6278d556acf3a3b66799400d3,e8e3e1c1add7b4b2121d0d393385d8372ef7aeb6278d556acf3a3b66799400d3
1028,grid_1028_n7_north_east_south_east_h1_staggered_t12,953444695cb8f457e67d58bc3ac1d076a1b19ec8fee2778332e7eb8a7f05dc39,9582b7c83e7127abba256be38de556064aa79780b50002de3d6031b3afcc920b,9582b7c83e7127abba256be38de556064aa79780b50002de3d6031b3afcc920b,9582b7c83e7127abba256be38de556064aa79780b50002de3d6031b3afcc920b,9582b7c83e7127abba256be38de556064aa79780b50002de3d6031b3afcc920b,e8e3e1c1add7b4b2121d0d393385d8372ef7aeb6278d556acf3a3b66799400d3,e8e3e1c1add7b4b2121d0d393385d8372ef7aeb6278d556acf3a3b66799400d3
1029,grid_1029_n7_north_east_south_east_h1_staggered_t14,ae8ac8af9ee075ba7fa7854fd7d2d21ba3424d5454d429a6121c5e077e6d0900,c073ad5227d88195c03795da6cff94dd38a8dcbad7baba7532e4c9def95f49a3,c073ad5227d88195c03795da6cff94dd38a8dcbad7baba7532e4c9def95f49a3,c073ad5227d88195c03795da6cff94dd38a8dcbad7baba7532e4c9def95f49a3,c073ad5227d88195c03795da6cff94dd38a8dcbad7baba7532e4c9def95f49a3,e8e3e1c1add7b4b2121d0d393385d8372ef7aeb6278d556acf3a3b66799400d3,e8e3e1c1add7b4b2121d0d393385d8372ef7aeb6278d556acf3a3b66799400d3
1030,grid_1030_n7_north_east_south_east_h1_staggered_t16,de91d3c9f2be0b735d01aad8569c0ba3043a21d0f17290b2298bb900915878b0,a6746b24d8f22e951b9d5f3725a5799d2ca1b8b19bd5b2b4732f28b3866f13ab,a6746b24d8f22e951b9d5f3725a5799d2ca1b8b19bd5b2b4732f28b3866f13ab,a6746b24d8f22e951b9d5f3725a5799d2ca1b8b19bd5b2b4732f28b3866f13ab,a6746b24d8f22e951b9d5f3725a5799d2ca1b8b19bd5b2b4732f28b3866f13ab,e8e3e1c1add7b4b2121d0d393385d8372ef7aeb6278d556acf3a3b66799400d3,e8e3e1c1add7b4b2121d0d393385d8372ef7aeb6278d556acf3a3b66799400d3
1031,grid_1031_n7_north_east_south_east_h1_staggered_t18,f10f3a8da0421b4e3678085b59c32384c2e10fd1a37f3622e13fadaf05021d0a,072697e8fd673e226de177f90707ad62bc273feefca90fa04132466cb0592b86,072697e8fd673e226de177f90707ad62bc273feefca90fa04132466cb0592b86,072697e8fd673e226de177f90707ad62bc273feefca90fa04132466cb0592b86,072697e8fd673e226de177f90707ad62bc273feefca90fa04132466cb0592b86,e8e3e1c1add7b4b2121d0d393385d8372ef7aeb6278d556acf3a3b66799400d3,e8e3e1c1add7b4b2121d0d393385d8372ef7aeb6278d556acf3a3b66799400d3
1032,grid_1032_n7_north_east_south_east_h2_open_t12,74ace44672219173aa166745fc6c1046ef16609b10a50244e243ce82ba3f89df,8be520f643fb9a2bad893f5eef326ac7c6f1c104aa095e01f6f61b1d30670064,8be520f643fb9a2bad893f5eef326ac7c6f1c104aa095e01f6f61b1d30670064,8be520f643fb9a2bad893f5eef326ac7c6f1c104aa095e01f6f61b1d30670064,8be520f643fb9a2bad893f5eef326ac7c6f1c104aa095e01f6f61b1d30670064,dc56bf3382b2ae16b1139a0867e248be0acb0059339b3dac39e2f25cc7908c43,dc56bf3382b2ae16b1139a0867e248be0acb0059339b3dac39e2f25cc7908c43
1033,grid_1033_n7_north_east_south_east_h2_open_t14,c80ad32fd51dba085473bda458d0ea337ca7877b8e0097aedb97b9601fe15a8a,8be520f643fb9a2bad893f5eef326ac7c6f1c104aa095e01f6f61b1d30670064,8be520f643fb9a2bad893f5eef326ac7c6f1c104aa095e01f6f61b1d30670064,8be520f643fb9a2bad893f5eef326ac7c6f1c104aa095e01f6f61b1d30670064,8be520f643fb9a2bad893f5eef326ac7c6f1c104aa095e01f6f61b1d30670064,dc56bf3382b2ae16b1139a0867e248be0acb0059339b3dac39e2f25cc7908c43,dc56bf3382b2ae16b1139a0867e248be0acb0059339b3dac39e2f25cc7908c43
1034,grid_1034_n7_north_east_south_east_h2_open_t16,7ebf5ce7956e1c872a7cca694549e83aab6e73e5d8ee5ff5b7231da95b46667f,8be520f643fb9a2bad893f5eef326ac7c6f1c104aa095e01f6f61b1d30670064,8be520f643fb9a2bad893f5eef326ac7c6f1c104aa095e01f6f61b1d30670064,8be520f643fb9a2bad893f5eef326ac7c6f1c104aa095e01f6f61b1d30670064,8be520f643fb9a2bad893f5eef326ac7c6f1c104aa095e01f6f61b1d30670064,dc56bf3382b2ae16b1139a0867e248be0acb0059339b3dac39e2f25cc7908c43,dc56bf3382b2ae16b1139a0867e248be0acb0059339b3dac39e2f25cc7908c43
1035,grid_1035_n7_north_east_south_east_h2_open_t18,2ee7e3df41718b94e77ba369b5aa4178609270defefad06e9239642569097187,8be520f643fb9a2bad893f5eef326ac7c6f1c104aa095e01f6f61b1d30670064,8be520f643fb9a2bad893f5eef326ac7c6f1c104aa095e01f6f61b1d30670064,8be520f643fb9a2bad893f5eef326ac7c6f1c104aa095e01f6f61b1d30670064,8be520f643fb9a2bad893f5eef326ac7c6f1c104aa095e01f6f61b1d30670064,dc56bf3382b2ae16b1139a0867e248be0acb0059339b3dac39e2f25cc7908c43,dc56bf3382b2ae16b1139a0867e248be0acb0059339b3dac39e2f25cc7908c43
1036,grid_1036_n7_north_east_south_east_h2_gate_t12,93fb0425313efa53a1ebfed0e266abf9fffc068d74bab3ca86aa77e64547998a,8be520f643fb9a2bad893f5eef326ac7c6f1c104aa095e01f6f61b1d30670064,8be520f643fb9a2bad893f5eef326ac7c6f1c104aa095e01f6f61b1d30670064,8be520f643fb9a2bad893f5eef326ac7c6f1c104aa095e01f6f61b1d30670064,8be520f643fb9a2bad893f5eef326ac7c6f1c104aa095e01f6f61b1d30670064,dc56bf3382b2ae16b1139a0867e248be0acb0059339b3dac39e2f25cc7908c43,dc56bf3382b2ae16b1139a0867e248be0acb0059339b3dac39e2f25cc7908c43
1037,grid_1037_n7_north_east_south_east_h2_gate_t14,033b23b21bc01b80911e386c3231550cc467da48a4b43830670b3adf2aec66c8,8be520f643fb9a2bad893f5eef326ac7c6f1c104aa095e01f6f61b1d30670064,8be520f643fb9a2bad893f5eef326ac7c6f1c104aa095e01f6f61b1d30670064,8be520f643fb9a2bad893f5eef326ac7c6f1c104aa095e01f6f61b1d30670064,8be520f643fb9a2bad893f5eef326ac7c6f1c104aa095e01f6f61b1d30670064,dc56bf3382b2ae16b1139a0867e248be0acb0059339b3dac39e2f25cc7908c43,dc56bf3382b2ae16b1139a0867e248be0acb0059339b3dac39e2f25cc7908c43
1038,grid_1038_n7_north_east_south_east_h2_gate_t16,21e6da2ca9b8a776de44047167af0dafcaa5363498ffb1be702c3ffd1db1357f,8be520f643fb9a2bad893f5eef326ac7c6f1c104aa095e01f6f61b1d30670064,8be520f643fb9a2bad893f5eef326ac7c6f1c104aa095e01f6f61b1d30670064,8be520f643fb9a2bad893f5eef326ac7c6f1c104aa095e01f6f61b1d30670064,8be520f643fb9a2bad893f5eef326ac7c6f1c104aa095e01f6f61b1d30670064,dc56bf3382b2ae16b1139a0867e248be0acb0059339b3dac39e2f25cc7908c43,dc56bf3382b2ae16b1139a0867e248be0acb0059339b3dac39e2f25cc7908c43
1039,grid_1039_n7_north_east_south_east_h2_gate_t18,1c7c8e4844030d50341e57701efccd0509cab93cb6c90cddd25bcf6579c8f295,8be520f643fb9a2bad893f5eef326ac7c6f1c104aa095e01f6f61b1d30670064,8be520f643fb9a2bad893f5eef326ac7c6f1c104aa095e01f6f61b1d30670064,8be520f643fb9a2bad893f5eef326ac7c6f1c104aa095e01f6f61b1d30670064,8be520f643fb9a2bad893f5eef326ac7c6f1c104aa095e01f6f61b1d30670064,dc56bf3382b2ae16b1139a0867e248be0acb0059339b3dac39e2f25cc7908c43,dc56bf3382b2ae16b1139a0867e248be0acb0059339b3dac39e2f25cc7908c43
1040,grid_1040_n7_north_east_south_east_h2_staggered_t12,ed72e71e25ab1cf24527f5056460a35ad867c184045102fd4bfe1b63cddcb8ca,8be520f643fb9a2bad893f5eef326ac7c6f1c104aa095e01f6f61b1d30670064,8be520f643fb9a2bad893f5eef326ac7c6f1c104aa095e01f6f61b1d30670064,8be520f643fb9a2bad893f5eef326ac7c6f1c104aa095e01f6f61b1d30670064,8be520f643fb9a2bad893f5eef326ac7c6f1c104aa095e01f6f61b1d30670064,dc56bf3382b2ae16b1139a0867e248be0acb0059339b3dac39e2f25cc7908c43,dc56bf3382b2ae16b1139a0867e248be0acb0059339b3dac39e2f25cc7908c43
1041,grid_1041_n7_north_east_south_east_h2_staggered_t14,4e47b5bfe0f7baa7ea06c18ab226ad16605c3bb77127516553dd507a84fd13a6,8be520f643fb9a2bad893f5eef326ac7c6f1c104aa095e01f6f61b1d30670064,8be520f643fb9a2bad893f5eef326ac7c6f1c104aa095e01f6f61b1d30670064,8be520f643fb9a2bad893f5eef326ac7c6f1c104aa095e01f6f61b1d30670064,8be520f643fb9a2bad893f5eef326ac7c6f1c104aa095e01f6f61b1d30670064,dc56bf3382b2ae16b1139a0867e248be0acb0059339b3dac39e2f25cc7908c43,dc56bf3382b2ae16b1139a0867e248be0acb0059339b3dac39e2f25cc7908c43
1042,grid_1042_n7_north_east_south_east_h2_staggered_t16,718e56fd0fca89a8417804ad35d68c48b0fde48a275721ea8cac1b48e72ed8eb,8be520f643fb9a2bad893f5eef326ac7c6f1c104aa095e01f6f61b1d30670064,8be520f643fb9a2bad893f5eef326ac7c6f1c104aa095e01f6f61b1d30670064,8be520f643fb9a2bad893f5eef326ac7c6f1c104aa095e01f6f61b1d30670064,8be520f643fb9a2bad893f5eef326ac7c6f1c104aa095e01f6f61b1d30670064,dc56bf3382b2ae16b1139a0867e248be0acb0059339b3dac39e2f25cc7908c43,dc56bf3382b2ae16b1139a0867e248be0acb0059339b3dac39e2f25cc7908c43
1043,grid_1043_n7_north_east_south_east_h2_staggered_t18,b99d7c072d251bca544e8eff8f81b194c03ac1300708343a8b6c9cc0d05cd53c,8be520f643fb9a2bad893f5eef326ac7c6f1c104aa095e01f6f61b1d30670064,8be520f643fb9a2bad893f5eef326ac7c6f1c104aa095e01f6f61b1d30670064,8be520f643fb9a2bad893f5eef326ac7c6f1c104aa095e01f6f61b1d30670064,8be520f643fb9a2bad893f5eef326ac7c6f1c104aa095e01f6f61b1d30670064,dc56bf3382b2ae16b1139a0867e248be0acb0059339b3dac39e2f25cc7908c43,dc56bf3382b2ae16b1139a0867e248be0acb0059339b3dac39e2f25cc7908c43
1044,grid_1044_n7_north_east_south_east_h3_open_t12,a11cf6fe52842037e5c865d70b5ce790d9eba69f9041eaa1cb282f4de8d89154,9aeff26cc4dd9247aac77097bebf265fb07c4157cdf2ed351c28d759197bdf19,9aeff26cc4dd9247aac77097bebf265fb07c4157cdf2ed351c28d759197bdf19,9aeff26cc4dd9247aac77097bebf265fb07c4157cdf2ed351c28d759197bdf19,9aeff26cc4dd9247aac77097bebf265fb07c4157cdf2ed351c28d759197bdf19,b39b87342c3add0c7000f45be96f97cf61765a29ac518779ac51f3e82d64fb0b,b39b87342c3add0c7000f45be96f97cf61765a29ac518779ac51f3e82d64fb0b
1045,grid_1045_n7_north_east_south_east_h3_open_t14,9aa80c14df559d2a6eaf5fea0db8fa9068f06656502dd091b83756509cfecc2f,54b952889fb3181dd4f1e95230fafb3ccbf45007ad61c28ccf957b6b348e0008,54b952889fb3181dd4f1e95230fafb3ccbf45007ad61c28ccf957b6b348e0008,54b952889fb3181dd4f1e95230fafb3ccbf45007ad61c28ccf957b6b348e0008,54b952889fb3181dd4f1e95230fafb3ccbf45007ad61c28ccf957b6b348e0008,b39b87342c3add0c7000f45be96f97cf61765a29ac518779ac51f3e82d64fb0b,b39b87342c3add0c7000f45be96f97cf61765a29ac518779ac51f3e82d64fb0b
1046,grid_1046_n7_north_east_south_east_h3_open_t16,3c994557724c7cb2faa3dfd20a208b1db9c76496560d33a6c35f350b106d8ac0,7feb337d2f1fee5a494239cd0a6f0183ba428f34cc391f9b1acf4a11b8de2f7c,7feb337d2f1fee5a494239cd0a6f0183ba428f34cc391f9b1acf4a11b8de2f7c,7feb337d2f1fee5a494239cd0a6f0183ba428f34cc391f9b1acf4a11b8de2f7c,7feb337d2f1fee5a494239cd0a6f0183ba428f34cc391f9b1acf4a11b8de2f7c,20f7d100f4010c7a87148c56329082eefcda29550fca29d7842ae3bfa254b7a9,20f7d100f4010c7a87148c56329082eefcda29550fca29d7842ae3bfa254b7a9
1047,grid_1047_n7_north_east_south_east_h3_open_t18,7168c34d912d66c515c0e541cc25bbaad2de2188b848a75ca5743a4a369fcddc,889b1fcba608d04f6144b2b34b0af590fdccad415a67153fe9ba5759842f461f,889b1fcba608d04f6144b2b34b0af590fdccad415a67153fe9ba5759842f461f,889b1fcba608d04f6144b2b34b0af590fdccad415a67153fe9ba5759842f461f,889b1fcba608d04f6144b2b34b0af590fdccad415a67153fe9ba5759842f461f,20f7d100f4010c7a87148c56329082eefcda29550fca29d7842ae3bfa254b7a9,20f7d100f4010c7a87148c56329082eefcda29550fca29d7842ae3bfa254b7a9
1048,grid_1048_n7_north_east_south_east_h3_gate_t12,564c7932e2df51bbfafa536a77b7f2100f11ee2085e1daf03b1b323dce44927f,2d6f5c6acaa9a1980a73b6fa6c379a012d014217195df70757a69279a1227df3,2d6f5c6acaa9a1980a73b6fa6c379a012d014217195df70757a69279a1227df3,2d6f5c6acaa9a1980a73b6fa6c379a012d014217195df70757a69279a1227df3,2d6f5c6acaa9a1980a73b6fa6c379a012d014217195df70757a69279a1227df3,b39b87342c3add0c7000f45be96f97cf61765a29ac518779ac51f3e82d64fb0b,b39b87342c3add0c7000f45be96f97cf61765a29ac518779ac51f3e82d64fb0b
1049,grid_1049_n7_north_east_south_east_h3_gate_t14,3f5ce381b0836a71fe16fa91937c4b5a15fa8094082107713e2dd08816a6bf44,736ac8519896952f8685e9c13c4b13d1fdd391b9b9fc57eae53e8b7a4554ecd6,736ac8519896952f8685e9c13c4b13d1fdd391b9b9fc57eae53e8b7a4554ecd6,736ac8519896952f8685e9c13c4b13d1fdd391b9b9fc57eae53e8b7a4554ecd6,736ac8519896952f8685e9c13c4b13d1fdd391b9b9fc57eae53e8b7a4554ecd6,b39b87342c3add0c7000f45be96f97cf61765a29ac518779ac51f3e82d64fb0b,b39b87342c3add0c7000f45be96f97cf61765a29ac518779ac51f3e82d64fb0b
1050,grid_1050_n7_north_east_south_east_h3_gate_t16,77a1af750dec31c7a7b375acfcf2313b7f4ceef4154ab49d26d58f007750c557,c14f81d8506f2178242669528dfcb99f11c03582cbd69165a7e8bf51cb3124f7,c14f81d8506f2178242669528dfcb99f11c03582cbd69165a7e8bf51cb3124f7,c14f81d8506f2178242669528dfcb99f11c03582cbd69165a7e8bf51cb3124f7,c14f81d8506f2178242669528dfcb99f11c03582cbd69165a7e8bf51cb3124f7,20f7d100f4010c7a87148c56329082eefcda29550fca29d7842ae3bfa254b7a9,20f7d100f4010c7a87148c56329082eefcda29550fca29d7842ae3bfa254b7a9
1051,grid_1051_n7_north_east_south_east_h3_gate_t18,1ff6227eb0887b954c2fbec20b6c4b3b33a19740eabcb50ef4a1fa6fe8f413a7,322da7d2c22e0e3735832523e77e99989d200ddd8bc7b54b0c1a2a85ab851d44,322da7d2c22e0e3735832523e77e99989d200ddd8bc7b54b0c1a2a85ab851d44,322da7d2c22e0e3735832523e77e99989d200ddd8bc7b54b0c1a2a85ab851d44,322da7d2c22e0e3735832523e77e99989d200ddd8bc7b54b0c1a2a85ab851d44,20f7d100f4010c7a87148c56329082eefcda29550fca29d7842ae3bfa254b7a9,20f7d100f4010c7a87148c56329082eefcda29550fca29d7842ae3bfa254b7a9
1052,grid_1052_n7_north_east_south_east_h3_staggered_t12,0fd07be07926bcef2b00e4590b870cd89ef89f10fbb21a1b8c8f67f738b86ffa,50f68cf89455e5c3a69295666176f961b9802c85013bbf46490365ae537c1277,50f68cf89455e5c3a69295666176f961b9802c85013bbf46490365ae537c1277,50f68cf89455e5c3a69295666176f961b9802c85013bbf46490365ae537c1277,50f68cf89455e5c3a69295666176f961b9802c85013bbf46490365ae537c1277,b39b87342c3add0c7000f45be96f97cf61765a29ac518779ac51f3e82d64fb0b,b39b87342c3add0c7000f45be96f97cf61765a29ac518779ac51f3e82d64fb0b
1053,grid_1053_n7_north_east_south_east_h3_staggered_t14,d3ad4a62868da199ee1079141ded61bec3c46246fc450c9e63165db44909b7ea,330fb9a25a352f4b1badde26cb2faa59a0d1e856b69410bd2bbda03762e7c781,330fb9a25a352f4b1badde26cb2faa59a0d1e856b69410bd2bbda03762e7c781,330fb9a25a352f4b1badde26cb2faa59a0d1e856b69410bd2bbda03762e7c781,330fb9a25a352f4b1badde26cb2faa59a0d1e856b69410bd2bbda03762e7c781,b39b87342c3add0c7000f45be96f97cf61765a29ac518779ac51f3e82d64fb0b,b39b87342c3add0c7000f45be96f97cf61765a29ac518779ac51f3e82d64fb0b
1054,grid_1054_n7_north_east_south_east_h3_staggered_t16,d8627530ad5116506da46b1ab66ed8c9cdaa21afb82426b06c26dc79563d26bd,f9914aba731243f851aa9664788cfc72b4aee9268d7cf011c3ae6b0196ba83c3,f9914aba731243f851aa9664788cfc72b4aee9268d7cf011c3ae6b0196ba83c3,f9914aba731243f851aa9664788cfc72b4aee9268d7cf011c3ae6b0196ba83c3,f9914aba731243f851aa9664788cfc72b4aee9268d7cf011c3ae6b0196ba83c3,20f7d100f4010c7a87148c56329082eefcda29550fca29d7842ae3bfa254b7a9,20f7d100f4010c7a87148c56329082eefcda29550fca29d7842ae3bfa254b7a9
1055,grid_1055_n7_north_east_south_east_h3_staggered_t18,cea3c90d85657abdc8ffdd1333e32bdc76726f5e9d41a17dec6d1fe7f8bbab33,15cd5cffa1c3b8c3de60ed8f73413973bd20c6557ab52c95b3183f1eb33d4308,15cd5cffa1c3b8c3de60ed8f73413973bd20c6557ab52c95b3183f1eb33d4308,15cd5cffa1c3b8c3de60ed8f73413973bd20c6557ab52c95b3183f1eb33d4308,15cd5cffa1c3b8c3de60ed8f73413973bd20c6557ab52c95b3183f1eb33d4308,20f7d100f4010c7a87148c56329082eefcda29550fca29d7842ae3bfa254b7a9,20f7d100f4010c7a87148c56329082eefcda29550fca29d7842ae3bfa254b7a9
1056,grid_1056_n7_north_east_east_middle_h0_open_t12,1a133d6ef1fb76093dbd796f29d416dc92c5e5b6b4634e21f27d1df3f6ca5c22,bb6a6b3915a6291802c9177470b3f4020d5121ae51ba5c4800311204a226130c,bb6a6b3915a6291802c9177470b3f4020d5121ae51ba5c4800311204a226130c,bb6a6b3915a6291802c9177470b3f4020d5121ae51ba5c4800311204a226130c,bb6a6b3915a6291802c9177470b3f4020d5121ae51ba5c4800311204a226130c,1ccb8e4005749a33f23dffe3996f6dd1614440dce485c034fd7c25e3b7b70ccf,1ccb8e4005749a33f23dffe3996f6dd1614440dce485c034fd7c25e3b7b70ccf
1057,grid_1057_n7_north_east_east_middle_h0_open_t14,b2e68d5b7d67e946ea71ca62d20ef6ebc39586161a4dacdbfb2e5d73fd9846ca,5705a75b497f6cd33eb3efaa4b376f96cb141fa262a865d7d51f287ec1a519a1,5705a75b497f6cd33eb3efaa4b376f96cb141fa262a865d7d51f287ec1a519a1,5705a75b497f6cd33eb3efaa4b376f96cb141fa262a865d7d51f287ec1a519a1,5705a75b497f6cd33eb3efaa4b376f96cb141fa262a865d7d51f287ec1a519a1,1ccb8e4005749a33f23dffe3996f6dd1614440dce485c034fd7c25e3b7b70ccf,1ccb8e4005749a33f23dffe3996f6dd1614440dce485c034fd7c25e3b7b70ccf
1058,grid_1058_n7_north_east_east_middle_h0_open_t16,e297027df43bb7596384f72ac5647768f37ffe8c970b12385f2916fbbe741837,e556d3358152f110239a2c25a7f205c1a3bf147d227a70dda7616b0d421654b1,e556d3358152f110239a2c25a7f205c1a3bf147d227a70dda7616b0d421654b1,e556d3358152f110239a2c25a7f205c1a3bf147d227a70dda7616b0d421654b1,e556d3358152f110239a2c25a7f205c1a3bf147d227a70dda7616b0d421654b1,1ccb8e4005749a33f23dffe3996f6dd1614440dce485c034fd7c25e3b7b70ccf,1ccb8e4005749a33f23dffe3996f6dd1614440dce485c034fd7c25e3b7b70ccf
1059,grid_1059_n7_north_east_east_middle_h0_open_t18,865904cb9d8e6ea4586e3fd32ddab332b558577860b14cd4d33764339897dec5,a26ee6981e4e075ea2d7c36baae9c0195a7cfe53f961b0b687b53472f100684a,a26ee6981e4e075ea2d7c36baae9c0195a7cfe53f961b0b687b53472f100684a,a26ee6981e4e075ea2d7c36baae9c0195a7cfe53f961b0b687b53472f100684a,a26ee6981e4e075ea2d7c36baae9c0195a7cfe53f961b0b687b53472f100684a,1ccb8e4005749a33f23dffe3996f6dd1614440dce485c034fd7c25e3b7b70ccf,1ccb8e4005749a33f23dffe3996f6dd1614440dce485c034fd7c25e3b7b70ccf
1060,grid_1060_n7_north_east_east_middle_h0_gate_t12,a292446072b257c747fec6919a241471e671927a07ded692bb6ea3e6697385b5,bb6a6b3915a6291802c9177470b3f4020d5121ae51ba5c4800311204a226130c,bb6a6b3915a6291802c9177470b3f4020d5121ae51ba5c4800311204a226130c,bb6a6b3915a6291802c9177470b3f4020d5121ae51ba5c4800311204a226130c,bb6a6b3915a6291802c9177470b3f4020d5121ae51ba5c4800311204a226130c,1ccb8e4005749a33f23dffe3996f6dd1614440dce485c034fd7c25e3b7b70ccf,1ccb8e4005749a33f23dffe3996f6dd1614440dce485c034fd7c25e3b7b70ccf
1061,grid_1061_n7_north_east_east_middle_h0_gate_t14,494e5f408c83c1995d9d80ba566f562451ea22aec118e0f001b58162697d5c18,5705a75b497f6cd33eb3efaa4b376f96cb141fa262a865d7d51f287ec1a519a1,5705a75b497f6cd33eb3efaa4b376f96cb141fa262a865d7d51f287ec1a519a1,5705a75b497f6cd33eb3efaa4b376f96cb141fa262a865d7d51f287ec1a519a1,5705a75b497f6cd33eb3efaa4b376f96cb141fa262a865d7d51f287ec1a519a1,1ccb8e4005749a33f23dffe3996f6dd1614440dce485c034fd7c25e3b7b70ccf,1ccb8e4005749a33f23dffe3996f6dd1614440dce485c034fd7c25e3b7b70ccf
1062,grid_1062_n7_north_east_east_middle_h0_gate_t16,fcc8322862ed0cfaf140dc773ecf71f73e6182dd877aed196d4cc16d493d7da7,e556d3358152f110239a2c25a7f205c1a3bf147d227a70dda7616b0d421654b1,e556d3358152f110239a2c25a7f205c1a3bf147d227a70dda7616b0d421654b1,e556d3358152f110239a2c25a7f205c1a3bf147d227a70dda7616b0d421654b1,e556d3358152f110239a2c25a7f205c1a3bf147d227a70dda7616b0d421654b1,1ccb8e4005749a33f23dffe3996f6dd1614440dce485c034fd7c25e3b7b70ccf,1ccb8e4005749a33f23dffe3996f6dd1614440dce485c034fd7c25e3b7b70ccf
1063,grid_1063_n7_north_east_east_middle_h0_gate_t18,f78667a4117971fc1b570c8b93c87723e149d907f45deb01131786159d5214bf,a26ee6981e4e075ea2d7c36baae9c0195a7cfe53f961b0b687b53472f100684a,a26ee6981e4e075ea2d7c36baae9c0195a7cfe53f961b0b687b53472f100684a,a26ee6981e4e075ea2d7c36baae9c0195a7cfe53f961b0b687b53472f100684a,a26ee6981e4e075ea2d7c36baae9c0195a7cfe53f961b0b687b53472f100684a,1ccb8e4005749a33f23dffe3996f6dd1614440dce485c034fd7c25e3b7b70ccf,1ccb8e4005749a33f23dffe3996f6dd1614440dce485c034fd7c25e3b7b70ccf
1064,grid_1064_n7_north_east_east_middle_h0_staggered_t12,e773ef2cb64942206d689ece7e1f17a336b64a18239c022c9e49449516456f07,a3af4bec249a499a2a34ee2cc675280ef2e9957270dc01e9e84b0aa9ccca1da5,a3af4bec249a499a2a34ee2cc675280ef2e9957270dc01e9e84b0aa9ccca1da5,a3af4bec249a499a2a34ee2cc675280ef2e9957270dc01e9e84b0aa9ccca1da5,a3af4bec249a499a2a34ee2cc675280ef2e9957270dc01e9e84b0aa9ccca1da5,1ccb8e4005749a33f23dffe3996f6dd1614440dce485c034fd7c25e3b7b70ccf,1ccb8e4005749a33f23dffe3996f6dd1614440dce485c034fd7c25e3b7b70ccf
1065,grid_1065_n7_north_east_east_middle_h0_staggered_t14,24fb71ef42ad50e16a17d38391e03142e5d677e67f1b9217bd39064dbfcf74e3,5a9e5e3f8d0fdc2d67d39e3f5429a2e280c9f93e76584bbd75f5cc46639433a2,5a9e5e3f8d0fdc2d67d39e3f5429a2e280c9f93e76584bbd75f5cc46639433a2,5a9e5e3f8d0fdc2d67d39e3f5429a2e280c9f93e76584bbd75f5cc46639433a2,5a9e5e3f8d0fdc2d67d39e3f5429a2e280c9f93e76584bbd75f5cc46639433a2,1ccb8e4005749a33f23dffe3996f6dd1614440dce485c034fd7c25e3b7b70ccf,1ccb8e4005749a33f23dffe3996f6dd1614440dce485c034fd7c25e3b7b70ccf
1066,grid_1066_n7_north_east_east_middle_h0_staggered_t16,f4e9535f2cd2ca4e417e3b11cc76d671255f3c53fd8d827a267458a5c4bae537,03a5cc8112ede3dd39d859cc99a4d99bd51fc715ab752b6d90b68b7ca83f127a,03a5cc8112ede3dd39d859cc99a4d99bd51fc715ab752b6d90b68b7ca83f127a,03a5cc8112ede3dd39d859cc99a4d99bd51fc715ab752b6d90b68b7ca83f127a,03a5cc8112ede3dd39d859cc99a4d99bd51fc715ab752b6d90b68b7ca83f127a,1ccb8e4005749a33f23dffe3996f6dd1614440dce485c034fd7c25e3b7b70ccf,1ccb8e4005749a33f23dffe3996f6dd1614440dce485c034fd7c25e3b7b70ccf
1067,grid_1067_n7_north_east_east_middle_h0_staggered_t18,88020b5eef23ceb2bcce2a5a34e0ce2368f27f83706e867491707814d5715b58,4c095a4bbd24a56e59f6dba361af67b9d1e28a913b4cc7ab7f048b01ca666cba,4c095a4bbd24a56e59f6dba361af67b9d1e28a913b4cc7ab7f048b01ca666cba,4c095a4bbd24a56e59f6dba361af67b9d1e28a913b4cc7ab7f048b01ca666cba,4c095a4bbd24a56e59f6dba361af67b9d1e28a913b4cc7ab7f048b01ca666cba,1ccb8e4005749a33f23dffe3996f6dd1614440dce485c034fd7c25e3b7b70ccf,1ccb8e4005749a33f23dffe3996f6dd1614440dce485c034fd7c25e3b7b70ccf
1068,grid_1068_n7_north_east_east_middle_h1_open_t12,c56bb3000956669ccfe901064e975b8964b62af397074e70e34abd19191da40c,9a2655a382a6f90880bd0e21a745349d79671187f7864209fb189311fda160a4,9a2655a382a6f90880bd0e21a745349d79671187f7864209fb189311fda160a4,9a2655a382a6f90880bd0e21a745349d79671187f7864209fb189311fda160a4,9a2655a382a6f90880bd0e21a745349d79671187f7864209fb189311fda160a4,f442a455f1cce56bb2134e4ed968b6ab90799b34ef54f6edb932e6b97d1bfa01,f442a455f1cce56bb2134e4ed968b6ab90799b34ef54f6edb932e6b97d1bfa01
1069,grid_1069_n7_north_east_east_middle_h1_open_t14,ef51dc8f5ef23ab28ee67d6e8031bd67746804bbcf98be836dfd91e08b45c3a0,3e35ae8e97376ab253b6bb94f3fd0444df20b3575d79ac5ba7faeb2b2b6635a2,3e35ae8e97376ab253b6bb94f3fd0444df20b3575d79ac5ba7faeb2b2b6635a2,3e35ae8e97376ab253b6bb94f3fd0444df20b3575d79ac5ba7faeb2b2b6635a2,3e35ae8e97376ab253b6bb94f3fd0444df20b3575d79ac5ba7faeb2b2b6635a2,f442a455f1cce56bb2134e4ed968b6ab90799b34ef54f6edb932e6b97d1bfa01,f442a455f1cce56bb2134e4ed968b6ab90799b34ef54f6edb932e6b97d1bfa01
1070,grid_1070_n7_north_east_east_middle_h1_open_t16,50cfd0b91edb5a01bb7b5debbe0dd4baedf439c6b32a1c115e5dda0bf380c7db,e5ea6b7acddc7571b4b9a1d0c178ea8431115bc36f388125182d466bf89d8693,e5ea6b7acddc7571b4b9a1d0c178ea8431115bc36f388125182d466bf89d8693,e5ea6b7acddc7571b4b9a1d0c178ea8431115bc36f388125182d466bf89d8693,e5ea6b7acddc7571b4b9a1d0c178ea8431115bc36f388125182d466bf89d8693,f442a455f1cce56bb2134e4ed968b6ab90799b34ef54f6edb932e6b97d1bfa01,f442a455f1cce56bb2134e4ed968b6ab90799b34ef54f6edb932e6b97d1bfa01
1071,grid_1071_n7_north_east_east_middle_h1_open_t18,f440e9e3456814765a17a75bf038de75b632dbe0cb4bc5f114fb99c4d2dac2f2,530912572c7fac3b717fb45e2d32539d364397d941547b4f7d0cbc88d2a3d475,530912572c7fac3b717fb45e2d32539d364397d941547b4f7d0cbc88d2a3d475,530912572c7fac3b717fb45e2d32539d364397d941547b4f7d0cbc88d2a3d475,530912572c7fac3b717fb45e2d32539d364397d941547b4f7d0cbc88d2a3d475,f442a455f1cce56bb2134e4ed968b6ab90799b34ef54f6edb932e6b97d1bfa01,f442a455f1cce56bb2134e4ed968b6ab90799b34ef54f6edb932e6b97d1bfa01
1072,grid_1072_n7_north_east_east_middle_h1_gate_t12,22eaea12f1a3a951610ba43086b7f8ee5a96abfeec204de93296b195054e2a87,9a2655a382a6f90880bd0e21a745349d79671187f7864209fb189311fda160a4,9a2655a382a6f90880bd0e21a745349d79671187f7864209fb189311fda160a4,9a2655a382a6f90880bd0e21a745349d79671187f7864209fb189311fda160a4,9a2655a382a6f90880bd0e21a745349d79671187f7864209fb189311fda160a4,f442a455f1cce56bb2134e4ed968b6ab90799b34ef54f6edb932e6b97d1bfa01,f442a455f1cce56bb2134e4ed968b6ab90799b34ef54f6edb932e6b97d1bfa01
1073,grid_1073_n7_north_east_east_middle_h1_gate_t14,d1e036e0ebd682a489fe82c7fbdf21c9e9d0e26452535b8c8d8cccaaa6d743bb,3e35ae8e97376ab253b6bb94f3fd0444df20b3575d79ac5ba7faeb2b2b6635a2,3e35ae8e97376ab253b6bb94f3fd0444df20b3575d79ac5ba7faeb2b2b6635a2,3e35ae8e97376ab253b6bb94f3fd0444df20b3575d79ac5ba7faeb2b2b6635a2,3e35ae8e97376ab253b6bb94f3fd0444df20b3575d79ac5ba7faeb2b2b6635a2,f442a455f1cce56bb2134e4ed968b6ab90799b34ef54f6edb932e6b97d1bfa01,f442a455f1cce56bb2134e4ed968b6ab90799b34ef54f6edb932e6b97d1bfa01
1074,grid_1074_n7_north_east_east_middle_h1_gate_t16,9ac15ae564e0e7651a5e5cce019424f58c700b9298ade8224aa0bec13ff0c34e,e5ea6b7acddc7571b4b9a1d0c178ea8431115bc36f388125182d466bf89d8693,e5ea6b7acddc7571b4b9a1d0c178ea8431115bc36f388125182d466bf89d8693,e5ea6b7acddc7571b4b9a1d0c178ea8431115bc36f388125182d466bf89d8693,e5ea6b7acddc7571b4b9a1d0c178ea8431115bc36f388125182d466bf89d8693,f442a455f1cce56bb2134e4ed968b6ab90799b34ef54f6edb932e6b97d1bfa01,f442a455f1cce56bb2134e4ed968b6ab90799b34ef54f6edb932e6b97d1bfa01
1075,grid_1075_n7_north_east_east_middle_h1_gate_t18,d8c014ac8695cc863e3523e0985fb06539446f0620568b5d4dee6bd2be1e1c8e,530912572c7fac3b717fb45e2d32539d364397d941547b4f7d0cbc88d2a3d475,530912572c7fac3b717fb45e2d32539d364397d941547b4f7d0cbc88d2a3d475,530912572c7fac3b717fb45e2d32539d364397d941547b4f7d0cbc88d2a3d475,530912572c7fac3b717fb45e2d32539d364397d941547b4f7d0cbc88d2a3d475,f442a455f1cce56bb2134e4ed968b6ab90799b34ef54f6edb932e6b97d1bfa01,f442a455f1cce56bb2134e4ed968b6ab90799b34ef54f6edb932e6b97d1bfa01
1076,grid_1076_n7_north_east_east_middle_h1_staggered_t12,5323d00ec4cba01a734fa721e8bf3e9965fc4ac5dabace17783464567be71476,11cfd6ad43cada4a0f9d068e03e222107605795fdbda6017fab19d8e78990835,11cfd6ad43cada4a0f9d068e03e222107605795fdbda6017fab19d8e78990835,11cfd6ad43cada4a0f9d068e03e222107605795fdbda6017fab19d8e78990835,11cfd6ad43cada4a0f9d068e03e222107605795fdbda6017fab19d8e78990835,f442a455f1cce56bb2134e4ed968b6ab90799b34ef54f6edb932e6b97d1bfa01,f442a455f1cce56bb2134e4ed968b6ab90799b34ef54f6edb932e6b97d1bfa01
1077,grid_1077_n7_north_east_east_middle_h1_staggered_t14,7b3e43664f3145071fa3988b092e8385b53d4aa62a5c7fbf766ee723f43930b5,7f520d12703aca552f44603f47d71ee116fa5811f33702d9a17ec92dd093552a,7f520d12703aca552f44603f47d71ee116fa5811f33702d9a17ec92dd093552a,7f520d12703aca552f44603f47d71ee116fa5811f33702d9a17ec92dd093552a,7f520d12703aca552f44603f47d71ee116fa5811f33702d9a17ec92dd093552a,f442a455f1cce56bb2134e4ed968b6ab90799b34ef54f6edb932e6b97d1bfa01,f442a455f1cce56bb2134e4ed968b6ab90799b34ef54f6edb932e6b97d1bfa01
1078,grid_1078_n7_north_east_east_middle_h1_staggered_t16,fd8549334d5554382a3cdde38305190195220daa3d03f562ed8c1de914e652f9,f52bf06ba3d01c1357d5b0d355e8659926bf84729a46e906b803915f838e8cba,f52bf06ba3d01c1357d5b0d355e8659926bf84729a46e906b803915f838e8cba,f52bf06ba3d01c1357d5b0d355e8659926bf84729a46e906b803915f838e8cba,f52bf06ba3d01c1357d5b0d355e8659926bf84729a46e906b803915f838e8cba,f442a455f1cce56bb2134e4ed968b6ab90799b34ef54f6edb932e6b97d1bfa01,f442a455f1cce56bb2134e4ed968b6ab90799b34ef54f6edb932e6b97d1bfa01
1079,grid_1079_n7_north_east_east_middle_h1_staggered_t18,e56955101f07dbf4ce6100d2eea8014e3b95393aa87d6bb54b415358c371e311,db64f2bc57c062e161ded80662b76b149b5488b7565a5cb21bc7f91f4c8a9e15,db64f2bc57c062e161ded80662b76b149b5488b7565a5cb21bc7f91f4c8a9e15,db64f2bc57c062e161ded80662b76b149b5488b7565a5cb21bc7f91f4c8a9e15,db64f2bc57c062e161ded80662b76b149b5488b7565a5cb21bc7f91f4c8a9e15,f442a455f1cce56bb2134e4ed968b6ab90799b34ef54f6edb932e6b97d1bfa01,f442a455f1cce56bb2134e4ed968b6ab90799b34ef54f6edb932e6b97d1bfa01
1080,grid_1080_n7_north_east_east_middle_h2_open_t12,c2886656ea9629a39ff5ce135e17923d1ef33e3a551241ef89fb48fd13286fdc,2661ce849737359b882f264422d9d134361b18c2f0e1f8274b06eda22aeb0f3d,2661ce849737359b882f264422d9d134361b18c2f0e1f8274b06eda22aeb0f3d,2661ce849737359b882f264422d9d134361b18c2f0e1f8274b06eda22aeb0f3d,2661ce849737359b882f264422d9d134361b18c2f0e1f8274b06eda22aeb0f3d,478e7350d7f2b24212d806d17c4ea1aa061afd45e3d1a698df97d45b97c3daa7,478e7350d7f2b24212d806d17c4ea1aa061afd45e3d1a698df97d45b97c3daa7
1081,grid_1081_n7_north_east_east_middle_h2_open_t14,581cce36214081559144b26e4c01f39aaa865f021094a5b89f0a685f36b2a16f,2661ce849737359b882f264422d9d134361b18c2f0e1f8274b06eda22aeb0f3d,2661ce849737359b882f264422d9d134361b18c2f0e1f8274b06eda22aeb0f3d,2661ce849737359b882f264422d9d134361b18c2f0e1f8274b06eda22aeb0f3d,2661ce849737359b882f264422d9d134361b18c2f0e1f8274b06eda22aeb0f3d,478e7350d7f2b24212d806d17c4ea1aa061afd45e3d1a698df97d45b97c3daa7,478e7350d7f2b24212d806d17c4ea1aa061afd45e3d1a698df97d45b97c3daa7
1082,grid_1082_n7_north_east_east_middle_h2_open_t16,1e1657b3596558adaf290d16de79ef75f28d28aedfde9b651cc87f88c87b1afa,2661ce849737359b882f264422d9d134361b18c2f0e1f8274b06eda22aeb0f3d,2661ce849737359b882f264422d9d134361b18c2f0e1f8274b06eda22aeb0f3d,2661ce849737359b882f264422d9d134361b18c2f0e1f8274b06eda22aeb0f3d,2661ce849737359b882f264422d9d134361b18c2f0e1f8274b06eda22aeb0f3d,478e7350d7f2b24212d806d17c4ea1aa061afd45e3d1a698df97d45b97c3daa7,478e7350d7f2b24212d806d17c4ea1aa061afd45e3d1a698df97d45b97c3daa7
1083,grid_1083_n7_north_east_east_middle_h2_open_t18,532a532c0249acd24417699cc2235175ab5ece6c7a9cd9026d227cf36d3d09d1,2661ce849737359b882f264422d9d134361b18c2f0e1f8274b06eda22aeb0f3d,2661ce849737359b882f264422d9d134361b18c2f0e1f8274b06eda22aeb0f3d,2661ce849737359b882f264422d9d134361b18c2f0e1f8274b06eda22aeb0f3d,2661ce849737359b882f264422d9d134361b18c2f0e1f8274b06eda22aeb0f3d,478e7350d7f2b24212d806d17c4ea1aa061afd45e3d1a698df97d45b97c3daa7,478e7350d7f2b24212d806d17c4ea1aa061afd45e3d1a698df97d45b97c3daa7
1084,grid_1084_n7_north_east_east_middle_h2_gate_t12,cdc81c70d885be9c188a06b5b1fe4148db9f5205bbc3f3bba184bfdc2c77f402,2661ce849737359b882f264422d9d134361b18c2f0e1f8274b06eda22aeb0f3d,2661ce849737359b882f264422d9d134361b18c2f0e1f8274b06eda22aeb0f3d,2661ce849737359b882f264422d9d134361b18c2f0e1f8274b06eda22aeb0f3d,2661ce849737359b882f264422d9d134361b18c2f0e1f8274b06eda22aeb0f3d,478e7350d7f2b24212d806d17c4ea1aa061afd45e3d1a698df97d45b97c3daa7,478e7350d7f2b24212d806d17c4ea1aa061afd45e3d1a698df97d45b97c3daa7
1085,grid_1085_n7_north_east_east_middle_h2_gate_t14,bd9b546fdf0c1856a937207e03f26347ef851cc284be96263da049c95ff1352a,2661ce849737359b882f264422d9d134361b18c2f0e1f8274b06eda22aeb0f3d,2661ce849737359b882f264422d9d134361b18c2f0e1f8274b06eda22aeb0f3d,2661ce849737359b882f264422d9d134361b18c2f0e1f8274b06eda22aeb0f3d,2661ce849737359b882f264422d9d134361b18c2f0e1f8274b06eda22aeb0f3d,478e7350d7f2b24212d806d17c4ea1aa061afd45e3d1a698df97d45b97c3daa7,478e7350d7f2b24212d806d17c4ea1aa061afd45e3d1a698df97d45b97c3daa7
1086,grid_1086_n7_north_east_east_middle_h2_gate_t16,2766f6a1bf3b3dc73d4f59b4cd070f91630463242bd2e23ed69d837d6390f61d,2661ce849737359b882f264422d9d134361b18c2f0e1f8274b06eda22aeb0f3d,2661ce849737359b882f264422d9d134361b18c2f0e1f8274b06eda22aeb0f3d,2661ce849737359b882f264422d9d134361b18c2f0e1f8274b06eda22aeb0f3d,2661ce849737359b882f264422d9d134361b18c2f0e1f8274b06eda22aeb0f3d,478e7350d7f2b24212d806d17c4ea1aa061afd45e3d1a698df97d45b97c3daa7,478e7350d7f2b24212d806d17c4ea1aa061afd45e3d1a698df97d45b97c3daa7
1087,grid_1087_n7_north_east_east_middle_h2_gate_t18,5bd314ad0cfcd246c031480d24beb8251ba0185e65f4316d90117c124f9d0718,2661ce849737359b882f264422d9d134361b18c2f0e1f8274b06eda22aeb0f3d,2661ce849737359b882f264422d9d134361b18c2f0e1f8274b06eda22aeb0f3d,2661ce849737359b882f264422d9d134361b18c2f0e1f8274b06eda22aeb0f3d,2661ce849737359b882f264422d9d134361b18c2f0e1f8274b06eda22aeb0f3d,478e7350d7f2b24212d806d17c4ea1aa061afd45e3d1a698df97d45b97c3daa7,478e7350d7f2b24212d806d17c4ea1aa061afd45e3d1a698df97d45b97c3daa7
1088,grid_1088_n7_north_east_east_middle_h2_staggered_t12,50a6d5aca5504439d10979361a397bd6e7ac4628fd7cd7407938b9307b7d8de9,2661ce849737359b882f264422d9d134361b18c2f0e1f8274b06eda22aeb0f3d,2661ce849737359b882f264422d9d134361b18c2f0e1f8274b06eda22aeb0f3d,2661ce849737359b882f264422d9d134361b18c2f0e1f8274b06eda22aeb0f3d,2661ce849737359b882f264422d9d134361b18c2f0e1f8274b06eda22aeb0f3d,478e7350d7f2b24212d806d17c4ea1aa061afd45e3d1a698df97d45b97c3daa7,478e7350d7f2b24212d806d17c4ea1aa061afd45e3d1a698df97d45b97c3daa7
1089,grid_1089_n7_north_east_east_middle_h2_staggered_t14,963699cf872fdc50de3c663f02ca5cb1877d958459e9db6654fcbb75a8e0c589,2661ce849737359b882f264422d9d134361b18c2f0e1f8274b06eda22aeb0f3d,2661ce849737359b882f264422d9d134361b18c2f0e1f8274b06eda22aeb0f3d,2661ce849737359b882f264422d9d134361b18c2f0e1f8274b06eda22aeb0f3d,2661ce849737359b882f264422d9d134361b18c2f0e1f8274b06eda22aeb0f3d,478e7350d7f2b24212d806d17c4ea1aa061afd45e3d1a698df97d45b97c3daa7,478e7350d7f2b24212d806d17c4ea1aa061afd45e3d1a698df97d45b97c3daa7
1090,grid_1090_n7_north_east_east_middle_h2_staggered_t16,78957113728b57d75a1e9007034b500348b1eff1845472f25ba2145c3c150334,2661ce849737359b882f264422d9d134361b18c2f0e1f8274b06eda22aeb0f3d,2661ce849737359b882f264422d9d134361b18c2f0e1f8274b06eda22aeb0f3d,2661ce849737359b882f264422d9d134361b18c2f0e1f8274b06eda22aeb0f3d,2661ce849737359b882f264422d9d134361b18c2f0e1f8274b06eda22aeb0f3d,478e7350d7f2b24212d806d17c4ea1aa061afd45e3d1a698df97d45b97c3daa7,478e7350d7f2b24212d806d17c4ea1aa061afd45e3d1a698df97d45b97c3daa7
1091,grid_1091_n7_north_east_east_middle_h2_staggered_t18,8d1ca70a95b662a4a2fdd37a7d63dfa5ad425bbd374305050afcf9d9d1f25213,2661ce849737359b882f264422d9d134361b18c2f0e1f8274b06eda22aeb0f3d,2661ce849737359b882f264422d9d134361b18c2f0e1f8274b06eda22aeb0f3d,2661ce849737359b882f264422d9d134361b18c2f0e1f8274b06eda22aeb0f3d,2661ce849737359b882f264422d9d134361b18c2f0e1f8274b06eda22aeb0f3d,478e7350d7f2b24212d806d17c4ea1aa061afd45e3d1a698df97d45b97c3daa7,478e7350d7f2b24212d806d17c4ea1aa061afd45e3d1a698df97d45b97c3daa7
1092,grid_1092_n7_north_east_east_middle_h3_open_t12,c34c6faad85e5b325e2d13184ffa244353dbc45922ba92d04cbae991649782df,a68249028b6ff3c1375b244da8a8f063586cadf808e2dc442fb9ed888b1adee3,a68249028b6ff3c1375b244da8a8f063586cadf808e2dc442fb9ed888b1adee3,a68249028b6ff3c1375b244da8a8f063586cadf808e2dc442fb9ed888b1adee3,a68249028b6ff3c1375b244da8a8f063586cadf808e2dc442fb9ed888b1adee3,a0af23160e6acd2472a9fee7f230fefb107976b9c78c999b6e14495e2e7cc834,a0af23160e6acd2472a9fee7f230fefb107976b9c78c999b6e14495e2e7cc834
1093,grid_1093_n7_north_east_east_middle_h3_open_t14,1a5350081d605e979484aa9206305a3ba9f65e3dd7ed582af79758fa02cc9dab,250824f57a680a4e8da5358a9068f96d9fcbf3c35f1a82d9533865ed00626b99,250824f57a680a4e8da5358a9068f96d9fcbf3c35f1a82d9533865ed00626b99,250824f57a680a4e8da5358a9068f96d9fcbf3c35f1a82d9533865ed00626b99,250824f57a680a4e8da5358a9068f96d9fcbf3c35f1a82d9533865ed00626b99,a0af23160e6acd2472a9fee7f230fefb107976b9c78c999b6e14495e2e7cc834,a0af23160e6acd2472a9fee7f230fefb107976b9c78c999b6e14495e2e7cc834
1094,grid_1094_n7_north_east_east_middle_h3_open_t16,b512f1b8157fe5026f1cc40539ce36038dd1b9793f7fb8f7e307e2b420656755,c6f05481bea18b9532be9629c5e569697d53b05c8aff6d6f8dc3a1602789a14e,c6f05481bea18b9532be9629c5e569697d53b05c8aff6d6f8dc3a1602789a14e,c6f05481bea18b9532be9629c5e569697d53b05c8aff6d6f8dc3a1602789a14e,c6f05481bea18b9532be9629c5e569697d53b05c8aff6d6f8dc3a1602789a14e,a0af23160e6acd2472a9fee7f230fefb107976b9c78c999b6e14495e2e7cc834,a0af23160e6acd2472a9fee7f230fefb107976b9c78c999b6e14495e2e7cc834
1095,grid_1095_n7_north_east_east_middle_h3_open_t18,a99abfa7faa5eabe5e5eb601bc834ecb17a09f1850938dd9a9f1e556d42e5b50,d9da01ad847c0cfe45d441a21f6abc892651d6b8387a2ec1360f881f9bc9653c,d9da01ad847c0cfe45d441a21f6abc892651d6b8387a2ec1360f881f9bc9653c,d9da01ad847c0cfe45d441a21f6abc892651d6b8387a2ec1360f881f9bc9653c,d9da01ad847c0cfe45d441a21f6abc892651d6b8387a2ec1360f881f9bc9653c,a0af23160e6acd2472a9fee7f230fefb107976b9c78c999b6e14495e2e7cc834,a0af23160e6acd2472a9fee7f230fefb107976b9c78c999b6e14495e2e7cc834
1096,grid_1096_n7_north_east_east_middle_h3_gate_t12,7c40d490260c3cbe7441d2091afba6e9394e5d8dfc37a130a86758e227350795,c802177c109f27c7a2aa97e8ba8c697e4f3309f141d92dc75df3d63b0a2599d8,c802177c109f27c7a2aa97e8ba8c697e4f3309f141d92dc75df3d63b0a2599d8,c802177c109f27c7a2aa97e8ba8c697e4f3309f141d92dc75df3d63b0a2599d8,c802177c109f27c7a2aa97e8ba8c697e4f3309f141d92dc75df3d63b0a2599d8,a0af23160e6acd2472a9fee7f230fefb107976b9c78c999b6e14495e2e7cc834,a0af23160e6acd2472a9fee7f230fefb107976b9c78c999b6e14495e2e7cc834
1097,grid_1097_n7_north_east_east_middle_h3_gate_t14,5eec32ccf86de455ed22e49bd603c747ce54b318179765afed9c4fbb2e406a02,2f0d72dc0bcf36b5a25d47c86b197156b6bcce6c354e2a9eb9b02ccde4f5d721,2f0d72dc0bcf36b5a25d47c86b197156b6bcce6c354e2a9eb9b02ccde4f5d721,2f0d72dc0bcf36b5a25d47c86b197156b6bcce6c354e2a9eb9b02ccde4f5d721,2f0d72dc0bcf36b5a25d47c86b197156b6bcce6c354e2a9eb9b02ccde4f5d721,a0af23160e6acd2472a9fee7f230fefb107976b9c78c999b6e14495e2e7cc834,a0af23160e6acd2472a9fee7f230fefb107976b9c78c999b6e14495e2e7cc834
1098,grid_1098_n7_north_east_east_middle_h3_gate_t16,8f7ed7593f8d5a37eac716b5f645aa99b5cf67b81d004aed58667c5768098bf4,469f76778bfed9017a008a36620771730312848e142eddde84feb4f79cc6db0b,469f76778bfed9017a008a36620771730312848e142eddde84feb4f79cc6db0b,469f76778bfed9017a008a36620771730312848e142eddde84feb4f79cc6db0b,469f76778bfed9017a008a36620771730312848e142eddde84feb4f79cc6db0b,a0af23160e6acd2472a9fee7f230fefb107976b9c78c999b6e14495e2e7cc834,a0af23160e6acd2472a9fee7f230fefb107976b9c78c999b6e14495e2e7cc834
1099,grid_1099_n7_north_east_east_middle_h3_gate_t18,6eb519cd80324f00fbc8a266ca373565d265ece78776511629a31a468f96a422,91caf7fd92527b74df78ad96373a33ebc31e1bd4d11525c480369bd398e6cbdc,91caf7fd92527b74df78ad96373a33ebc31e1bd4d11525c480369bd398e6cbdc,91caf7fd92527b74df78ad96373a33ebc31e1bd4d11525c480369bd398e6cbdc,91caf7fd92527b74df78ad96373a33ebc31e1bd4d11525c480369bd398e6cbdc,a0af23160e6acd2472a9fee7f230fefb107976b9c78c999b6e14495e2e7cc834,a0af23160e6acd2472a9fee7f230fefb107976b9c78c999b6e14495e2e7cc834
1100,grid_1100_n7_north_east_east_middle_h3_staggered_t12,3104a88667ebfe9d0c8a807d14b5f177fa5daf86afbd44ae5b2d287aa172b374,610368db704d2921fa4f5f29435570d8abae84cc95b25a62e1780ca8aab8ff7e,610368db704d2921fa4f5f29435570d8abae84cc95b25a62e1780ca8aab8ff7e,610368db704d2921fa4f5f29435570d8abae84cc95b25a62e1780ca8aab8ff7e,610368db704d2921fa4f5f29435570d8abae84cc95b25a62e1780ca8aab8ff7e,a0af23160e6acd2472a9fee7f230fefb107976b9c78c999b6e14495e2e7cc834,a0af23160e6acd2472a9fee7f230fefb107976b9c78c999b6e14495e2e7cc834
1101,grid_1101_n7_north_east_east_middle_h3_staggered_t14,c805c91333f13f18c38d6caa9d52b63961cf0224609d995066b38592bcb75736,1263b2052f86f9fcb5e8994f6b9ddce346bf5a453a11f472b973483a719922d4,1263b2052f86f9fcb5e8994f6b9ddce346bf5a453a11f472b973483a719922d4,1263b2052f86f9fcb5e8994f6b9ddce346bf5a453a11f472b973483a719922d4,1263b2052f86f9fcb5e8994f6b9ddce346bf5a453a11f472b973483a719922d4,a0af23160e6acd2472a9fee7f230fefb107976b9c78c999b6e14495e2e7cc834,a0af23160e6acd2472a9fee7f230fefb107976b9c78c999b6e14495e2e7cc834
1102,grid_1102_n7_north_east_east_middle_h3_staggered_t16,cfff1bbc7f1a863231e210e06b995cfc73ef4de7641daf88af8ec40fa6ebb756,9be37bfcc099bcde6a7444e3384ee013c3bb6efcc47de3646bbdca3b710aa6c7,9be37bfcc099bcde6a7444e3384ee013c3bb6efcc47de3646bbdca3b710aa6c7,9be37bfcc099bcde6a7444e3384ee013c3bb6efcc47de3646bbdca3b710aa6c7,9be37bfcc099bcde6a7444e3384ee013c3bb6efcc47de3646bbdca3b710aa6c7,a0af23160e6acd2472a9fee7f230fefb107976b9c78c999b6e14495e2e7cc834,a0af23160e6acd2472a9fee7f230fefb107976b9c78c999b6e14495e2e7cc834
1103,grid_1103_n7_north_east_east_middle_h3_staggered_t18,13dbe1b9d615bdd62139d1f9c124178d7c61cb9622dea7d60f51a890411aceba,a920d027980582739d096802f62f78d18add2c025e8a624334859368db468251,a920d027980582739d096802f62f78d18add2c025e8a624334859368db468251,a920d027980582739d096802f62f78d18add2c025e8a624334859368db468251,a920d027980582739d096802f62f78d18add2c025e8a624334859368db468251,a0af23160e6acd2472a9fee7f230fefb107976b9c78c999b6e14495e2e7cc834,a0af23160e6acd2472a9fee7f230fefb107976b9c78c999b6e14495e2e7cc834
1104,grid_1104_n7_north_east_south_middle_h0_open_t12,309d3a760c9676205fcc9ea616ae0b81a7e56efc3e2ea27dd35a32a17f36ab24,279c1037e274bb394ce7a8c665b21fd1e64a96bd3540f55e33b4b38a71dc66ad,279c1037e274bb394ce7a8c665b21fd1e64a96bd3540f55e33b4b38a71dc66ad,279c1037e274bb394ce7a8c665b21fd1e64a96bd3540f55e33b4b38a71dc66ad,279c1037e274bb394ce7a8c665b21fd1e64a96bd3540f55e33b4b38a71dc66ad,4b329581bd90a739dd5d14c4daafe02b1d30c7ed924ee9d0fe55e4d1c400923a,4b329581bd90a739dd5d14c4daafe02b1d30c7ed924ee9d0fe55e4d1c400923a
1105,grid_1105_n7_north_east_south_middle_h0_open_t14,63c2ba2cd8a059b0a164a048babd065a69bffd2ca33c870bb817e0f3e91643ba,9cc1e49d827272c03e6042dac2e0660358dcdef5782346565df13f58689e6932,9cc1e49d827272c03e6042dac2e0660358dcdef5782346565df13f58689e6932,9cc1e49d827272c03e6042dac2e0660358dcdef5782346565df13f58689e6932,9cc1e49d827272c03e6042dac2e0660358dcdef5782346565df13f58689e6932,4b329581bd90a739dd5d14c4daafe02b1d30c7ed924ee9d0fe55e4d1c400923a,4b329581bd90a739dd5d14c4daafe02b1d30c7ed924ee9d0fe55e4d1c400923a
1106,grid_1106_n7_north_east_south_middle_h0_open_t16,382cdb1345232a66e242a0ead919e7ff76d11c09328eda759ff5f9c075e2c26e,87b157561126d6ac055a50b63f3a3930f5b9b8547b74bd60c48c501d244ea3a1,87b157561126d6ac055a50b63f3a3930f5b9b8547b74bd60c48c501d244ea3a1,87b157561126d6ac055a50b63f3a3930f5b9b8547b74bd60c48c501d244ea3a1,87b157561126d6ac055a50b63f3a3930f5b9b8547b74bd60c48c501d244ea3a1,4b329581bd90a739dd5d14c4daafe02b1d30c7ed924ee9d0fe55e4d1c400923a,4b329581bd90a739dd5d14c4daafe02b1d30c7ed924ee9d0fe55e4d1c400923a
1107,grid_1107_n7_north_east_south_middle_h0_open_t18,4383e1af822ae78a723ab8c025530529d57880c30d0874222714cf23d8b01f16,bd68210daf216871d7681ee46a73a23e4288d31c7d37e6f94b2aa3117d15def4,bd68210daf216871d7681ee46a73a23e4288d31c7d37e6f94b2aa3117d15def4,bd68210daf216871d7681ee46a73a23e4288d31c7d37e6f94b2aa3117d15def4,bd68210daf216871d7681ee46a73a23e4288d31c7d37e6f94b2aa3117d15def4,4b329581bd90a739dd5d14c4daafe02b1d30c7ed924ee9d0fe55e4d1c400923a,4b329581bd90a739dd5d14c4daafe02b1d30c7ed924ee9d0fe55e4d1c400923a
1108,grid_1108_n7_north_east_south_middle_h0_gate_t12,fbf97a1e941122ff24aeedbc3859759ce74b093d24c98ab267814d2d477bb1f2,a6867ca95e8a9c15eca1bdc5dfcc9938396c60debcd47b84d3cc50aefac76380,a6867ca95e8a9c15eca1bdc5dfcc9938396c60debcd47b84d3cc50aefac76380,a6867ca95e8a9c15eca1bdc5dfcc9938396c60debcd47b84d3cc50aefac76380,a6867ca95e8a9c15eca1bdc5dfcc9938396c60debcd47b84d3cc50aefac76380,4b329581bd90a739dd5d14c4daafe02b1d30c7ed924ee9d0fe55e4d1c400923a,4b329581bd90a739dd5d14c4daafe02b1d30c7ed924ee9d0fe55e4d1c400923a
1109,grid_1109_n7_north_east_south_middle_h0_gate_t14,99b7a5285ef0ec5e4d7cdba44732e5fc2e012737b7fb0fabe29e583e58a42ca7,6bdd97fcfeb6064a86810a4a16d78d88198a3e2f7f5bfb22aac16a1e2c0ded76,6bdd97fcfeb6064a86810a4a16d78d88198a3e2f7f5bfb22aac16a1e2c0ded76,6bdd97fcfeb6064a86810a4a16d78d88198a3e2f7f5bfb22aac16a1e2c0ded76,6bdd97fcfeb6064a86810a4a16d78d88198a3e2f7f5bfb22aac16a1e2c0ded76,4b329581bd90a739dd5d14c4daafe02b1d30c7ed924ee9d0fe55e4d1c400923a,4b329581bd90a739dd5d14c4daafe02b1d30c7ed924ee9d0fe55e4d1c400923a
1110,grid_1110_n7_north_east_south_middle_h0_gate_t16,ea9f010141c6d3727dc319e90332041bccc2a0fb99df26a6b7cdb47baa3d7055,5ea45ca9bd646112ee71d9832694b7df6531096d103aae4b0f2dc28dd57f387b,5ea45ca9bd646112ee71d9832694b7df6531096d103aae4b0f2dc28dd57f387b,5ea45ca9bd646112ee71d9832694b7df6531096d103aae4b0f2dc28dd57f387b,5ea45ca9bd646112ee71d9832694b7df6531096d103aae4b0f2dc28dd57f387b,4b329581bd90a739dd5d14c4daafe02b1d30c7ed924ee9d0fe55e4d1c400923a,4b329581bd90a739dd5d14c4daafe02b1d30c7ed924ee9d0fe55e4d1c400923a
1111,grid_1111_n7_north_east_south_middle_h0_gate_t18,17f83aeef181dd51be22fda69c20ea843ea6dd52d167fabafa3f6a259ef63795,3ac2c3763afbb46748861011c21454e64df984a260fde617751007ee2f432d8e,3ac2c3763afbb46748861011c21454e64df984a260fde617751007ee2f432d8e,3ac2c3763afbb46748861011c21454e64df984a260fde617751007ee2f432d8e,3ac2c3763afbb46748861011c21454e64df984a260fde617751007ee2f432d8e,4b329581bd90a739dd5d14c4daafe02b1d30c7ed924ee9d0fe55e4d1c400923a,4b329581bd90a739dd5d14c4daafe02b1d30c7ed924ee9d0fe55e4d1c400923a
1112,grid_1112_n7_north_east_south_middle_h0_staggered_t12,1a5e2708feddee252eb7b688a526ead997fade597701f5f4206d4500309e22d2,6efe06f3aea49b0860e66e2fdd8c6f0dbc2473ad2b1f0e430cab591dcc0d093b,6efe06f3aea49b0860e66e2fdd8c6f0dbc2473ad2b1f0e430cab591dcc0d093b,6efe06f3aea49b0860e66e2fdd8c6f0dbc2473ad2b1f0e430cab591dcc0d093b,6efe06f3aea49b0860e66e2fdd8c6f0dbc2473ad2b1f0e430cab591dcc0d093b,4b329581bd90a739dd5d14c4daafe02b1d30c7ed924ee9d0fe55e4d1c400923a,4b329581bd90a739dd5d14c4daafe02b1d30c7ed924ee9d0fe55e4d1c400923a
1113,grid_1113_n7_north_east_south_middle_h0_staggered_t14,9c8ad37ee08debbf5f28478525445f3912117e652900ac821de356e94608846f,b61f823bad1b7ca6ff84ba001401cb078be85d0b7f2ee0a4feb2220ee7e73f2e,b61f823bad1b7ca6ff84ba001401cb078be85d0b7f2ee0a4feb2220ee7e73f2e,b61f823bad1b7ca6ff84ba001401cb078be85d0b7f2ee0a4feb2220ee7e73f2e,b61f823bad1b7ca6ff84ba001401cb078be85d0b7f2ee0a4feb2220ee7e73f2e,4b329581bd90a739dd5d14c4daafe02b1d30c7ed924ee9d0fe55e4d1c400923a,4b329581bd90a739dd5d14c4daafe02b1d30c7ed924ee9d0fe55e4d1c400923a
1114,grid_1114_n7_north_east_south_middle_h0_staggered_t16,2bb2f65639644e23a93609dc49c5f639815208b80fd49ddb07897a5faae96998,9bbd75acbe34089b6acf21b5d15850b1b389d9e4df5e1cfc9ba98d58a02ff6ec,9bbd75acbe34089b6acf21b5d15850b1b389d9e4df5e1cfc9ba98d58a02ff6ec,9bbd75acbe34089b6acf21b5d15850b1b389d9e4df5e1cfc9ba98d58a02ff6ec,9bbd75acbe34089b6acf21b5d15850b1b389d9e4df5e1cfc9ba98d58a02ff6ec,4b329581bd90a739dd5d14c4daafe02b1d30c7ed924ee9d0fe55e4d1c400923a,4b329581bd90a739dd5d14c4daafe02b1d30c7ed924ee9d0fe55e4d1c400923a
1115,grid_1115_n7_north_east_south_middle_h0_staggered_t18,18c071cb34f248fbb7f7db5f6aae1e9a83f3838bd51560432d2b3cdbe409fddf,c4f26340fb82383b3bc7306d533c634c0472585bb882627a9a0d04c0ebf83b1b,c4f26340fb82383b3bc7306d533c634c0472585bb882627a9a0d04c0ebf83b1b,c4f26340fb82383b3bc7306d533c634c0472585bb882627a9a0d04c0ebf83b1b,c4f26340fb82383b3bc7306d533c634c0472585bb882627a9a0d04c0ebf83b1b,4b329581bd90a739dd5d14c4daafe02b1d30c7ed924ee9d0fe55e4d1c400923a,4b329581bd90a739dd5d14c4daafe02b1d30c7ed924ee9d0fe55e4d1c400923a
1116,grid_1116_n7_north_east_south_middle_h1_open_t12,7089d6b24e8061287dc482669e1c378beb703d67f0391f934c70d10454eb0012,671a13af62c4371a805129f491a64d637256cd9be3bc97a513ae013a363006d9,671a13af62c4371a805129f491a64d637256cd9be3bc97a513ae013a363006d9,671a13af62c4371a805129f491a64d637256cd9be3bc97a513ae013a363006d9,671a13af62c4371a805129f491a64d637256cd9be3bc97a513ae013a363006d9,4b329581bd90a739dd5d14c4daafe02b1d30c7ed924ee9d0fe55e4d1c400923a,4b329581bd90a739dd5d14c4daafe02b1d30c7ed924ee9d0fe55e4d1c400923a
1117,grid_1117_n7_north_east_south_middle_h1_open_t14,7b160916ad54d002e7619ff07583626cf6152cc7f8e50cb1e3af47564af00958,e6a8fe9ac3e375f76a7818414abefdca07e2869d3112b6e94973279796a12dc0,e6a8fe9ac3e375f76a7818414abefdca07e2869d3112b6e94973279796a12dc0,e6a8fe9ac3e375f76a7818414abefdca07e2869d3112b6e94973279796a12dc0,e6a8fe9ac3e375f76a7818414abefdca07e2869d3112b6e94973279796a12dc0,4b329581bd90a739dd5d14c4daafe02b1d30c7ed924ee9d0fe55e4d1c400923a,4b329581bd90a739dd5d14c4daafe02b1d30c7ed924ee9d0fe55e4d1c400923a
1118,grid_1118_n7_north_east_south_middle_h1_open_t16,b9e3d71fde8ee02f2a1a9034947ba1c7b2d75072f1714d7ba1b3af1622e3c420,e3ec9a1f8606103544687781713579215dd4707ca2dc766de8311a0295b340ea,e3ec9a1f8606103544687781713579215dd4707ca2dc766de8311a0295b340ea,e3ec9a1f8606103544687781713579215dd4707ca2dc766de8311a0295b340ea,e3ec9a1f8606103544687781713579215dd4707ca2dc766de8311a0295b340ea,4b329581bd90a739dd5d14c4daafe02b1d30c7ed924ee9d0fe55e4d1c400923a,4b329581bd90a739dd5d14c4daafe02b1d30c7ed924ee9d0fe55e4d1c400923a
1119,grid_1119_n7_north_east_south_middle_h1_open_t18,6f02c490a8cd157503a161cb364a9215abe5c1b3b9ffdd877df28d610ccf3540,0f4a3ab9806195247f4bcdb3e5d295f099c33b694b4da9b23f94fac99850596a,0f4a3ab9806195247f4bcdb3e5d295f099c33b694b4da9b23f94fac99850596a,0f4a3ab9806195247f4bcdb3e5d295f099c33b694b4da9b23f94fac99850596a,0f4a3ab9806195247f4bcdb3e5d295f099c33b694b4da9b23f94fac99850596a,4b329581bd90a739dd5d14c4daafe02b1d30c7ed924ee9d0fe55e4d1c400923a,4b329581bd90a739dd5d14c4daafe02b1d30c7ed924ee9d0fe55e4d1c400923a
1120,grid_1120_n7_north_east_south_middle_h1_gate_t12,3683e587734e497121c9213efa654b72feedb9553f1adfb07edaa0a5abe18ffc,1ac2abba9a45625f819a1164e84e2d053db96aec1bc51616f9ca10fe0ab02922,1ac2abba9a45625f819a1164e84e2d053db96aec1bc51616f9ca10fe0ab02922,1ac2abba9a45625f819a1164e84e2d053db96aec1bc51616f9ca10fe0ab02922,1ac2abba9a45625f819a1164e84e2d053db96aec1bc51616f9ca10fe0ab02922,4b329581bd90a739dd5d14c4daafe02b1d30c7ed924ee9d0fe55e4d1c400923a,4b329581bd90a739dd5d14c4daafe02b1d30c7ed924ee9d0fe55e4d1c400923a
1121,grid_1121_n7_north_east_south_middle_h1_gate_t14,fc3bb960e3d9b706fc505f76f298f069245cf0c4d3300b12d0ca48c3fd10ed88,502600cea83ebe43cad7b9244d90c1b7c2537706a3224ec5e5e9e1d3e02d7406,502600cea83ebe43cad7b9244d90c1b7c2537706a3224ec5e5e9e1d3e02d7406,502600cea83ebe43cad7b9244d90c1b7c2537706a3224ec5e5e9e1d3e02d7406,502600cea83ebe43cad7b9244d90c1b7c2537706a3224ec5e5e9e1d3e02d7406,4b329581bd90a739dd5d14c4daafe02b1d30c7ed924ee9d0fe55e4d1c400923a,4b329581bd90a739dd5d14c4daafe02b1d30c7ed924ee9d0fe55e4d1c400923a
1122,grid_1122_n7_north_east_south_middle_h1_gate_t16,c9873f800a9bc4ea4ae116de37dc9cd2f0537c873d70f74c640567f1c54b8082,8507d3d28941b11683349f0641b9fbd7fedf328579cbcc710743f2edf5dcf1e4,8507d3d28941b11683349f0641b9fbd7fedf328579cbcc710743f2edf5dcf1e4,8507d3d28941b11683349f0641b9fbd7fedf328579cbcc710743f2edf5dcf1e4,8507d3d28941b11683349f0641b9fbd7fedf328579cbcc710743f2edf5dcf1e4,4b329581bd90a739dd5d14c4daafe02b1d30c7ed924ee9d0fe55e4d1c400923a,4b329581bd90a739dd5d14c4daafe02b1d30c7ed924ee9d0fe55e4d1c400923a
1123,grid_1123_n7_north_east_south_middle_h1_gate_t18,a3c084622502c1b429e79041969c3c696e418e30c8338f6815604d665d75d4cd,50aab0ce25e15f3707df8a4a42c7c9c0eed5ec3425b12b7a95e25b39576a0a62,50aab0ce25e15f3707df8a4a42c7c9c0eed5ec3425b12b7a95e25b39576a0a62,50aab0ce25e15f3707df8a4a42c7c9c0eed5ec3425b12b7a95e25b39576a0a62,50aab0ce25e15f3707df8a4a42c7c9c0eed5ec3425b12b7a95e25b39576a0a62,4b329581bd90a739dd5d14c4daafe02b1d30c7ed924ee9d0fe55e4d1c400923a,4b329581bd90a739dd5d14c4daafe02b1d30c7ed924ee9d0fe55e4d1c400923a
1124,grid_1124_n7_north_east_south_middle_h1_staggered_t12,db0bb8ae58328b102a24e8f671333634e83071903ee9e631383feba1f6fd654f,b098e77d8710799173dc3beb5f7b36844017e9f4278ccc3ad05022cc548399a2,b098e77d8710799173dc3beb5f7b36844017e9f4278ccc3ad05022cc548399a2,b098e77d8710799173dc3beb5f7b36844017e9f4278ccc3ad05022cc548399a2,b098e77d8710799173dc3beb5f7b36844017e9f4278ccc3ad05022cc548399a2,4b329581bd90a739dd5d14c4daafe02b1d30c7ed924ee9d0fe55e4d1c400923a,4b329581bd90a739dd5d14c4daafe02b1d30c7ed924ee9d0fe55e4d1c400923a
1125,grid_1125_n7_north_east_south_middle_h1_staggered_t14,6232ba8f7acbb166f47adedb05adf19ebd1948b8756f8e0883fa300eef67b0c9,808239dc53df1bcf755f268c6d7a141e6c9256c482fad73da043dd689386a39b,808239dc53df1bcf755f268c6d7a141e6c9256c482fad73da043dd689386a39b,808239dc53df1bcf755f268c6d7a141e6c9256c482fad73da043dd689386a39b,808239dc53df1bcf755f268c6d7a141e6c9256c482fad73da043dd689386a39b,4b329581bd90a739dd5d14c4daafe02b1d30c7ed924ee9d0fe55e4d1c400923a,4b329581bd90a739dd5d14c4daafe02b1d30c7ed924ee9d0fe55e4d1c400923a
1126,grid_1126_n7_north_east_south_middle_h1_staggered_t16,59f2c4364dfa85d705c939a5fb8d19d0c5af1a2a52841c649df785ad484abebc,6eda11c03275f6d283332e991707d0a1c9dcd3a9b806dadf0f8f20d7ffd7c319,6eda11c03275f6d283332e991707d0a1c9dcd3a9b806dadf0f8f20d7ffd7c319,6eda11c03275f6d283332e991707d0a1c9dcd3a9b806dadf0f8f20d7ffd7c319,6eda11c03275f6d283332e991707d0a1c9dcd3a9b806dadf0f8f20d7ffd7c319,4b329581bd90a739dd5d14c4daafe02b1d30c7ed924ee9d0fe55e4d1c400923a,4b329581bd90a739dd5d14c4daafe02b1d30c7ed924ee9d0fe55e4d1c400923a
1127,grid_1127_n7_north_east_south_middle_h1_staggered_t18,86802aa3af430e44b0fd50dc1408dd5c256c16027b7e2c7867e2df61c7234a76,2c16495e54b7703735efa74fae8f88008e31d88a6aa25a79005fe2548f4a7081,2c16495e54b7703735efa74fae8f88008e31d88a6aa25a79005fe2548f4a7081,2c16495e54b7703735efa74fae8f88008e31d88a6aa25a79005fe2548f4a7081,2c16495e54b7703735efa74fae8f88008e31d88a6aa25a79005fe2548f4a7081,4b329581bd90a739dd5d14c4daafe02b1d30c7ed924ee9d0fe55e4d1c400923a,4b329581bd90a739dd5d14c4daafe02b1d30c7ed924ee9d0fe55e4d1c400923a
1128,grid_1128_n7_north_east_south_middle_h2_open_t12,fa20868926c46c64bc11014f720637640eb0e27d1b77ccbb9c324b0a711c3dd3,1f7742ecf0fa01b7a8890d16dce6a934e36770a7f507fcb261b9d7d2b3cc5be1,1f7742ecf0fa01b7a8890d16dce6a934e36770a7f507fcb261b9d7d2b3cc5be1,1f7742ecf0fa01b7a8890d16dce6a934e36770a7f507fcb261b9d7d2b3cc5be1,1f7742ecf0fa01b7a8890d16dce6a934e36770a7f507fcb261b9d7d2b3cc5be1,4b329581bd90a739dd5d14c4daafe02b1d30c7ed924ee9d0fe55e4d1c400923a,4b329581bd90a739dd5d14c4daafe02b1d30c7ed924ee9d0fe55e4d1c400923a
1129,grid_1129_n7_north_east_south_middle_h2_open_t14,6e06f10a514829778052c36b288231872e926a8593c92703c41de705fe7002e6,ac5e3ad7a50f7d03fadba2307298013c0499f6569072c22bc241e27750992517,ac5e3ad7a50f7d03fadba2307298013c0499f6569072c22bc241e27750992517,ac5e3ad7a50f7d03fadba2307298013c0499f6569072c22bc241e27750992517,ac5e3ad7a50f7d03fadba2307298013c0499f6569072c22bc241e27750992517,4b329581bd90a739dd5d14c4daafe02b1d30c7ed924ee9d0fe55e4d1c400923a,4b329581bd90a739dd5d14c4daafe02b1d30c7ed924ee9d0fe55e4d1c400923a
1130,grid_1130_n7_north_east_south_middle_h2_open_t16,6d739ff34f7770f66dc8275026f179c49df3a1e061bf513518ea7e75926fa352,73d6242f64f776d029c3453d686c1c2f86fc860102f02ce10d6243efd8108c2f,73d6242f64f776d029c3453d686c1c2f86fc860102f02ce10d6243efd8108c2f,73d6242f64f776d029c3453d686c1c2f86fc860102f02ce10d6243efd8108c2f,73d6242f64f776d029c3453d686c1c2f86fc860102f02ce10d6243efd8108c2f,4b329581bd90a739dd5d14c4daafe02b1d30c7ed924ee9d0fe55e4d1c400923a,4b329581bd90a739dd5d14c4daafe02b1d30c7ed924ee9d0fe55e4d1c400923a
1131,grid_1131_n7_north_east_south_middle_h2_open_t18,cdb5b0b1bb0fd27ca5aef83828b1c0b09c36836bde215b5ec9fb356d7546f5be,3d4d2ca9b4fc7ac074aef6c88f6ea0e6d6ec65be84b72d019a2d0cde4ffcbb3d,3d4d2ca9b4fc7ac074aef6c88f6ea0e6d6ec65be84b72d019a2d0cde4ffcbb3d,3d4d2ca9b4fc7ac074aef6c88f6ea0e6d6ec65be84b72d019a2d0cde4ffcbb3d,3d4d2ca9b4fc7ac074aef6c88f6ea0e6d6ec65be84b72d019a2d0cde4ffcbb3d,4b329581bd90a739dd5d14c4daafe02b1d30c7ed924ee9d0fe55e4d1c400923a,4b329581bd90a739dd5d14c4daafe02b1d30c7ed924ee9d0fe55e4d1c400923a
1132,grid_1132_n7_north_east_south_middle_h2_gate_t12,bea3ec536e6e99ac8e73886b0a9cb6b9e54aaef32fdb88a132c0ce9ff0dc8d4b,6b37613c95565c7cfe72bf3696f846d69e74d28d79dc6452c2b1b9ca602a9f00,6b37613c95565c7cfe72bf3696f846d69e74d28d79dc6452c2b1b9ca602a9f00,6b37613c95565c7cfe72bf3696f846d69e74d28d79dc6452c2b1b9ca602a9f00,6b37613c95565c7cfe72bf3696f846d69e74d28d79dc6452c2b1b9ca602a9f00,4b329581bd90a739dd5d14c4daafe02b1d30c7ed924ee9d0fe55e4d1c400923a,4b329581bd90a739dd5d14c4daafe02b1d30c7ed924ee9d0fe55e4d1c400923a
1133,grid_1133_n7_north_east_south_middle_h2_gate_t14,91cdb4816eab3054ba0c83e6df343666b99ddbdd3339f3d40e63de695cf56426,1c7cfe3b895368391d94e194e92b1af78d4e862ddba431d41230116b48326980,1c7cfe3b895368391d94e194e92b1af78d4e862ddba431d41230116b48326980,1c7cfe3b895368391d94e194e92b1af78d4e862ddba431d41230116b48326980,1c7cfe3b895368391d94e194e92b1af78d4e862ddba431d41230116b48326980,4b329581bd90a739dd5d14c4daafe02b1d30c7ed924ee9d0fe55e4d1c400923a,4b329581bd90a739dd5d14c4daafe02b1d30c7ed924ee9d0fe55e4d1c400923a
1134,grid_1134_n7_north_east_south_middle_h2_gate_t16,f29177eb46f0494842cef300bba46e2c71fecd1807079448f202da680edb7efc,f131664ad234c4f04de2795ac9238555bb80332879652493b5415dfdebac5e1f,f131664ad234c4f04de2795ac9238555bb80332879652493b5415dfdebac5e1f,f131664ad234c4f04de2795ac9238555bb80332879652493b5415dfdebac5e1f,f131664ad234c4f04de2795ac9238555bb80332879652493b5415dfdebac5e1f,4b329581bd90a739dd5d14c4daafe02b1d30c7ed924ee9d0fe55e4d1c400923a,4b329581bd90a739dd5d14c4daafe02b1d30c7ed924ee9d0fe55e4d1c400923a
1135,grid_1135_n7_north_east_south_middle_h2_gate_t18,d9a8e0bf23cf03c55104320a45a4c34c4ea0eb29b105f018e85f444fc3feca9a,d33895e2707225eb0866b068a382deaeedb2484eff188f3f6e0452ab7f5dc326,d33895e2707225eb0866b068a382deaeedb2484eff188f3f6e0452ab7f5dc326,d33895e2707225eb0866b068a382deaeedb2484eff188f3f6e0452ab7f5dc326,d33895e2707225eb0866b068a382deaeedb2484eff188f3f6e0452ab7f5dc326,4b329581bd90a739dd5d14c4daafe02b1d30c7ed924ee9d0fe55e4d1c400923a,4b329581bd90a739dd5d14c4daafe02b1d30c7ed924ee9d0fe55e4d1c400923a
1136,grid_1136_n7_north_east_south_middle_h2_staggered_t12,1469662c91cd952470a8eca13a25400075343956c82dab464a65c22a00adf35f,422a681fd3a74bfa755dd5eb11c2b9868826e3b31d58a2fcb1357134ba7e6d3a,422a681fd3a74bfa755dd5eb11c2b9868826e3b31d58a2fcb1357134ba7e6d3a,422a681fd3a74bfa755dd5eb11c2b9868826e3b31d58a2fcb1357134ba7e6d3a,422a681fd3a74bfa755dd5eb11c2b9868826e3b31d58a2fcb1357134ba7e6d3a,4b329581bd90a739dd5d14c4daafe02b1d30c7ed924ee9d0fe55e4d1c400923a,4b329581bd90a739dd5d14c4daafe02b1d30c7ed924ee9d0fe55e4d1c400923a
1137,grid_1137_n7_north_east_south_middle_h2_staggered_t14,1ba607abb75cd9031244ebfb2c1a5b6be83fa3c09e2bb90d3b1c041e6d9eac0b,779e2d33cadb5c9903fee4b7b0d3d91fbeb0dab11d24460dbc3df199a3969a37,779e2d33cadb5c9903fee4b7b0d3d91fbeb0dab11d24460dbc3df199a3969a37,779e2d33cadb5c9903fee4b7b0d3d91fbeb0dab11d24460dbc3df199a3969a37,779e2d33cadb5c9903fee4b7b0d3d91fbeb0dab11d24460dbc3df199a3969a37,4b329581bd90a739dd5d14c4daafe02b1d30c7ed924ee9d0fe55e4d1c400923a,4b329581bd90a739dd5d14c4daafe02b1d30c7ed924ee9d0fe55e4d1c400923a
1138,grid_1138_n7_north_east_south_middle_h2_staggered_t16,b1c4b2971ed3a326a5116ac34204d57abf76b385570b3d37c101ed9ba45543e6,26a46faf7165f4a0e60d85442a01b7a8f0c96d07e4b4fd36466a38e71d42b867,26a46faf7165f4a0e60d85442a01b7a8f0c96d07e4b4fd36466a38e71d42b867,26a46faf7165f4a0e60d85442a01b7a8f0c96d07e4b4fd36466a38e71d42b867,26a46faf7165f4a0e60d85442a01b7a8f0c96d07e4b4fd36466a38e71d42b867,4b329581bd90a739dd5d14c4daafe02b1d30c7ed924ee9d0fe55e4d1c400923a,4b329581bd90a739dd5d14c4daafe02b1d30c7ed924ee9d0fe55e4d1c400923a
1139,grid_1139_n7_north_east_south_middle_h2_staggered_t18,e8494b4680761c934333bc7ff9555e11149f51c8223dfab823693407eb7ed989,9dc489614b5cdb767860da374b8a806d62abf27a931a6ccdaafcba04197a4518,9dc489614b5cdb767860da374b8a806d62abf27a931a6ccdaafcba04197a4518,9dc489614b5cdb767860da374b8a806d62abf27a931a6ccdaafcba04197a4518,9dc489614b5cdb767860da374b8a806d62abf27a931a6ccdaafcba04197a4518,4b329581bd90a739dd5d14c4daafe02b1d30c7ed924ee9d0fe55e4d1c400923a,4b329581bd90a739dd5d14c4daafe02b1d30c7ed924ee9d0fe55e4d1c400923a
1140,grid_1140_n7_north_east_south_middle_h3_open_t12,299a6f2864a3b432996d9918d883f1faed9a0874e21cd39755207390871890d9,05dde4bb87b44958bd121f2bcf06be4828486008c5927d6afd2fa25423499200,05dde4bb87b44958bd121f2bcf06be4828486008c5927d6afd2fa25423499200,05dde4bb87b44958bd121f2bcf06be4828486008c5927d6afd2fa25423499200,05dde4bb87b44958bd121f2bcf06be4828486008c5927d6afd2fa25423499200,4b329581bd90a739dd5d14c4daafe02b1d30c7ed924ee9d0fe55e4d1c400923a,4b329581bd90a739dd5d14c4daafe02b1d30c7ed924ee9d0fe55e4d1c400923a
1141,grid_1141_n7_north_east_south_middle_h3_open_t14,4d44f881852557fe196178ae98cdc59f6fd38fb8e43fab4832151a92e0558ecb,51858250071f25ef2401401817bbdd2568cea7775060bafe5966ba0fca1c2fe4,51858250071f25ef2401401817bbdd2568cea7775060bafe5966ba0fca1c2fe4,51858250071f25ef2401401817bbdd2568cea7775060bafe5966ba0fca1c2fe4,51858250071f25ef2401401817bbdd2568cea7775060bafe5966ba0fca1c2fe4,4b329581bd90a739dd5d14c4daafe02b1d30c7ed924ee9d0fe55e4d1c400923a,4b329581bd90a739dd5d14c4daafe02b1d30c7ed924ee9d0fe55e4d1c400923a
1142,grid_1142_n7_north_east_south_middle_h3_open_t16,8511fbb8b91644bae57030f60cac9721e3d70078db74c219d4bbf4b6e59f869e,a4015ac0dea735fc10aa9a1c00cb566766ba6affd9bd18aef3ee702b77040484,a4015ac0dea735fc10aa9a1c00cb566766ba6affd9bd18aef3ee702b77040484,a4015ac0dea735fc10aa9a1c00cb566766ba6affd9bd18aef3ee702b77040484,a4015ac0dea735fc10aa9a1c00cb566766ba6affd9bd18aef3ee702b77040484,4b329581bd90a739dd5d14c4daafe02b1d30c7ed924ee9d0fe55e4d1c400923a,4b329581bd90a739dd5d14c4daafe02b1d30c7ed924ee9d0fe55e4d1c400923a
1143,grid_1143_n7_north_east_south_middle_h3_open_t18,ff3b4dd24cfb118aa6a6c74da447a5e0d1715e1823d90c2947618cd2c8182a10,8eb861ea0cffb174d8cc89a36710b37d87514f4591bb07ec8f7f8398eec28d71,8eb861ea0cffb174d8cc89a36710b37d87514f4591bb07ec8f7f8398eec28d71,8eb861ea0cffb174d8cc89a36710b37d87514f4591bb07ec8f7f8398eec28d71,8eb861ea0cffb174d8cc89a36710b37d87514f4591bb07ec8f7f8398eec28d71,4b329581bd90a739dd5d14c4daafe02b1d30c7ed924ee9d0fe55e4d1c400923a,4b329581bd90a739dd5d14c4daafe02b1d30c7ed924ee9d0fe55e4d1c400923a
1144,grid_1144_n7_north_east_south_middle_h3_gate_t12,7064f567c5f5a4d0c58bdd105d2c1db01a48b78d21c9cea61dd2a302e4ec7711,fd456323937646f9dacb23c0628280309c753e94b9576358bd20a0c40b3b20a5,fd456323937646f9dacb23c0628280309c753e94b9576358bd20a0c40b3b20a5,fd456323937646f9dacb23c0628280309c753e94b9576358bd20a0c40b3b20a5,fd456323937646f9dacb23c0628280309c753e94b9576358bd20a0c40b3b20a5,0dc58cb7edcc5563213f11f22d4d42cabf67fd526c193a155e0e2128bfdc2709,0dc58cb7edcc5563213f11f22d4d42cabf67fd526c193a155e0e2128bfdc2709
1145,grid_1145_n7_north_east_south_middle_h3_gate_t14,ea05501f5c67104887c180777de3a269d4586989f58fb58bf6e653bbc230e179,11f2cf2463293888dc19c748a8b999621134f7aa8b28a7ab598f9ebba5636b5b,11f2cf2463293888dc19c748a8b999621134f7aa8b28a7ab598f9ebba5636b5b,11f2cf2463293888dc19c748a8b999621134f7aa8b28a7ab598f9ebba5636b5b,11f2cf2463293888dc19c748a8b999621134f7aa8b28a7ab598f9ebba5636b5b,0dc58cb7edcc5563213f11f22d4d42cabf67fd526c193a155e0e2128bfdc2709,0dc58cb7edcc5563213f11f22d4d42cabf67fd526c193a155e0e2128bfdc2709
1146,grid_1146_n7_north_east_south_middle_h3_gate_t16,790fef38e6b51f940bc35e3dfb6ac524e9d56b3ca615756475eb19d2386b4dfa,9dc7a8b454bcb5ed62b6cc6f94f57ab0b70868cd47e70cd9c5ce8e9942a7cc3e,9dc7a8b454bcb5ed62b6cc6f94f57ab0b70868cd47e70cd9c5ce8e9942a7cc3e,9dc7a8b454bcb5ed62b6cc6f94f57ab0b70868cd47e70cd9c5ce8e9942a7cc3e,9dc7a8b454bcb5ed62b6cc6f94f57ab0b70868cd47e70cd9c5ce8e9942a7cc3e,0dc58cb7edcc5563213f11f22d4d42cabf67fd526c193a155e0e2128bfdc2709,0dc58cb7edcc5563213f11f22d4d42cabf67fd526c193a155e0e2128bfdc2709
1147,grid_1147_n7_north_east_south_middle_h3_gate_t18,57258cb7b8638309d81ebca9e4de0ee81f88adfbbb5fd11dcfdff22a8b4184a0,750a18d99f0621d0c8e26823906dc8e5230be90f9092bf645673fd2c62aac880,750a18d99f0621d0c8e26823906dc8e5230be90f9092bf645673fd2c62aac880,750a18d99f0621d0c8e26823906dc8e5230be90f9092bf645673fd2c62aac880,750a18d99f0621d0c8e26823906dc8e5230be90f9092bf645673fd2c62aac880,0dc58cb7edcc5563213f11f22d4d42cabf67fd526c193a155e0e2128bfdc2709,0dc58cb7edcc5563213f11f22d4d42cabf67fd526c193a155e0e2128bfdc2709
1148,grid_1148_n7_north_east_south_middle_h3_staggered_t12,e01b3791c83ac15d60f611f8086e48dd12b72e842d8c13602b397cb769b2e2b8,da6404aec78770646e0eb224357338efb4701d78e864c355ce81200d5cf8a083,da6404aec78770646e0eb224357338efb4701d78e864c355ce81200d5cf8a083,da6404aec78770646e0eb224357338efb4701d78e864c355ce81200d5cf8a083,da6404aec78770646e0eb224357338efb4701d78e864c355ce81200d5cf8a083,4b329581bd90a739dd5d14c4daafe02b1d30c7ed924ee9d0fe55e4d1c400923a,4b329581bd90a739dd5d14c4daafe02b1d30c7ed924ee9d0fe55e4d1c400923a
1149,grid_1149_n7_north_east_south_middle_h3_staggered_t14,1b8dc6f8c156922a3d9b48f79c8ddc59a292313eea2e32c83cd6360b392d20b0,3d66b43a6073d27481fbfd4eed962f46a06c7420cd4400a847eb2406315a70ad,3d66b43a6073d27481fbfd4eed962f46a06c7420cd4400a847eb2406315a70ad,3d66b43a6073d27481fbfd4eed962f46a06c7420cd4400a847eb2406315a70ad,3d66b43a6073d27481fbfd4eed962f46a06c7420cd4400a847eb2406315a70ad,4b329581bd90a739dd5d14c4daafe02b1d30c7ed924ee9d0fe55e4d1c400923a,4b329581bd90a739dd5d14c4daafe02b1d30c7ed924ee9d0fe55e4d1c400923a
1150,grid_1150_n7_north_east_south_middle_h3_staggered_t16,45eb6b5a3317d113eb758fa3be0dfbe4e287e75d5d8e524999682edf6c18b342,a41ca2af98b5f1e28f6e35ad59046f7e7c6d741612a64322bd5832e76b2c3e6a,a41ca2af98b5f1e28f6e35ad59046f7e7c6d741612a64322bd5832e76b2c3e6a,a41ca2af98b5f1e28f6e35ad59046f7e7c6d741612a64322bd5832e76b2c3e6a,a41ca2af98b5f1e28f6e35ad59046f7e7c6d741612a64322bd5832e76b2c3e6a,4b329581bd90a739dd5d14c4daafe02b1d30c7ed924ee9d0fe55e4d1c400923a,4b329581bd90a739dd5d14c4daafe02b1d30c7ed924ee9d0fe55e4d1c400923a
1151,grid_1151_n7_north_east_south_middle_h3_staggered_t18,4be62a133c2e4eb08b7e59566e514763f0cce7887d5c85e62ee08cf63508ebb3,6b1303fb096a9e7a7ddb915d0acce019bbd400df8187b1177606b8b8a58a03b6,6b1303fb096a9e7a7ddb915d0acce019bbd400df8187b1177606b8b8a58a03b6,6b1303fb096a9e7a7ddb915d0acce019bbd400df8187b1177606b8b8a58a03b6,6b1303fb096a9e7a7ddb915d0acce019bbd400df8187b1177606b8b8a58a03b6,4b329581bd90a739dd5d14c4daafe02b1d30c7ed924ee9d0fe55e4d1c400923a,4b329581bd90a739dd5d14c4daafe02b1d30c7ed924ee9d0fe55e4d1c400923a
1152,grid_1152_n7_south_west_south_east_h0_open_t12,ef3a07036982de2709150588804602e291174abec1b8ba133fe16a056fafdd70,bd5a3e8f82cd3852257ad3d9350c9e59f8615c2136f024b98f6c4a315f4f9311,bd5a3e8f82cd3852257ad3d9350c9e59f8615c2136f024b98f6c4a315f4f9311,bd5a3e8f82cd3852257ad3d9350c9e59f8615c2136f024b98f6c4a315f4f9311,bd5a3e8f82cd3852257ad3d9350c9e59f8615c2136f024b98f6c4a315f4f9311,50d664647a94204a3892b45e6e03fc145a76d886c2b1d3ca80b664a83ca818e0,50d664647a94204a3892b45e6e03fc145a76d886c2b1d3ca80b664a83ca818e0
1153,grid_1153_n7_south_west_south_east_h0_open_t14,724640ea5cd4c695ac4dffeb6ccbf1244546ec644c8506f0ba1081b377384ef7,cbb79a2f50e877f97df97f90575e47bf85cb7541913642e6474b98dc026ac876,cbb79a2f50e877f97df97f90575e47bf85cb7541913642e6474b98dc026ac876,cbb79a2f50e877f97df97f90575e47bf85cb7541913642e6474b98dc026ac876,cbb79a2f50e877f97df97f90575e47bf85cb7541913642e6474b98dc026ac876,50d664647a94204a3892b45e6e03fc145a76d886c2b1d3ca80b664a83ca818e0,50d664647a94204a3892b45e6e03fc145a76d886c2b1d3ca80b664a83ca818e0
1154,grid_1154_n7_south_west_south_east_h0_open_t16,5a2fbdd527a8b1f22921b6b984afb8179c2ddb97c24a35f2cd55004f5a4095b5,b9c025449565b205074ab4cdbda7088091bf7ac4e67b8e98be0a0eeecb28aaef,b9c025449565b205074ab4cdbda7088091bf7ac4e67b8e98be0a0eeecb28aaef,b9c025449565b205074ab4cdbda7088091bf7ac4e67b8e98be0a0eeecb28aaef,b9c025449565b205074ab4cdbda7088091bf7ac4e67b8e98be0a0eeecb28aaef,50d664647a94204a3892b45e6e03fc145a76d886c2b1d3ca80b664a83ca818e0,50d664647a94204a3892b45e6e03fc145a76d886c2b1d3ca80b664a83ca818e0
1155,grid_1155_n7_south_west_south_east_h0_open_t18,fb13b3a68bf463e863ea4495d78b7f3de8f0b140d32510a69267f7ec5ccd8fc6,6ae8a15e86c53595740d8d45d359ebe88eb7d4bdeac3f1992755bc082199a466,6ae8a15e86c53595740d8d45d359ebe88eb7d4bdeac3f1992755bc082199a466,6ae8a15e86c53595740d8d45d359ebe88eb7d4bdeac3f1992755bc082199a466,6ae8a15e86c53595740d8d45d359ebe88eb7d4bdeac3f1992755bc082199a466,50d664647a94204a3892b45e6e03fc145a76d886c2b1d3ca80b664a83ca818e0,50d664647a94204a3892b45e6e03fc145a76d886c2b1d3ca80b664a83ca818e0
1156,grid_1156_n7_south_west_south_east_h0_gate_t12,6463dd03907d4f8a6b3769575f3aa980a90b85fa3e948cce33cdddbe1503d426,,,,,,
1157,grid_1157_n7_south_west_south_east_h0_gate_t14,b8e1e4ddd0f7979ce0546d82717a58afdbffe00ba65aba461d51906cd0f457a8,cf4d11d5a30c86adb117efb1dae2b9638bfa1136050a43dcd3980e59b03a5e70,cf4d11d5a30c86adb117efb1dae2b9638bfa1136050a43dcd3980e59b03a5e70,cf4d11d5a30c86adb117efb1dae2b9638bfa1136050a43dcd3980e59b03a5e70,cf4d11d5a30c86adb117efb1dae2b9638bfa1136050a43dcd3980e59b03a5e70,fd9d28790d34775c8d4d7f81aa88b3c8f5961c02c2d7f661415359a6effba274,fd9d28790d34775c8d4d7f81aa88b3c8f5961c02c2d7f661415359a6effba274
1158,grid_1158_n7_south_west_south_east_h0_gate_t16,9a27b3f467846508a535634a966a32d0d81fb4f20872b762f8a386f158a202a1,4ce38e2ab1133184594778c83d0876f7086f94ea58c77e158329f052eb2d58e3,4ce38e2ab1133184594778c83d0876f7086f94ea58c77e158329f052eb2d58e3,4ce38e2ab1133184594778c83d0876f7086f94ea58c77e158329f052eb2d58e3,4ce38e2ab1133184594778c83d0876f7086f94ea58c77e158329f052eb2d58e3,18f99cfee40710c9eef174d2f0b0821bf84d8007783f6cbae23a6fc81a7b14f7,18f99cfee40710c9eef174d2f0b0821bf84d8007783f6cbae23a6fc81a7b14f7
1159,grid_1159_n7_south_west_south_east_h0_gate_t18,dcc60652dd9e9231bf13d9aa1722543187de72cecaaf46b84848dd3b1d1e3095,1e3ec61242d660d940a3123c24b7cb4c703ac3276b0bb38bee189f22a6b9c120,1e3ec61242d660d940a3123c24b7cb4c703ac3276b0bb38bee189f22a6b9c120,1e3ec61242d660d940a3123c24b7cb4c703ac3276b0bb38bee189f22a6b9c120,1e3ec61242d660d940a3123c24b7cb4c703ac3276b0bb38bee189f22a6b9c120,18f99cfee40710c9eef174d2f0b0821bf84d8007783f6cbae23a6fc81a7b14f7,18f99cfee40710c9eef174d2f0b0821bf84d8007783f6cbae23a6fc81a7b14f7
1160,grid_1160_n7_south_west_south_east_h0_staggered_t12,48d00c8cdd622f7cc9fd0b82e4d82c3e0a3dba07e357eae1dfedfb514a70d082,501596c9c05c791542ef0cfc28bdb0925c0de1ab333b3e8a95fb0fb7352ecfd6,501596c9c05c791542ef0cfc28bdb0925c0de1ab333b3e8a95fb0fb7352ecfd6,501596c9c05c791542ef0cfc28bdb0925c0de1ab333b3e8a95fb0fb7352ecfd6,501596c9c05c791542ef0cfc28bdb0925c0de1ab333b3e8a95fb0fb7352ecfd6,50d664647a94204a3892b45e6e03fc145a76d886c2b1d3ca80b664a83ca818e0,50d664647a94204a3892b45e6e03fc145a76d886c2b1d3ca80b664a83ca818e0
1161,grid_1161_n7_south_west_south_east_h0_staggered_t14,46b637a68bff29bb7e79fed2585775417953fb3b003359db82c6fbdc726efd24,ece6bf9eb04cb7b0fa6e0b94c802797bc355307a2d51def2fbf8546130d4dfd3,ece6bf9eb04cb7b0fa6e0b94c802797bc355307a2d51def2fbf8546130d4dfd3,ece6bf9eb04cb7b0fa6e0b94c802797bc355307a2d51def2fbf8546130d4dfd3,ece6bf9eb04cb7b0fa6e0b94c802797bc355307a2d51def2fbf8546130d4dfd3,50d664647a94204a3892b45e6e03fc145a76d886c2b1d3ca80b664a83ca818e0,50d664647a94204a3892b45e6e03fc145a76d886c2b1d3ca80b664a83ca818e0
1162,grid_1162_n7_south_west_south_east_h0_staggered_t16,0bf62e0999866fc7f251d1a975aa21ff79e3401d4fc7ada0b21f424c6bd331fe,4d424f61953b65a1cbe4a4d5e628df9d74e873f03ce7b65152fcd6d1bc6c0ef5,4d424f61953b65a1cbe4a4d5e628df9d74e873f03ce7b65152fcd6d1bc6c0ef5,4d424f61953b65a1cbe4a4d5e628df9d74e873f03ce7b65152fcd6d1bc6c0ef5,4d424f61953b65a1cbe4a4d5e628df9d74e873f03ce7b65152fcd6d1bc6c0ef5,50d664647a94204a3892b45e6e03fc145a76d886c2b1d3ca80b664a83ca818e0,50d664647a94204a3892b45e6e03fc145a76d886c2b1d3ca80b664a83ca818e0
1163,grid_1163_n7_south_west_south_east_h0_staggered_t18,30f7e54e732904d93025c04e25742dd41ac3b3e720564911a7b262cd396480c0,7cf8eb79ca6e3deba497655e027b095550cd92f6158bbbc7fb7480276a2a50ad,7cf8eb79ca6e3deba497655e027b095550cd92f6158bbbc7fb7480276a2a50ad,7cf8eb79ca6e3deba497655e027b095550cd92f6158bbbc7fb7480276a2a50ad,7cf8eb79ca6e3deba497655e027b095550cd92f6158bbbc7fb7480276a2a50ad,50d664647a94204a3892b45e6e03fc145a76d886c2b1d3ca80b664a83ca818e0,50d664647a94204a3892b45e6e03fc145a76d886c2b1d3ca80b664a83ca818e0
1164,grid_1164_n7_south_west_south_east_h1_open_t12,216c13eda15c044314e87b142f6ae0359e7400275e4c77ea6722f2083b35e018,f1d570210f7d453b18781dc59783299e3b8c13848d28d0e168ba800680d30494,f1d570210f7d453b18781dc59783299e3b8c13848d28d0e168ba800680d30494,f1d570210f7d453b18781dc59783299e3b8c13848d28d0e168ba800680d30494,f1d570210f7d453b18781dc59783299e3b8c13848d28d0e168ba800680d30494,d2e0c41299384673bede5326ec01e6d4b2af494cb50e758829d6e95da198af3f,d2e0c41299384673bede5326ec01e6d4b2af494cb50e758829d6e95da198af3f
1165,grid_1165_n7_south_west_south_east_h1_open_t14,5566a2b11a6ccb93e154a21b85d827a085b650d3729f61607caed499c3ccc1cb,f1d570210f7d453b18781dc59783299e3b8c13848d28d0e168ba800680d30494,f1d570210f7d453b18781dc59783299e3b8c13848d28d0e168ba800680d30494,f1d570210f7d453b18781dc59783299e3b8c13848d28d0e168ba800680d30494,f1d570210f7d453b18781dc59783299e3b8c13848d28d0e168ba800680d30494,d2e0c41299384673bede5326ec01e6d4b2af494cb50e758829d6e95da198af3f,d2e0c41299384673bede5326ec01e6d4b2af494cb50e758829d6e95da198af3f
1166,grid_1166_n7_south_west_south_east_h1_open_t16,2b178eba05a364046a3326c8a36bea05e4efe9479e54f988df41c14b9a0864a8,f1d570210f7d453b18781dc59783299e3b8c13848d28d0e168ba800680d30494,f1d570210f7d453b18781dc59783299e3b8c13848d28d0e168ba800680d30494,f1d570210f7d453b18781dc59783299e3b8c13848d28d0e168ba800680d30494,f1d570210f7d453b18781dc59783299e3b8c13848d28d0e168ba800680d30494,d2e0c41299384673bede5326ec01e6d4b2af494cb50e758829d6e95da198af3f,d2e0c41299384673bede5326ec01e6d4b2af494cb50e758829d6e95da198af3f
1167,grid_1167_n7_south_west_south_east_h1_open_t18,fbb5642ee771be822cfbc4592b5f364599d9ee3011da67d4233d1fa797a9ff20,f1d570210f7d453b18781dc59783299e3b8c13848d28d0e168ba800680d30494,f1d570210f7d453b18781dc59783299e3b8c13848d28d0e168ba800680d30494,f1d570210f7d453b18781dc59783299e3b8c13848d28d0e168ba800680d30494,f1d570210f7d453b18781dc59783299e3b8c13848d28d0e168ba800680d30494,d2e0c41299384673bede5326ec01e6d4b2af494cb50e758829d6e95da198af3f,d2e0c41299384673bede5326ec01e6d4b2af494cb50e758829d6e95da198af3f
1168,grid_1168_n7_south_west_south_east_h1_gate_t12,1caf8db813906ce77ddd967cf710e39812979481cbc49a9f3196b38cae7a2fa2,,,,,,
1169,grid_1169_n7_south_west_south_east_h1_gate_t14,2fe614aa3d07189d364444d3f7eef69cbcbe757684c6235d31ce99c020be051f,,,,,,
1170,grid_1170_n7_south_west_south_east_h1_gate_t16,d5945e4bcb0f92af60fd49b0c75e95687af279df15f1bec48754da02e369bda9,e7f1bd0900832950be947a762df08dd4e4afbda6e121d44a329cf23164704d96,e7f1bd0900832950be947a762df08dd4e4afbda6e121d44a329cf23164704d96,e7f1bd0900832950be947a762df08dd4e4afbda6e121d44a329cf23164704d96,e7f1bd0900832950be947a762df08dd4e4afbda6e121d44a329cf23164704d96,3b8a32d8bb5bdd5ba3dc6601666919d1d6cfc60a119c539fcbc2d5f3b8da73cb,3b8a32d8bb5bdd5ba3dc6601666919d1d6cfc60a119c539fcbc2d5f3b8da73cb
1171,grid_1171_n7_south_west_south_east_h1_gate_t18,ab280701a224dfeb36ecd60a522c321279f387de8bfeed39099ca2c7c1559ca2,ffa10d912208e591560379acda2395d67624b3fbff45b6bf24fa816eafc16cb0,ffa10d912208e591560379acda2395d67624b3fbff45b6bf24fa816eafc16cb0,ffa10d912208e591560379acda2395d67624b3fbff45b6bf24fa816eafc16cb0,ffa10d912208e591560379acda2395d67624b3fbff45b6bf24fa816eafc16cb0,26637ba70e34903bc62a16c1ab36f5b23a672f6feaa8ec58b66b1333865ee600,26637ba70e34903bc62a16c1ab36f5b23a672f6feaa8ec58b66b1333865ee600
1172,grid_1172_n7_south_west_south_east_h1_staggered_t12,b3bdf9e25306c743480a39a3ede2bb46590cdbaf60382f51503abf9fe7c7871b,f1d570210f7d453b18781dc59783299e3b8c13848d28d0e168ba800680d30494,f1d570210f7d453b18781dc59783299e3b8c13848d28d0e168ba800680d30494,f1d570210f7d453b18781dc59783299e3b8c13848d28d0e168ba800680d30494,f1d570210f7d453b18781dc59783299e3b8c13848d28d0e168ba800680d30494,d2e0c41299384673bede5326ec01e6d4b2af494cb50e758829d6e95da198af3f,d2e0c41299384673bede5326ec01e6d4b2af494cb50e758829d6e95da198af3f
1173,grid_1173_n7_south_west_south_east_h1_staggered_t14,668272d847eb9cc0db0affaa24152079d50cc064d945883c428141a75a42dc15,f1d570210f7d453b18781dc59783299e3b8c13848d28d0e168ba800680d30494,f1d570210f7d453b18781dc59783299e3b8c13848d28d0e168ba800680d30494,f1d570210f7d453b18781dc59783299e3b8c13848d28d0e168ba800680d30494,f1d570210f7d453b18781dc59783299e3b8c13848d28d0e168ba800680d30494,d2e0c41299384673bede5326ec01e6d4b2af494cb50e758829d6e95da198af3f,d2e0c41299384673bede5326ec01e6d4b2af494cb50e758829d6e95da198af3f
1174,grid_1174_n7_south_west_south_east_h1_staggered_t16,36213a4ccefb2c3578b893bd9b45e5bfc020cb088c5e01d4a6ac07ee222405c6,f1d570210f7d453b18781dc59783299e3b8c13848d28d0e168ba800680d30494,f1d570210f7d453b18781dc59783299e3b8c13848d28d0e168ba800680d30494,f1d570210f7d453b18781dc59783299e3b8c13848d28d0e168ba800680d30494,f1d570210f7d453b18781dc59783299e3b8c13848d28d0e168ba800680d30494,d2e0c41299384673bede5326ec01e6d4b2af494cb50e758829d6e95da198af3f,d2e0c41299384673bede5326ec01e6d4b2af494cb50e758829d6e95da198af3f
1175,grid_1175_n7_south_west_south_east_h1_staggered_t18,7a7e5628d4443c50e232b88eca551dcbfec8a382e383e55f01db66b449812cb3,f1d570210f7d453b18781dc59783299e3b8c13848d28d0e168ba800680d30494,f1d570210f7d453b18781dc59783299e3b8c13848d28d0e168ba800680d30494,f1d570210f7d453b18781dc59783299e3b8c13848d28d0e168ba800680d30494,f1d570210f7d453b18781dc59783299e3b8c13848d28d0e168ba800680d30494,d2e0c41299384673bede5326ec01e6d4b2af494cb50e758829d6e95da198af3f,d2e0c41299384673bede5326ec01e6d4b2af494cb50e758829d6e95da198af3f
1176,grid_1176_n7_south_west_south_east_h2_open_t12,27f035d934c126d384a84f0279299860f389da8d29888694ea5dee92f471cc7c,3178e4a0d9f180b8b8adc24484c6c17ecdf384d303ebb552c98d26e44fdd06f6,3178e4a0d9f180b8b8adc24484c6c17ecdf384d303ebb552c98d26e44fdd06f6,3178e4a0d9f180b8b8adc24484c6c17ecdf384d303ebb552c98d26e44fdd06f6,3178e4a0d9f180b8b8adc24484c6c17ecdf384d303ebb552c98d26e44fdd06f6,bd44a72cdcb84608c93399b1ac9acef5a1bf278b85babfc4c135a4a11f2ca8d1,bd44a72cdcb84608c93399b1ac9acef5a1bf278b85babfc4c135a4a11f2ca8d1
1177,grid_1177_n7_south_west_south_east_h2_open_t14,fdda7177c4ffc7aa0750d57786a674366441b711c65ffc838045f694b7bc9e66,e775d05d532f53dd135832b697b0a695cc9bd7bf110a43097ffe20dde4d5c200,e775d05d532f53dd135832b697b0a695cc9bd7bf110a43097ffe20dde4d5c200,e775d05d532f53dd135832b697b0a695cc9bd7bf110a43097ffe20dde4d5c200,e775d05d532f53dd135832b697b0a695cc9bd7bf110a43097ffe20dde4d5c200,bd44a72cdcb84608c93399b1ac9acef5a1bf278b85babfc4c135a4a11f2ca8d1,bd44a72cdcb84608c93399b1ac9acef5a1bf278b85babfc4c135a4a11f2ca8d1
1178,grid_1178_n7_south_west_south_east_h2_open_t16,9702a743be4b8065a681b981c56d2652496fb4eb165b46e4bab2f3a4c9902481,84446f6f8190ca63551a2bbc57f3ba37a6a5fb0e5450478beb3c3810d97ef9b8,84446f6f8190ca63551a2bbc57f3ba37a6a5fb0e5450478beb3c3810d97ef9b8,84446f6f8190ca63551a2bbc57f3ba37a6a5fb0e5450478beb3c3810d97ef9b8,84446f6f8190ca63551a2bbc57f3ba37a6a5fb0e5450478beb3c3810d97ef9b8,bd44a72cdcb84608c93399b1ac9acef5a1bf278b85babfc4c135a4a11f2ca8d1,bd44a72cdcb84608c93399b1ac9acef5a1bf278b85babfc4c135a4a11f2ca8d1
1179,grid_1179_n7_south_west_south_east_h2_open_t18,12919d646e1af7a78bb1c42bbb49da158585b32c1ed42adb5658071f55cce211,c98046b2a828cc5019fda962f4e491ec35607a1c9747ae8e75d10b1b40cbaffc,c98046b2a828cc5019fda962f4e491ec35607a1c9747ae8e75d10b1b40cbaffc,c98046b2a828cc5019fda962f4e491ec35607a1c9747ae8e75d10b1b40cbaffc,c98046b2a828cc5019fda962f4e491ec35607a1c9747ae8e75d10b1b40cbaffc,bd44a72cdcb84608c93399b1ac9acef5a1bf278b85babfc4c135a4a11f2ca8d1,bd44a72cdcb84608c93399b1ac9acef5a1bf278b85babfc4c135a4a11f2ca8d1
1180,grid_1180_n7_south_west_south_east_h2_gate_t12,f17930894555169cf34a84f7b5ac88563edeb869bcaabb93fd13b6c3aed5f5dc,,,,,,
1181,grid_1181_n7_south_west_south_east_h2_gate_t14,811b456e5f7d04387409fb65fff9a34efa32ba0575e2f962c332b22d0bf731c1,,,,,,
1182,grid_1182_n7_south_west_south_east_h2_gate_t16,1ea694fe2a21c91ca8a9f2034eb79be6062143dcf2daf07784f3fdf67748c882,cf6488487968e2a7070237fcfebee50ecc6f050901fbbe5cd7407be38343fa95,cf6488487968e2a7070237fcfebee50ecc6f050901fbbe5cd7407be38343fa95,cf6488487968e2a7070237fcfebee50ecc6f050901fbbe5cd7407be38343fa95,cf6488487968e2a7070237fcfebee50ecc6f050901fbbe5cd7407be38343fa95,bd44a72cdcb84608c93399b1ac9acef5a1bf278b85babfc4c135a4a11f2ca8d1,bd44a72cdcb84608c93399b1ac9acef5a1bf278b85babfc4c135a4a11f2ca8d1
1183,grid_1183_n7_south_west_south_east_h2_gate_t18,849b4012eb559452677c8f7df5b8fa3d1d25fe03dd0a4bc9a738def2db36c98b,172b0b003ae70c23550cbac5cbecc5a7470699cd959bacfb5c72560f7d253a0b,172b0b003ae70c23550cbac5cbecc5a7470699cd959bacfb5c72560f7d253a0b,172b0b003ae70c23550cbac5cbecc5a7470699cd959bacfb5c72560f7d253a0b,172b0b003ae70c23550cbac5cbecc5a7470699cd959bacfb5c72560f7d253a0b,bd44a72cdcb84608c93399b1ac9acef5a1bf278b85babfc4c135a4a11f2ca8d1,bd44a72cdcb84608c93399b1ac9acef5a1bf278b85babfc4c135a4a11f2ca8d1
1184,grid_1184_n7_south_west_south_east_h2_staggered_t12,3fc5702a3de53ecd330bacc687eeeb5edf464670ff015ce7388863180fc96d96,a942b905c460fa911c95515781288f27cc3536f9009d8354ea5e4423ddd5259d,a942b905c460fa911c95515781288f27cc3536f9009d8354ea5e4423ddd5259d,a942b905c460fa911c95515781288f27cc3536f9009d8354ea5e4423ddd5259d,a942b905c460fa911c95515781288f27cc3536f9009d8354ea5e4423ddd5259d,bd44a72cdcb84608c93399b1ac9acef5a1bf278b85babfc4c135a4a11f2ca8d1,bd44a72cdcb84608c93399b1ac9acef5a1bf278b85babfc4c135a4a11f2ca8d1
1185,grid_1185_n7_south_west_south_east_h2_staggered_t14,6b8b12c625421a9292e14a8ecf18e819af4dee4f4a6143df17f7f49feaa0918d,0492ab15f16bfbe6fc262853fd9edd5d25d82bccb440ad0d6436ba3bde03ac0c,0492ab15f16bfbe6fc262853fd9edd5d25d82bccb440ad0d6436ba3bde03ac0c,0492ab15f16bfbe6fc262853fd9edd5d25d82bccb440ad0d6436ba3bde03ac0c,0492ab15f16bfbe6fc262853fd9edd5d25d82bccb440ad0d6436ba3bde03ac0c,bd44a72cdcb84608c93399b1ac9acef5a1bf278b85babfc4c135a4a11f2ca8d1,bd44a72cdcb84608c93399b1ac9acef5a1bf278b85babfc4c135a4a11f2ca8d1
1186,grid_1186_n7_south_west_south_east_h2_staggered_t16,04ec1472c3746d539601f63133eea143ff88b934fb8a04f6fefebafa428c2b96,5f4e1416551100e8a61ccff91bf7e35fe9226b368d125feec115b162b76734a4,5f4e1416551100e8a61ccff91bf7e35fe9226b368d125feec115b162b76734a4,5f4e1416551100e8a61ccff91bf7e35fe9226b368d125feec115b162b76734a4,5f4e1416551100e8a61ccff91bf7e35fe9226b368d125feec115b162b76734a4,bd44a72cdcb84608c93399b1ac9acef5a1bf278b85babfc4c135a4a11f2ca8d1,bd44a72cdcb84608c93399b1ac9acef5a1bf278b85babfc4c135a4a11f2ca8d1
1187,grid_1187_n7_south_west_south_east_h2_staggered_t18,4df800c5e7fc25c0b58c2b74dee0a86791b02945d9b9b4906d8029b8ab831e9b,6bcaeab558825623d9159b393bb8d0899c867599c93ef41c6f0a4facd2b49d7b,6bcaeab558825623d9159b393bb8d0899c867599c93ef41c6f0a4facd2b49d7b,6bcaeab558825623d9159b393bb8d0899c867599c93ef41c6f0a4facd2b49d7b,6bcaeab558825623d9159b393bb8d0899c867599c93ef41c6f0a4facd2b49d7b,bd44a72cdcb84608c93399b1ac9acef5a1bf278b85babfc4c135a4a11f2ca8d1,bd44a72cdcb84608c93399b1ac9acef5a1bf278b85babfc4c135a4a11f2ca8d1
1188,grid_1188_n7_south_west_south_east_h3_open_t12,09532b04004740ecb43742e9b2ce6b88286e02cf55edf50e65c1bf85d39baab4,e34d880d4cac17266d249b80d49db804429c5ad0fe33499ddb5f683093a2b518,e34d880d4cac17266d249b80d49db804429c5ad0fe33499ddb5f683093a2b518,e34d880d4cac17266d249b80d49db804429c5ad0fe33499ddb5f683093a2b518,e34d880d4cac17266d249b80d49db804429c5ad0fe33499ddb5f683093a2b518,bdc9d0ed24b341ea8c73e1b521cef3f09e76caef03dc5fe9b613429baa53c27b,bdc9d0ed24b341ea8c73e1b521cef3f09e76caef03dc5fe9b613429baa53c27b
1189,grid_1189_n7_south_west_south_east_h3_open_t14,61eff1d4e056d8053e1b0a0cd29b8c56ac676c6b7dadfd9c0351f3de16ab0485,4e425241e82bf30cdd167533812932654643ef99946ae3cbb1393e6332e73069,4e425241e82bf30cdd167533812932654643ef99946ae3cbb1393e6332e73069,4e425241e82bf30cdd167533812932654643ef99946ae3cbb1393e6332e73069,4e425241e82bf30cdd167533812932654643ef99946ae3cbb1393e6332e73069,1dab4d5a735041ab68aad316d63596e06e99ca4c5bed9e0f5cf941845713e974,1dab4d5a735041ab68aad316d63596e06e99ca4c5bed9e0f5cf941845713e974
1190,grid_1190_n7_south_west_south_east_h3_open_t16,2da2e1bd99ba6cc50228f0c50c192776c1056e54dcfed8a9bc2aa04210f29e32,4a5cddcde2d6ac7793038c235aaba9eaf18c541559e07bcca114cdd3e6d5c039,4a5cddcde2d6ac7793038c235aaba9eaf18c541559e07bcca114cdd3e6d5c039,4a5cddcde2d6ac7793038c235aaba9eaf18c541559e07bcca114cdd3e6d5c039,4a5cddcde2d6ac7793038c235aaba9eaf18c541559e07bcca114cdd3e6d5c039,1dab4d5a735041ab68aad316d63596e06e99ca4c5bed9e0f5cf941845713e974,1dab4d5a735041ab68aad316d63596e06e99ca4c5bed9e0f5cf941845713e974
1191,grid_1191_n7_south_west_south_east_h3_open_t18,5f02ddc23a5780a5921f643b37979a64205d2d34a7807f14cd88e6079030ee95,e6ecfa02a57ce4c97573b7759bf8ed0b604911e313dbe33d940904f6eaa3ee59,e6ecfa02a57ce4c97573b7759bf8ed0b604911e313dbe33d940904f6eaa3ee59,e6ecfa02a57ce4c97573b7759bf8ed0b604911e313dbe33d940904f6eaa3ee59,e6ecfa02a57ce4c97573b7759bf8ed0b604911e313dbe33d940904f6eaa3ee59,645d0b31aef334e4803dbb580a567bf936769e20cf525b91b67dad9a1f35a627,645d0b31aef334e4803dbb580a567bf936769e20cf525b91b67dad9a1f35a627
1192,grid_1192_n7_south_west_south_east_h3_gate_t12,89bd6ee68aa81a8874a7078fd5486fab51e31956782ab1d17ec8f59d7cfe5e37,,,,,,
1193,grid_1193_n7_south_west_south_east_h3_gate_t14,4f138018b1b333c447dcbfb79a8a630a174025ab4ec18f3480740225476db8aa,,,,,,
1194,grid_1194_n7_south_west_south_east_h3_gate_t16,3f1e0fc3ee7670377b44228877076b88e16c1ff09f72a5e0dcd2c554c769e6e4,5d699bcf51f4a26eb185573985353781608bab266b0b3dcbe7086de911fb3a17,5d699bcf51f4a26eb185573985353781608bab266b0b3dcbe7086de911fb3a17,5d699bcf51f4a26eb185573985353781608bab266b0b3dcbe7086de911fb3a17,5d699bcf51f4a26eb185573985353781608bab266b0b3dcbe7086de911fb3a17,a293cd86ba0fd15862ea8f76f3bab4de4e217baadaf14024dec65a8082ec41ff,a293cd86ba0fd15862ea8f76f3bab4de4e217baadaf14024dec65a8082ec41ff
1195,grid_1195_n7_south_west_south_east_h3_gate_t18,b384f4ed6e1ec698c28c09b6ff3bef9c1cc732d1b6ca382b729c33183fee37f8,07d6c9ff065adb00230a5698807a9ae383d36e1ff1325da83fc2e6d61fd346d9,07d6c9ff065adb00230a5698807a9ae383d36e1ff1325da83fc2e6d61fd346d9,07d6c9ff065adb00230a5698807a9ae383d36e1ff1325da83fc2e6d61fd346d9,07d6c9ff065adb00230a5698807a9ae383d36e1ff1325da83fc2e6d61fd346d9,53370631653dfdcc2be91756ede00d58714550e03df0818f102ea9d00658aad4,53370631653dfdcc2be91756ede00d58714550e03df0818f102ea9d00658aad4
1196,grid_1196_n7_south_west_south_east_h3_staggered_t12,0cb30886f40385db3ccf981d644e1937a0aaa2cc6f244126bf33cc67f1378577,8bc89d8f1bd1df52bd94b9264e7695018867925094901f5682aa19ab2c7be70d,8bc89d8f1bd1df52bd94b9264e7695018867925094901f5682aa19ab2c7be70d,8bc89d8f1bd1df52bd94b9264e7695018867925094901f5682aa19ab2c7be70d,8bc89d8f1bd1df52bd94b9264e7695018867925094901f5682aa19ab2c7be70d,bdc9d0ed24b341ea8c73e1b521cef3f09e76caef03dc5fe9b613429baa53c27b,bdc9d0ed24b341ea8c73e1b521cef3f09e76caef03dc5fe9b613429baa53c27b
1197,grid_1197_n7_south_west_south_east_h3_staggered_t14,194bef6e4da763a18e073fc902ac9c76709b7fe17fa4eadf01ebc00756978ba3,7667d1d18e99271f993bca8aa02da46c2c64ff4d6c958279fa3848eebb63188c,7667d1d18e99271f993bca8aa02da46c2c64ff4d6c958279fa3848eebb63188c,7667d1d18e99271f993bca8aa02da46c2c64ff4d6c958279fa3848eebb63188c,7667d1d18e99271f993bca8aa02da46c2c64ff4d6c958279fa3848eebb63188c,1dab4d5a735041ab68aad316d63596e06e99ca4c5bed9e0f5cf941845713e974,1dab4d5a735041ab68aad316d63596e06e99ca4c5bed9e0f5cf941845713e974
1198,grid_1198_n7_south_west_south_east_h3_staggered_t16,333f722d41f535662cada6a3105144a8f05af7f682381a6473cc6f2e4b8d1eb6,f418652e5a4820622e9f67c44f3ca6e6895936c9caf92a119a059116c33de93f,f418652e5a4820622e9f67c44f3ca6e6895936c9caf92a119a059116c33de93f,f418652e5a4820622e9f67c44f3ca6e6895936c9caf92a119a059116c33de93f,f418652e5a4820622e9f67c44f3ca6e6895936c9caf92a119a059116c33de93f,1dab4d5a735041ab68aad316d63596e06e99ca4c5bed9e0f5cf941845713e974,1dab4d5a735041ab68aad316d63596e06e99ca4c5bed9e0f5cf941845713e974
1199,grid_1199_n7_south_west_south_east_h3_staggered_t18,31f41b39f9ce907167258fcf69c8650ecb64f0d3fd84d69706f3fa64c25bf96a,bb1abaee6c7966a54537059916d9372d1887017d0f0f14f5d446f00921686339,bb1abaee6c7966a54537059916d9372d1887017d0f0f14f5d446f00921686339,bb1abaee6c7966a54537059916d9372d1887017d0f0f14f5d446f00921686339,bb1abaee6c7966a54537059916d9372d1887017d0f0f14f5d446f00921686339,645d0b31aef334e4803dbb580a567bf936769e20cf525b91b67dad9a1f35a627,645d0b31aef334e4803dbb580a567bf936769e20cf525b91b67dad9a1f35a627
1200,grid_1200_n7_south_west_east_middle_h0_open_t12,393d2a387125be86b8e8ce164c28466644c1635878191a1094820d7c38472e7e,ab8e1ad4257e7f2f3b97f18441f71886801d9efcabb8dafbe2520ae1d6f9d8de,ab8e1ad4257e7f2f3b97f18441f71886801d9efcabb8dafbe2520ae1d6f9d8de,ab8e1ad4257e7f2f3b97f18441f71886801d9efcabb8dafbe2520ae1d6f9d8de,ab8e1ad4257e7f2f3b97f18441f71886801d9efcabb8dafbe2520ae1d6f9d8de,4b329581bd90a739dd5d14c4daafe02b1d30c7ed924ee9d0fe55e4d1c400923a,4b329581bd90a739dd5d14c4daafe02b1d30c7ed924ee9d0fe55e4d1c400923a
1201,grid_1201_n7_south_west_east_middle_h0_open_t14,53cc2a064def0ef0ca0b2b4b05ec4451017ba6f4657464f04d149138d4ad4825,82ee741fcd7ae2a0876a8c14a8db29f03f0972dc8800f1d8e45a6383ec50456a,82ee741fcd7ae2a0876a8c14a8db29f03f0972dc8800f1d8e45a6383ec50456a,82ee741fcd7ae2a0876a8c14a8db29f03f0972dc8800f1d8e45a6383ec50456a,82ee741fcd7ae2a0876a8c14a8db29f03f0972dc8800f1d8e45a6383ec50456a,4b329581bd90a739dd5d14c4daafe02b1d30c7ed924ee9d0fe55e4d1c400923a,4b329581bd90a739dd5d14c4daafe02b1d30c7ed924ee9d0fe55e4d1c400923a
1202,grid_1202_n7_south_west_east_middle_h0_open_t16,750270409849342eaac5f6c4f5f4be3ba58a6623afd7c9b5b4afc496a7757433,a2679d3f46bb6fc194e74c0df06f21eae161450559b58ef5415d0c8bda9c2285,a2679d3f46bb6fc194e74c0df06f21eae161450559b58ef5415d0c8bda9c2285,a2679d3f46bb6fc194e74c0df06f21eae161450559b58ef5415d0c8bda9c2285,a2679d3f46bb6fc194e74c0df06f21eae161450559b58ef5415d0c8bda9c2285,4b329581bd90a739dd5d14c4daafe02b1d30c7ed924ee9d0fe55e4d1c400923a,4b329581bd90a739dd5d14c4daafe02b1d30c7ed924ee9d0fe55e4d1c400923a
1203,grid_1203_n7_south_west_east_middle_h0_open_t18,921dedc06b148b5165d1affbe1f54f1f8b6f099bd8156fb150fc97bbd29826e7,27d3f71ef04e4923a7389b5ca8f559aa38be172eb4bebd033360610f9a08955c,27d3f71ef04e4923a7389b5ca8f559aa38be172eb4bebd033360610f9a08955c,27d3f71ef04e4923a7389b5ca8f559aa38be172eb4bebd033360610f9a08955c,27d3f71ef04e4923a7389b5ca8f559aa38be172eb4bebd033360610f9a08955c,4b329581bd90a739dd5d14c4daafe02b1d30c7ed924ee9d0fe55e4d1c400923a,4b329581bd90a739dd5d14c4daafe02b1d30c7ed924ee9d0fe55e4d1c400923a
1204,grid_1204_n7_south_west_east_middle_h0_gate_t12,4998081444190f366e5ac645246c40bfbd74c4205057fe0d02c4dff42a808afd,bf20e3fc77ce49b3fa8f97604d120aea4a38cc8c401678af5ef1804613544930,bf20e3fc77ce49b3fa8f97604d120aea4a38cc8c401678af5ef1804613544930,bf20e3fc77ce49b3fa8f97604d120aea4a38cc8c401678af5ef1804613544930,bf20e3fc77ce49b3fa8f97604d120aea4a38cc8c401678af5ef1804613544930,4b329581bd90a739dd5d14c4daafe02b1d30c7ed924ee9d0fe55e4d1c400923a,4b329581bd90a739dd5d14c4daafe02b1d30c7ed924ee9d0fe55e4d1c400923a
1205,grid_1205_n7_south_west_east_middle_h0_gate_t14,90007b3260983260400b01243e510cfd68b444501c43449d4ab1cde507dfe83e,10fa4efa8c1785b7e2c11586891900b38e975807caf8d54c5e431e93c187c8f0,10fa4efa8c1785b7e2c11586891900b38e975807caf8d54c5e431e93c187c8f0,10fa4efa8c1785b7e2c11586891900b38e975807caf8d54c5e431e93c187c8f0,10fa4efa8c1785b7e2c11586891900b38e975807caf8d54c5e431e93c187c8f0,4b329581bd90a739dd5d14c4daafe02b1d30c7ed924ee9d0fe55e4d1c400923a,4b329581bd90a739dd5d14c4daafe02b1d30c7ed924ee9d0fe55e4d1c400923a
1206,grid_1206_n7_south_west_east_middle_h0_gate_t16,64d69d00bccf965343f8fb312d8411f02e13b0268d97e0ab4fb23eae607180fd,9ff935fb9e97d6fbfc8313109f5ef343c02ce6bf49433cd007a54f73290af3d0,9ff935fb9e97d6fbfc8313109f5ef343c02ce6bf49433cd007a54f73290af3d0,9ff935fb9e97d6fbfc8313109f5ef343c02ce6bf49433cd007a54f73290af3d0,9ff935fb9e97d6fbfc8313109f5ef343c02ce6bf49433cd007a54f73290af3d0,4b329581bd90a739dd5d14c4daafe02b1d30c7ed924ee9d0fe55e4d1c400923a,4b329581bd90a739dd5d14c4daafe02b1d30c7ed924ee9d0fe55e4d1c400923a
1207,grid_1207_n7_south_west_east_middle_h0_gate_t18,9f012029a69b80abac36f98957695bf855f0e45dfe322e82ecfe6e8310fcf9f3,2cd030884d4f4f22d417fe9372ae8156a4d3cfb687615cbbb0ea60cba3b6beb8,2cd030884d4f4f22d417fe9372ae8156a4d3cfb687615cbbb0ea60cba3b6beb8,2cd030884d4f4f22d417fe9372ae8156a4d3cfb687615cbbb0ea60cba3b6beb8,2cd030884d4f4f22d417fe9372ae8156a4d3cfb687615cbbb0ea60cba3b6beb8,4b329581bd90a739dd5d14c4daafe02b1d30c7ed924ee9d0fe55e4d1c400923a,4b329581bd90a739dd5d14c4daafe02b1d30c7ed924ee9d0fe55e4d1c400923a
1208,grid_1208_n7_south_west_east_middle_h0_staggered_t12,7980b3571b0f372c78463d142af00343b31aad9d7ffb1e59fae0400ff8e721fa,001504fb261ee61c9cf77b242d0a2d6410fffcc5b999e629d0b01f451b5cf3c8,001504fb261ee61c9cf77b242d0a2d6410fffcc5b999e629d0b01f451b5cf3c8,001504fb261ee61c9cf77b242d0a2d6410fffcc5b999e629d0b01f451b5cf3c8,001504fb261ee61c9cf77b242d0a2d6410fffcc5b999e629d0b01f451b5cf3c8,4b329581bd90a739dd5d14c4daafe02b1d30c7ed924ee9d0fe55e4d1c400923a,4b329581bd90a739dd5d14c4daafe02b1d30c7ed924ee9d0fe55e4d1c400923a
1209,grid_1209_n7_south_west_east_middle_h0_staggered_t14,ac3f9a65782ec5ec56d04ad77d0a20ea1bedaa80ffff94ba987aa26ac03f9493,9e5cbbb566c15caaaa4731b342c95a1bb7a5f168ec15365221d55c8bbc56fc4d,9e5cbbb566c15caaaa4731b342c95a1bb7a5f168ec15365221d55c8bbc56fc4d,9e5cbbb566c15caaaa4731b342c95a1bb7a5f168ec15365221d55c8bbc56fc4d,9e5cbbb566c15caaaa4731b342c95a1bb7a5f168ec15365221d55c8bbc56fc4d,4b329581bd90a739dd5d14c4daafe02b1d30c7ed924ee9d0fe55e4d1c400923a,4b329581bd90a739dd5d14c4daafe02b1d30c7ed924ee9d0fe55e4d1c400923a
1210,grid_1210_n7_south_west_east_middle_h0_staggered_t16,0c3aa97d60696935671e9be3df3ac1f7ebbb8bfb25dc6bfe0df5d6046a16740b,78ecf7cb23427562dc18530b1765cc83680b36ecc3f66390358857e686ecb376,78ecf7cb23427562dc18530b1765cc83680b36ecc3f66390358857e686ecb376,78ecf7cb23427562dc18530b1765cc83680b36ecc3f66390358857e686ecb376,78ecf7cb23427562dc18530b1765cc83680b36ecc3f66390358857e686ecb376,4b329581bd90a739dd5d14c4daafe02b1d30c7ed924ee9d0fe55e4d1c400923a,4b329581bd90a739dd5d14c4daafe02b1d30c7ed924ee9d0fe55e4d1c400923a
1211,grid_1211_n7_south_west_east_middle_h0_staggered_t18,28c6931510ed2c2709a79ad4aa338af6db3c341e55cd1b1c6bae5e2a2462eeaa,bd39f0c566dc19a53a73e70425307f65d31cca52de3e050eb6f8105b2f66e93b,bd39f0c566dc19a53a73e70425307f65d31cca52de3e050eb6f8105b2f66e93b,bd39f0c566dc19a53a73e70425307f65d31cca52de3e050eb6f8105b2f66e93b,bd39f0c566dc19a53a73e70425307f65d31cca52de3e050eb6f8105b2f66e93b,4b329581bd90a739dd5d14c4daafe02b1d30c7ed924ee9d0fe55e4d1c400923a,4b329581bd90a739dd5d14c4daafe02b1d30c7ed924ee9d0fe55e4d1c400923a
1212,grid_1212_n7_south_west_east_middle_h1_open_t12,9bf857c6cf53119314a146746beb998abda6dc2005c2d76d338370075e5bb13e,f2e80854aa766c068e216e933d62382bf981ac51e493058322446b2093fd9df6,f2e80854aa766c068e216e933d62382bf981ac51e493058322446b2093fd9df6,f2e80854aa766c068e216e933d62382bf981ac51e493058322446b2093fd9df6,f2e80854aa766c068e216e933d62382bf981ac51e493058322446b2093fd9df6,4b329581bd90a739dd5d14c4daafe02b1d30c7ed924ee9d0fe55e4d1c400923a,4b329581bd90a739dd5d14c4daafe02b1d30c7ed924ee9d0fe55e4d1c400923a
1213,grid_1213_n7_south_west_east_middle_h1_open_t14,ff686c5bddf16d4086e0c10b7f062f61ea9451d7e27c6f65e590758f96e5ebc2,f93a66112663b14b1a9d4422363b0856f094179d0735501c0678bc8720608c27,f93a66112663b14b1a9d4422363b0856f094179d0735501c0678bc8720608c27,f93a66112663b14b1a9d4422363b0856f094179d0735501c0678bc8720608c27,f93a66112663b14b1a9d4422363b0856f094179d0735501c0678bc8720608c27,4b329581bd90a739dd5d14c4daafe02b1d30c7ed924ee9d0fe55e4d1c400923a,4b329581bd90a739dd5d14c4daafe02b1d30c7ed924ee9d0fe55e4d1c400923a
1214,grid_1214_n7_south_west_east_middle_h1_open_t16,6709a1d25a0c04d4829c57964a8b7cbe291c55a195182f1323bf639a1f9df221,c9b705826c6d591071610a1d2e3a1edfdfb7e6b03f03915f4458263670a2885b,c9b705826c6d591071610a1d2e3a1edfdfb7e6b03f03915f4458263670a2885b,c9b705826c6d591071610a1d2e3a1edfdfb7e6b03f03915f4458263670a2885b,c9b705826c6d591071610a1d2e3a1edfdfb7e6b03f03915f4458263670a2885b,4b329581bd90a739dd5d14c4daafe02b1d30c7ed924ee9d0fe55e4d1c400923a,4b329581bd90a739dd5d14c4daafe02b1d30c7ed924ee9d0fe55e4d1c400923a
1215,grid_1215_n7_south_west_east_middle_h1_open_t18,09b50e2621fbdde10b6fba968ad53f7d69e2b2191c910ea841d2282ff7539521,b14fda18001f25a7976d61605f83da2ffe310e577592acd362b076a33b349239,b14fda18001f25a7976d61605f83da2ffe310e577592acd362b076a33b349239,b14fda18001f25a7976d61605f83da2ffe310e577592acd362b076a33b349239,b14fda18001f25a7976d61605f83da2ffe310e577592acd362b076a33b349239,4b329581bd90a739dd5d14c4daafe02b1d30c7ed924ee9d0fe55e4d1c400923a,4b329581bd90a739dd5d14c4daafe02b1d30c7ed924ee9d0fe55e4d1c400923a
1216,grid_1216_n7_south_west_east_middle_h1_gate_t12,b1c9c996b731c1fe9acc3782f4a170c4a8b47f81c854f3614883c01b2936e724,afe0a8ba563e1cfad4175e314f4ea0950e169f48a6d6a6fef4ca5985ee58c919,afe0a8ba563e1cfad4175e314f4ea0950e169f48a6d6a6fef4ca5985ee58c919,afe0a8ba563e1cfad4175e314f4ea0950e169f48a6d6a6fef4ca5985ee58c919,afe0a8ba563e1cfad4175e314f4ea0950e169f48a6d6a6fef4ca5985ee58c919,0dc58cb7edcc5563213f11f22d4d42cabf67fd526c193a155e0e2128bfdc2709,0dc58cb7edcc5563213f11f22d4d42cabf67fd526c193a155e0e2128bfdc2709
1217,grid_1217_n7_south_west_east_middle_h1_gate_t14,35dddf7b5288ab222200337ada2428d794fe4a130a5428770d51999c5566c00d,a2f42aa48434ec84949b2717ca00541ca736fdb48d97886d49a3a1948654e126,a2f42aa48434ec84949b2717ca00541ca736fdb48d97886d49a3a1948654e126,a2f42aa48434ec84949b2717ca00541ca736fdb48d97886d49a3a1948654e126,a2f42aa48434ec84949b2717ca00541ca736fdb48d97886d49a3a1948654e126,0dc58cb7edcc5563213f11f22d4d42cabf67fd526c193a155e0e2128bfdc2709,0dc58cb7edcc5563213f11f22d4d42cabf67fd526c193a155e0e2128bfdc2709
1218,grid_1218_n7_south_west_east_middle_h1_gate_t16,038a1bffc07b8cb27d1e434686225610bd6912acaaaa42fe49d74282df4c7770,b20c8904595a94773b53bfadf60bdfafb1f164b88c963512331daf2942cf08ae,b20c8904595a94773b53bfadf60bdfafb1f164b88c963512331daf2942cf08ae,b20c8904595a94773b53bfadf60bdfafb1f164b88c963512331daf2942cf08ae,b20c8904595a94773b53bfadf60bdfafb1f164b88c963512331daf2942cf08ae,0dc58cb7edcc5563213f11f22d4d42cabf67fd526c193a155e0e2128bfdc2709,0dc58cb7edcc5563213f11f22d4d42cabf67fd526c193a155e0e2128bfdc2709
1219,grid_1219_n7_south_west_east_middle_h1_gate_t18,c46c03f05e026aceae7222cffe3798bfd5165926e5c75b5c60697f95cb7369c9,b9ec804446054d404683180aa1a3d7ebadac1255169898620e24adb09e262386,b9ec804446054d404683180aa1a3d7ebadac1255169898620e24adb09e262386,b9ec804446054d404683180aa1a3d7ebadac1255169898620e24adb09e262386,b9ec804446054d404683180aa1a3d7ebadac1255169898620e24adb09e262386,0dc58cb7edcc5563213f11f22d4d42cabf67fd526c193a155e0e2128bfdc2709,0dc58cb7edcc5563213f11f22d4d42cabf67fd526c193a155e0e2128bfdc2709
1220,grid_1220_n7_south_west_east_middle_h1_staggered_t12,5c5f784f574d9eacd296a5c303c21e56dda6a3609758a49f9bece47249ea7d20,3f9c1ebd844b9bab58c79c0d030bcaa2ea11cc3aa3add613ea2bc79469018e98,3f9c1ebd844b9bab58c79c0d030bcaa2ea11cc3aa3add613ea2bc79469018e98,3f9c1ebd844b9bab58c79c0d030bcaa2ea11cc3aa3add613ea2bc79469018e98,3f9c1ebd844b9bab58c79c0d030bcaa2ea11cc3aa3add613ea2bc79469018e98,4b329581bd90a739dd5d14c4daafe02b1d30c7ed924ee9d0fe55e4d1c400923a,4b329581bd90a739dd5d14c4daafe02b1d30c7ed924ee9d0fe55e4d1c400923a
1221,grid_1221_n7_south_west_east_middle_h1_staggered_t14,149be8a1b1c8c33103e7bc4abf09df05c6d87cdcbf2905c1e1d94642070c029d,8d99d0f4ba2508636583b5d4f64c72026fbc6f7eb7cfd50a293684b9bd2dd6c8,8d99d0f4ba2508636583b5d4f64c72026fbc6f7eb7cfd50a293684b9bd2dd6c8,8d99d0f4ba2508636583b5d4f64c72026fbc6f7eb7cfd50a293684b9bd2dd6c8,8d99d0f4ba2508636583b5d4f64c72026fbc6f7eb7cfd50a293684b9bd2dd6c8,4b329581bd90a739dd5d14c4daafe02b1d30c7ed924ee9d0fe55e4d1c400923a,4b329581bd90a739dd5d14c4daafe02b1d30c7ed924ee9d0fe55e4d1c400923a
1222,grid_1222_n7_south_west_east_middle_h1_staggered_t16,829d1aee87ca3eafecd0cf93cdf6446a0c0e38c621128c43f68d30be43680165,0dfe5fa501098ef02da3efd5fb029ec75412f1a6e13b9770903310ce6e6cf3c5,0dfe5fa501098ef02da3efd5fb029ec75412f1a6e13b9770903310ce6e6cf3c5,0dfe5fa501098ef02da3efd5fb029ec75412f1a6e13b9770903310ce6e6cf3c5,0dfe5fa501098ef02da3efd5fb029ec75412f1a6e13b9770903310ce6e6cf3c5,4b329581bd90a739dd5d14c4daafe02b1d30c7ed924ee9d0fe55e4d1c400923a,4b329581bd90a739dd5d14c4daafe02b1d30c7ed924ee9d0fe55e4d1c400923a
1223,grid_1223_n7_south_west_east_middle_h1_staggered_t18,7cb31f3f4b79d0dc6317e6cb999082c4c464bc0fcf903d458fb402f51fb44693,9a6129529dfb4130788af8114a7c2ece85e7eb341ccdec8811fb5cebd9a30146,9a6129529dfb4130788af8114a7c2ece85e7eb341ccdec8811fb5cebd9a30146,9a6129529dfb4130788af8114a7c2ece85e7eb341ccdec8811fb5cebd9a30146,9a6129529dfb4130788af8114a7c2ece85e7eb341ccdec8811fb5cebd9a30146,4b329581bd90a739dd5d14c4daafe02b1d30c7ed924ee9d0fe55e4d1c400923a,4b329581bd90a739dd5d14c4daafe02b1d30c7ed924ee9d0fe55e4d1c400923a
1224,grid_1224_n7_south_west_east_middle_h2_open_t12,e246da4bfea2412cd4e5c74f8eaefe72e35d773e773dd4fb8255144645fbe28a,c74e6e31326d1c77151900aa3fe6aad4310eb5fd709d1d70ee00a06f01021d10,c74e6e31326d1c77151900aa3fe6aad4310eb5fd709d1d70ee00a06f01021d10,c74e6e31326d1c77151900aa3fe6aad4310eb5fd709d1d70ee00a06f01021d10,c74e6e31326d1c77151900aa3fe6aad4310eb5fd709d1d70ee00a06f01021d10,4b329581bd90a739dd5d14c4daafe02b1d30c7ed924ee9d0fe55e4d1c400923a,4b329581bd90a739dd5d14c4daafe02b1d30c7ed924ee9d0fe55e4d1c400923a
1225,grid_1225_n7_south_west_east_middle_h2_open_t14,8671ea16762fade6744bbbfa0cf18fec2ffba97615be97dbc35512e3aadeccfb,665fbda0c4ae496af0129d6e579a3503a258a93c78b720538d9a4a09c877c41a,665fbda0c4ae496af0129d6e579a3503a258a93c78b720538d9a4a09c877c41a,665fbda0c4ae496af0129d6e579a3503a258a93c78b720538d9a4a09c877c41a,665fbda0c4ae496af0129d6e579a3503a258a93c78b720538d9a4a09c877c41a,4b329581bd90a739dd5d14c4daafe02b1d30c7ed924ee9d0fe55e4d1c400923a,4b329581bd90a739dd5d14c4daafe02b1d30c7ed924ee9d0fe55e4d1c400923a
1226,grid_1226_n7_south_west_east_middle_h2_open_t16,7cd40c19a5bf3091dfc3420e3027ccb3e9a603b2a8ffd937dc47e73a56222a9b,0ac94bf6c1399df34f056c27aa9809f307ab84e3b79247bff95471a245b95170,0ac94bf6c1399df34f056c27aa9809f307ab84e3b79247bff95471a245b95170,0ac94bf6c1399df34f056c27aa9809f307ab84e3b79247bff95471a245b95170,0ac94bf6c1399df34f056c27aa9809f307ab84e3b79247bff95471a245b95170,4b329581bd90a739dd5d14c4daafe02b1d30c7ed924ee9d0fe55e4d1c400923a,4b329581bd90a739dd5d14c4daafe02b1d30c7ed924ee9d0fe55e4d1c400923a
1227,grid_1227_n7_south_west_east_middle_h2_open_t18,7c1d13f529a44518af33bee1e78a6bbfae5f2b4bffe5153b7ddfc7acffb0ac83,9d3ff9467a23bf122be7ef74eda8f652f107a0ab8ebe97b25f13ea48f319bc18,9d3ff9467a23bf122be7ef74eda8f652f107a0ab8ebe97b25f13ea48f319bc18,9d3ff9467a23bf122be7ef74eda8f652f107a0ab8ebe97b25f13ea48f319bc18,9d3ff9467a23bf122be7ef74eda8f652f107a0ab8ebe97b25f13ea48f319bc18,4b329581bd90a739dd5d14c4daafe02b1d30c7ed924ee9d0fe55e4d1c400923a,4b329581bd90a739dd5d14c4daafe02b1d30c7ed924ee9d0fe55e4d1c400923a
1228,grid_1228_n7_south_west_east_middle_h2_gate_t12,d2a277bc392e0a3b04e4fc3062c4b7ba22c23c7c2393e992439dbd6e6d98c135,afef8f6844bdc576ba588c3cedf1f7f88e309bfd9317189cea1acb0bbc269931,afef8f6844bdc576ba588c3cedf1f7f88e309bfd9317189cea1acb0bbc269931,afef8f6844bdc576ba588c3cedf1f7f88e309bfd9317189cea1acb0bbc269931,afef8f6844bdc576ba588c3cedf1f7f88e309bfd9317189cea1acb0bbc269931,4b329581bd90a739dd5d14c4daafe02b1d30c7ed924ee9d0fe55e4d1c400923a,4b329581bd90a739dd5d14c4daafe02b1d30c7ed924ee9d0fe55e4d1c400923a
1229,grid_1229_n7_south_west_east_middle_h2_gate_t14,c90d47d9169bfac2ad3f155b78b9783491199d726279230836c8ab282a9f36a4,ee4af1b57e2d32e9b0a830fd6d42c61b62acdb8972011964c578e87dfabbe7e3,ee4af1b57e2d32e9b0a830fd6d42c61b62acdb8972011964c578e87dfabbe7e3,ee4af1b57e2d32e9b0a830fd6d42c61b62acdb8972011964c578e87dfabbe7e3,ee4af1b57e2d32e9b0a830fd6d42c61b62acdb8972011964c578e87dfabbe7e3,4b329581bd90a739dd5d14c4daafe02b1d30c7ed924ee9d0fe55e4d1c400923a,4b329581bd90a739dd5d14c4daafe02b1d30c7ed924ee9d0fe55e4d1c400923a
1230,grid_1230_n7_south_west_east_middle_h2_gate_t16,9643b1d08ff561e61040fe4826be8e61ec5948e217256e72d19b24b712b99d1c,d24c43094214a76770a5c2657ff9601096d8e699348ca6bb347320d3483ea6b6,d24c43094214a76770a5c2657ff9601096d8e699348ca6bb347320d3483ea6b6,d24c43094214a76770a5c2657ff9601096d8e699348ca6bb347320d3483ea6b6,d24c43094214a76770a5c2657ff9601096d8e699348ca6bb347320d3483ea6b6,4b329581bd90a739dd5d14c4daafe02b1d30c7ed924ee9d0fe55e4d1c400923a,4b329581bd90a739dd5d14c4daafe02b1d30c7ed924ee9d0fe55e4d1c400923a
1231,grid_1231_n7_south_west_east_middle_h2_gate_t18,7cc69030a6c918a611c351ee478cdd386f89c439ba6a4ab6176ec3910b93038a,dd2651e327296e1e40c7f874cbf7074b05bc38a6b3f1d5de1527978bbbc38915,dd2651e327296e1e40c7f874cbf7074b05bc38a6b3f1d5de1527978bbbc38915,dd2651e327296e1e40c7f874cbf7074b05bc38a6b3f1d5de1527978bbbc38915,dd2651e327296e1e40c7f874cbf7074b05bc38a6b3f1d5de1527978bbbc38915,4b329581bd90a739dd5d14c4daafe02b1d30c7ed924ee9d0fe55e4d1c400923a,4b329581bd90a739dd5d14c4daafe02b1d30c7ed924ee9d0fe55e4d1c400923a
1232,grid_1232_n7_south_west_east_middle_h2_staggered_t12,6170438be311e0e780cfac1ffdd6f955be2edc72bbf850aa3d642ec99d064392,f98dbabd85775a7f8b7831c9fa19007d28fb1380a30d2562596ba3fc5a490de4,f98dbabd85775a7f8b7831c9fa19007d28fb1380a30d2562596ba3fc5a490de4,f98dbabd85775a7f8b7831c9fa19007d28fb1380a30d2562596ba3fc5a490de4,f98dbabd85775a7f8b7831c9fa19007d28fb1380a30d2562596ba3fc5a490de4,4b329581bd90a739dd5d14c4daafe02b1d30c7ed924ee9d0fe55e4d1c400923a,4b329581bd90a739dd5d14c4daafe02b1d30c7ed924ee9d0fe55e4d1c400923a
1233,grid_1233_n7_south_west_east_middle_h2_staggered_t14,387f83648aabf3180e998bbccbb019088e0712b167faa605c985655602fa1f59,47f1da77fbf6856155f5c9bfeb38a6988d59dc82e43bcbe5dc2ac168812435d8,47f1da77fbf6856155f5c9bfeb38a6988d59dc82e43bcbe5dc2ac168812435d8,47f1da77fbf6856155f5c9bfeb38a6988d59dc82e43bcbe5dc2ac168812435d8,47f1da77fbf6856155f5c9bfeb38a6988d59dc82e43bcbe5dc2ac168812435d8,4b329581bd90a739dd5d14c4daafe02b1d30c7ed924ee9d0fe55e4d1c400923a,4b329581bd90a739dd5d14c4daafe02b1d30c7ed924ee9d0fe55e4d1c400923a
1234,grid_1234_n7_south_west_east_middle_h2_staggered_t16,d47043139c3de412597262387234eb64c4d1b77279a8ee7148fd2a721abb471f,7207904fb71ad9fb20c4d8a914c30c50fd1307d19c654f167a7f665c8c1c8090,7207904fb71ad9fb20c4d8a914c30c50fd1307d19c654f167a7f665c8c1c8090,7207904fb71ad9fb20c4d8a914c30c50fd1307d19c654f167a7f665c8c1c8090,7207904fb71ad9fb20c4d8a914c30c50fd1307d19c654f167a7f665c8c1c8090,4b329581bd90a739dd5d14c4daafe02b1d30c7ed924ee9d0fe55e4d1c400923a,4b329581bd90a739dd5d14c4daafe02b1d30c7ed924ee9d0fe55e4d1c400923a
1235,grid_1235_n7_south_west_east_middle_h2_staggered_t18,6d98f0c4b85376ea38f0e84c2e375ebabf75715049201c6d299ebee94b15e01a,3be16783bd207a663ae10c27a5458211cee3e600168d88411fedcc03a5c9ff46,3be16783bd207a663ae10c27a5458211cee3e600168d88411fedcc03a5c9ff46,3be16783bd207a663ae10c27a5458211cee3e600168d88411fedcc03a5c9ff46,3be16783bd207a663ae10c27a5458211cee3e600168d88411fedcc03a5c9ff46,4b329581bd90a739dd5d14c4daafe02b1d30c7ed924ee9d0fe55e4d1c400923a,4b329581bd90a739dd5d14c4daafe02b1d30c7ed924ee9d0fe55e4d1c400923a
1236,grid_1236_n7_south_west_east_middle_h3_open_t12,e98593f09cef59fc51a729eadf1274dabc6040f8cf62bcbff61ea4dd4b2a3627,1a14b28660c9356f6db789ff6e2a5ecd4cf6fd87f57bb78fe276f52ed5751691,1a14b28660c9356f6db789ff6e2a5ecd4cf6fd87f57bb78fe276f52ed5751691,1a14b28660c9356f6db789ff6e2a5ecd4cf6fd87f57bb78fe276f52ed5751691,1a14b28660c9356f6db789ff6e2a5ecd4cf6fd87f57bb78fe276f52ed5751691,4b329581bd90a739dd5d14c4daafe02b1d30c7ed924ee9d0fe55e4d1c400923a,4b329581bd90a739dd5d14c4daafe02b1d30c7ed924ee9d0fe55e4d1c400923a
1237,grid_1237_n7_south_west_east_middle_h3_open_t14,0b2f8906417b67835e5d17b563ca7c43d5e965ad66f415c621d9b5fb1b01deeb,1bdc2094efc7fed9f1a46530a5cb2b9f934558e45283f9e2709e5d7cdb7eef89,1bdc2094efc7fed9f1a46530a5cb2b9f934558e45283f9e2709e5d7cdb7eef89,1bdc2094efc7fed9f1a46530a5cb2b9f934558e45283f9e2709e5d7cdb7eef89,1bdc2094efc7fed9f1a46530a5cb2b9f934558e45283f9e2709e5d7cdb7eef89,4b329581bd90a739dd5d14c4daafe02b1d30c7ed924ee9d0fe55e4d1c400923a,4b329581bd90a739dd5d14c4daafe02b1d30c7ed924ee9d0fe55e4d1c400923a
1238,grid_1238_n7_south_west_east_middle_h3_open_t16,5d0aa4d764697ea10d812bc9b691bfaa0576e916c3948dbe41dd4dfaac3f0397,01b80e66e50039057dfa82adf6c7c3570a26e2eb02d41af2aaa7b488788ef1d2,01b80e66e50039057dfa82adf6c7c3570a26e2eb02d41af2aaa7b488788ef1d2,01b80e66e50039057dfa82adf6c7c3570a26e2eb02d41af2aaa7b488788ef1d2,01b80e66e50039057dfa82adf6c7c3570a26e2eb02d41af2aaa7b488788ef1d2,4b329581bd90a739dd5d14c4daafe02b1d30c7ed924ee9d0fe55e4d1c400923a,4b329581bd90a739dd5d14c4daafe02b1d30c7ed924ee9d0fe55e4d1c400923a
1239,grid_1239_n7_south_west_east_middle_h3_open_t18,a081246afb5d2f8801808d0394a382c5ca39a3edc286a344854cc642f3cdb8cc,c4991dca59340e18c6349bcc33edfa82fba2d5a3bd898f04e5acbc28fe1f8a51,c4991dca59340e18c6349bcc33edfa82fba2d5a3bd898f04e5acbc28fe1f8a51,c4991dca59340e18c6349bcc33edfa82fba2d5a3bd898f04e5acbc28fe1f8a51,c4991dca59340e18c6349bcc33edfa82fba2d5a3bd898f04e5acbc28fe1f8a51,4b329581bd90a739dd5d14c4daafe02b1d30c7ed924ee9d0fe55e4d1c400923a,4b329581bd90a739dd5d14c4daafe02b1d30c7ed924ee9d0fe55e4d1c400923a
1240,grid_1240_n7_south_west_east_middle_h3_gate_t12,55c7db4449b677eb604e1754bf4036eb4d30594cdd6dd0b22c1dfe5f4d3eeab5,e2cfde380ae4534f0cf059efd893b940a07bd9ca5d7328ca8e56953c116df3e4,e2cfde380ae4534f0cf059efd893b940a07bd9ca5d7328ca8e56953c116df3e4,e2cfde380ae4534f0cf059efd893b940a07bd9ca5d7328ca8e56953c116df3e4,e2cfde380ae4534f0cf059efd893b940a07bd9ca5d7328ca8e56953c116df3e4,4b329581bd90a739dd5d14c4daafe02b1d30c7ed924ee9d0fe55e4d1c400923a,4b329581bd90a739dd5d14c4daafe02b1d30c7ed924ee9d0fe55e4d1c400923a
1241,grid_1241_n7_south_west_east_middle_h3_gate_t14,11ff2058cbd55d6657fba7a92ed9c7b79539a970cbcd399921c1d64043d7cafc,f8f5f32da914db00a42141097d0ae3043585017df63565db034f38ccdbe13b75,f8f5f32da914db00a42141097d0ae3043585017df63565db034f38ccdbe13b75,f8f5f32da914db00a42141097d0ae3043585017df63565db034f38ccdbe13b75,f8f5f32da914db00a42141097d0ae3043585017df63565db034f38ccdbe13b75,4b329581bd90a739dd5d14c4daafe02b1d30c7ed924ee9d0fe55e4d1c400923a,4b329581bd90a739dd5d14c4daafe02b1d30c7ed924ee9d0fe55e4d1c400923a
1242,grid_1242_n7_south_west_east_middle_h3_gate_t16,250af24a4dffe3f9d84dda9baef489b0f4a515b72554559b97c3ab19de1eb500,0dfb6e3d520f7fd36d8853446265e456dc9b927365e908d0b9b9406eefd2b24d,0dfb6e3d520f7fd36d8853446265e456dc9b927365e908d0b9b9406eefd2b24d,0dfb6e3d520f7fd36d8853446265e456dc9b927365e908d0b9b9406eefd2b24d,0dfb6e3d520f7fd36d8853446265e456dc9b927365e908d0b9b9406eefd2b24d,4b329581bd90a739dd5d14c4daafe02b1d30c7ed924ee9d0fe55e4d1c400923a,4b329581bd90a739dd5d14c4daafe02b1d30c7ed924ee9d0fe55e4d1c400923a
1243,grid_1243_n7_south_west_east_middle_h3_gate_t18,6872e641be07134267ec0f055cb5241e5be9581dca770d9fa80e64053f990bb0,49fca81e72f521fdf04c061ba094e50d68ec623b14a539101ccf7a9f7a1adf38,49fca81e72f521fdf04c061ba094e50d68ec623b14a539101ccf7a9f7a1adf38,49fca81e72f521fdf04c061ba094e50d68ec623b14a539101ccf7a9f7a1adf38,49fca81e72f521fdf04c061ba094e50d68ec623b14a539101ccf7a9f7a1adf38,4b329581bd90a739dd5d14c4daafe02b1d30c7ed924ee9d0fe55e4d1c400923a,4b329581bd90a739dd5d14c4daafe02b1d30c7ed924ee9d0fe55e4d1c400923a
1244,grid_1244_n7_south_west_east_middle_h3_staggered_t12,b0764dde3deaacbeb4affcf120c06e920a8da324080ec3d156f20ced63b99141,799f532294a86afea53726c2a555a5c3f9370b4204faa1eba891b791609fef42,799f532294a86afea53726c2a555a5c3f9370b4204faa1eba891b791609fef42,799f532294a86afea53726c2a555a5c3f9370b4204faa1eba891b791609fef42,799f532294a86afea53726c2a555a5c3f9370b4204faa1eba891b791609fef42,4b329581bd90a739dd5d14c4daafe02b1d30c7ed924ee9d0fe55e4d1c400923a,4b329581bd90a739dd5d14c4daafe02b1d30c7ed924ee9d0fe55e4d1c400923a
1245,grid_1245_n7_south_west_east_middle_h3_staggered_t14,17504021e4fd601e000a9f84917c182c1a76f6c3542ffd7b63f5a69efbea8aaa,3f6f1a58ac04a8c5815c2b50f7f675515f0e63071ac7fa9b88249e049a21659b,3f6f1a58ac04a8c5815c2b50f7f675515f0e63071ac7fa9b88249e049a21659b,3f6f1a58ac04a8c5815c2b50f7f675515f0e63071ac7fa9b88249e049a21659b,3f6f1a58ac04a8c5815c2b50f7f675515f0e63071ac7fa9b88249e049a21659b,4b329581bd90a739dd5d14c4daafe02b1d30c7ed924ee9d0fe55e4d1c400923a,4b329581bd90a739dd5d14c4daafe02b1d30c7ed924ee9d0fe55e4d1c400923a
1246,grid_1246_n7_south_west_east_middle_h3_staggered_t16,c261363ffb10a0876d4aa6bb7c70ed09d575beca32efa9ae2590266fdf64bbe2,e8fc75519eb30d313c70975a096517ebb1b06bb55592217561244f41c45fdb64,e8fc75519eb30d313c70975a096517ebb1b06bb55592217561244f41c45fdb64,e8fc75519eb30d313c70975a096517ebb1b06bb55592217561244f41c45fdb64,e8fc75519eb30d313c70975a096517ebb1b06bb55592217561244f41c45fdb64,4b329581bd90a739dd5d14c4daafe02b1d30c7ed924ee9d0fe55e4d1c400923a,4b329581bd90a739dd5d14c4daafe02b1d30c7ed924ee9d0fe55e4d1c400923a
1247,grid_1247_n7_south_west_east_middle_h3_staggered_t18,c6c5a77e5f0af93ecea8a6d46a9a1b5ed77b7392debe565cf76bf218a7f3c75b,3dbe491803d3aa844e8744772e3b107ce74b78484031ed461e2fce259bb9e378,3dbe491803d3aa844e8744772e3b107ce74b78484031ed461e2fce259bb9e378,3dbe491803d3aa844e8744772e3b107ce74b78484031ed461e2fce259bb9e378,3dbe491803d3aa844e8744772e3b107ce74b78484031ed461e2fce259bb9e378,4b329581bd90a739dd5d14c4daafe02b1d30c7ed924ee9d0fe55e4d1c400923a,4b329581bd90a739dd5d14c4daafe02b1d30c7ed924ee9d0fe55e4d1c400923a
1248,grid_1248_n7_south_west_south_middle_h0_open_t12,494f0e8581d1c49ab33ae621947fcdc134b5e1c1e896a4332cf490911be1ba76,72d903f9361cd228b2c6e80f84eee7471f5e8391bfb09ebe8a15ca6efd7ab100,72d903f9361cd228b2c6e80f84eee7471f5e8391bfb09ebe8a15ca6efd7ab100,72d903f9361cd228b2c6e80f84eee7471f5e8391bfb09ebe8a15ca6efd7ab100,72d903f9361cd228b2c6e80f84eee7471f5e8391bfb09ebe8a15ca6efd7ab100,50d664647a94204a3892b45e6e03fc145a76d886c2b1d3ca80b664a83ca818e0,50d664647a94204a3892b45e6e03fc145a76d886c2b1d3ca80b664a83ca818e0
1249,grid_1249_n7_south_west_south_middle_h0_open_t14,18c5b73fb9fd276a8aa019dbd770b862ffc337c58a2139b7aee06297d109e094,b1719c266b0eaf5673adb3d75b60137fcaf37ea2c6b6caf8a7b076862d2c5b51,b1719c266b0eaf5673adb3d75b60137fcaf37ea2c6b6caf8a7b076862d2c5b51,b1719c266b0eaf5673adb3d75b60137fcaf37ea2c6b6caf8a7b076862d2c5b51,b1719c266b0eaf5673adb3d75b60137fcaf37ea2c6b6caf8a7b076862d2c5b51,50d664647a94204a3892b45e6e03fc145a76d886c2b1d3ca80b664a83ca818e0,50d664647a94204a3892b45e6e03fc145a76d886c2b1d3ca80b664a83ca818e0
1250,grid_1250_n7_south_west_south_middle_h0_open_t16,9dddba4353abe941783cd2e2f270b11223d557ffdad738c520b6e17137425334,008684ef7d5ae390db1603953fe4e62d61b523730ba9aa1dfacf2fc1ee2f56dd,008684ef7d5ae390db1603953fe4e62d61b523730ba9aa1dfacf2fc1ee2f56dd,008684ef7d5ae390db1603953fe4e62d61b523730ba9aa1dfacf2fc1ee2f56dd,008684ef7d5ae390db1603953fe4e62d61b523730ba9aa1dfacf2fc1ee2f56dd,50d664647a94204a3892b45e6e03fc145a76d886c2b1d3ca80b664a83ca818e0,50d664647a94204a3892b45e6e03fc145a76d886c2b1d3ca80b664a83ca818e0
1251,grid_1251_n7_south_west_south_middle_h0_open_t18,a9cf492566a87b87edbc486744500fdf5633b498c904d2272f594d2899fca603,33b2d9bd72b61dd43003101366b7ad86b00f212b36fd45ba316ace93197c14f9,33b2d9bd72b61dd43003101366b7ad86b00f212b36fd45ba316ace93197c14f9,33b2d9bd72b61dd43003101366b7ad86b00f212b36fd45ba316ace93197c14f9,33b2d9bd72b61dd43003101366b7ad86b00f212b36fd45ba316ace93197c14f9,50d664647a94204a3892b45e6e03fc145a76d886c2b1d3ca80b664a83ca818e0,50d664647a94204a3892b45e6e03fc145a76d886c2b1d3ca80b664a83ca818e0
1252,grid_1252_n7_south_west_south_middle_h0_gate_t12,7aaffff11e7630c3c1018152fe57f14c6353dc23d4debce0828f5b4e88703bdf,c42e04bc81e04a121ae9bd802046b2bb892c75316f876d7bea07a50b7d13ce0a,c42e04bc81e04a121ae9bd802046b2bb892c75316f876d7bea07a50b7d13ce0a,c42e04bc81e04a121ae9bd802046b2bb892c75316f876d7bea07a50b7d13ce0a,c42e04bc81e04a121ae9bd802046b2bb892c75316f876d7bea07a50b7d13ce0a,50d664647a94204a3892b45e6e03fc145a76d886c2b1d3ca80b664a83ca818e0,50d664647a94204a3892b45e6e03fc145a76d886c2b1d3ca80b664a83ca818e0
1253,grid_1253_n7_south_west_south_middle_h0_gate_t14,c4c3347df1b1c093bfd45441050dbb34e4d655815fe9a62e0465b5767b301253,36beb95bd006236a4a9cc84d69587a4cf18374e008622a1abb3fb11937428824,36beb95bd006236a4a9cc84d69587a4cf18374e008622a1abb3fb11937428824,36beb95bd006236a4a9cc84d69587a4cf18374e008622a1abb3fb11937428824,36beb95bd006236a4a9cc84d69587a4cf18374e008622a1abb3fb11937428824,50d664647a94204a3892b45e6e03fc145a76d886c2b1d3ca80b664a83ca818e0,50d664647a94204a3892b45e6e03fc145a76d886c2b1d3ca80b664a83ca818e0
1254,grid_1254_n7_south_west_south_middle_h0_gate_t16,6ac456d0ee79a47b7102b6759e25aeb796493c45dfbf7e471c652cc7f70a8c86,167c6b53826916d9083febde01c7cd3f6a2bc73b6b70c7c987829dcb63477cb3,167c6b53826916d9083febde01c7cd3f6a2bc73b6b70c7c987829dcb63477cb3,167c6b53826916d9083febde01c7cd3f6a2bc73b6b70c7c987829dcb63477cb3,167c6b53826916d9083febde01c7cd3f6a2bc73b6b70c7c987829dcb63477cb3,50d664647a94204a3892b45e6e03fc145a76d886c2b1d3ca80b664a83ca818e0,50d664647a94204a3892b45e6e03fc145a76d886c2b1d3ca80b664a83ca818e0
1255,grid_1255_n7_south_west_south_middle_h0_gate_t18,277909bd03b1747510edb529ff75ccf10b245bf60fb244a323b1f1f00f183051,67f3463e2b08ed73c468d166586d0d453b21112dd9c3834ce3673edcbf0963c0,67f3463e2b08ed73c468d166586d0d453b21112dd9c3834ce3673edcbf0963c0,67f3463e2b08ed73c468d166586d0d453b21112dd9c3834ce3673edcbf0963c0,67f3463e2b08ed73c468d166586d0d453b21112dd9c3834ce3673edcbf0963c0,50d664647a94204a3892b45e6e03fc145a76d886c2b1d3ca80b664a83ca818e0,50d664647a94204a3892b45e6e03fc145a76d886c2b1d3ca80b664a83ca818e0
1256,grid_1256_n7_south_west_south_middle_h0_staggered_t12,481fc71b769a3c8ffcad43ccf05efd9b4f2738af63df52a91b55afec85167471,d742bd77a01571d73bcc03472541da7775d36f30bfa526c0cc2a22f23976a22d,d742bd77a01571d73bcc03472541da7775d36f30bfa526c0cc2a22f23976a22d,d742bd77a01571d73bcc03472541da7775d36f30bfa526c0cc2a22f23976a22d,d742bd77a01571d73bcc03472541da7775d36f30bfa526c0cc2a22f23976a22d,50d664647a94204a3892b45e6e03fc145a76d886c2b1d3ca80b664a83ca818e0,50d664647a94204a3892b45e6e03fc145a76d886c2b1d3ca80b664a83ca818e0
1257,grid_1257_n7_south_west_south_middle_h0_staggered_t14,dc637d52468bc9139e5ebe0861bddd3bd9dc00f928e5bb4731b0dfe9663f0f5c,4b0c4e1a81168174e2047f39abd10e2ddc4f4e3a5622959631b7de183c5f090e,4b0c4e1a81168174e2047f39abd10e2ddc4f4e3a5622959631b7de183c5f090e,4b0c4e1a81168174e2047f39abd10e2ddc4f4e3a5622959631b7de183c5f090e,4b0c4e1a81168174e2047f39abd10e2ddc4f4e3a5622959631b7de183c5f090e,50d664647a94204a3892b45e6e03fc145a76d886c2b1d3ca80b664a83ca818e0,50d664647a94204a3892b45e6e03fc145a76d886c2b1d3ca80b664a83ca818e0
1258,grid_1258_n7_south_west_south_middle_h0_staggered_t16,fe6635fee5697105239ed104bf34cd0b41d043f227566e27470f70074fd51a55,102b6a3cbd15a3fdbae38c0d2e64e99448ad9c1f16c494f0b72472185a8e02c6,102b6a3cbd15a3fdbae38c0d2e64e99448ad9c1f16c494f0b72472185a8e02c6,102b6a3cbd15a3fdbae38c0d2e64e99448ad9c1f16c494f0b72472185a8e02c6,102b6a3cbd15a3fdbae38c0d2e64e99448ad9c1f16c494f0b72472185a8e02c6,50d664647a94204a3892b45e6e03fc145a76d886c2b1d3ca80b664a83ca818e0,50d664647a94204a3892b45e6e03fc145a76d886c2b1d3ca80b664a83ca818e0
1259,grid_1259_n7_south_west_south_middle_h0_staggered_t18,5dc0ef3f1c2d0036efa66efacfe5c9c89e4ced20d95ec148ac8c623abb79cc62,13629c6bd7244858bbf542d6487164ab3a25918777830d7b725dc59073f63576,13629c6bd7244858bbf542d6487164ab3a25918777830d7b725dc59073f63576,13629c6bd7244858bbf542d6487164ab3a25918777830d7b725dc59073f63576,13629c6bd7244858bbf542d6487164ab3a25918777830d7b725dc59073f63576,50d664647a94204a3892b45e6e03fc145a76d886c2b1d3ca80b664a83ca818e0,50d664647a94204a3892b45e6e03fc145a76d886c2b1d3ca80b664a83ca818e0
1260,grid_1260_n7_south_west_south_middle_h1_open_t12,1c0433e76a6ee1644f76abbde5b7ea87f17ba852305e92c87c5053f35806f70b,b21272ce1ed4e1e3e0dc4f8f31e332446e79bbebedd31fe3b2ea0a1eaee37737,b21272ce1ed4e1e3e0dc4f8f31e332446e79bbebedd31fe3b2ea0a1eaee37737,b21272ce1ed4e1e3e0dc4f8f31e332446e79bbebedd31fe3b2ea0a1eaee37737,b21272ce1ed4e1e3e0dc4f8f31e332446e79bbebedd31fe3b2ea0a1eaee37737,bb13fbb8f0470056e175663d8d6704552d849cade02140c626bd55b0b29da48e,bb13fbb8f0470056e175663d8d6704552d849cade02140c626bd55b0b29da48e
1261,grid_1261_n7_south_west_south_middle_h1_open_t14,e31a748f540460d1bd70170092b3522a222446c629586ea7d1b7faecf9d85fec,b21272ce1ed4e1e3e0dc4f8f31e332446e79bbebedd31fe3b2ea0a1eaee37737,b21272ce1ed4e1e3e0dc4f8f31e332446e79bbebedd31fe3b2ea0a1eaee37737,b21272ce1ed4e1e3e0dc4f8f31e332446e79bbebedd31fe3b2ea0a1eaee37737,b21272ce1ed4e1e3e0dc4f8f31e332446e79bbebedd31fe3b2ea0a1eaee37737,bb13fbb8f0470056e175663d8d6704552d849cade02140c626bd55b0b29da48e,bb13fbb8f0470056e175663d8d6704552d849cade02140c626bd55b0b29da48e
1262,grid_1262_n7_south_west_south_middle_h1_open_t16,2b12d96341c15b7b9dd9238823e738c57edf3982af62a50e6fa21671491d91b3,b21272ce1ed4e1e3e0dc4f8f31e332446e79bbebedd31fe3b2ea0a1eaee37737,b21272ce1ed4e1e3e0dc4f8f31e332446e79bbebedd31fe3b2ea0a1eaee37737,b21272ce1ed4e1e3e0dc4f8f31e332446e79bbebedd31fe3b2ea0a1eaee37737,b21272ce1ed4e1e3e0dc4f8f31e332446e79bbebedd31fe3b2ea0a1eaee37737,bb13fbb8f0470056e175663d8d6704552d849cade02140c626bd55b0b29da48e,bb13fbb8f0470056e175663d8d6704552d849cade02140c626bd55b0b29da48e
1263,grid_1263_n7_south_west_south_middle_h1_open_t18,6de8e9e2e97dca47c1888d33d67f6ad65e77a1d243269c2f5a329eabc9505df2,b21272ce1ed4e1e3e0dc4f8f31e332446e79bbebedd31fe3b2ea0a1eaee37737,b21272ce1ed4e1e3e0dc4f8f31e332446e79bbebedd31fe3b2ea0a1eaee37737,b21272ce1ed4e1e3e0dc4f8f31e332446e79bbebedd31fe3b2ea0a1eaee37737,b21272ce1ed4e1e3e0dc4f8f31e332446e79bbebedd31fe3b2ea0a1eaee37737,bb13fbb8f0470056e175663d8d6704552d849cade02140c626bd55b0b29da48e,bb13fbb8f0470056e175663d8d6704552d849cade02140c626bd55b0b29da48e
1264,grid_1264_n7_south_west_south_middle_h1_gate_t12,526f6f7e4088080019994202d0a9a7b9ba2a1d305fa3dc24c15ca29cbde6f8a7,b21272ce1ed4e1e3e0dc4f8f31e332446e79bbebedd31fe3b2ea0a1eaee37737,b21272ce1ed4e1e3e0dc4f8f31e332446e79bbebedd31fe3b2ea0a1eaee37737,b21272ce1ed4e1e3e0dc4f8f31e332446e79bbebedd31fe3b2ea0a1eaee37737,b21272ce1ed4e1e3e0dc4f8f31e332446e79bbebedd31fe3b2ea0a1eaee37737,bb13fbb8f0470056e175663d8d6704552d849cade02140c626bd55b0b29da48e,bb13fbb8f0470056e175663d8d6704552d849cade02140c626bd55b0b29da48e
1265,grid_1265_n7_south_west_south_middle_h1_gate_t14,3e183ee097de8af1152e29c8b7de548082aae862462e7c33d5c1f2a1d8f37b43,b21272ce1ed4e1e3e0dc4f8f31e332446e79bbebedd31fe3b2ea0a1eaee37737,b21272ce1ed4e1e3e0dc4f8f31e332446e79bbebedd31fe3b2ea0a1eaee37737,b21272ce1ed4e1e3e0dc4f8f31e332446e79bbebedd31fe3b2ea0a1eaee37737,b21272ce1ed4e1e3e0dc4f8f31e332446e79bbebedd31fe3b2ea0a1eaee37737,bb13fbb8f0470056e175663d8d6704552d849cade02140c626bd55b0b29da48e,bb13fbb8f0470056e175663d8d6704552d849cade02140c626bd55b0b29da48e
1266,grid_1266_n7_south_west_south_middle_h1_gate_t16,5dc58175ab64e4e31455aba6ec7788bedb6c68e45e6c654bc5de747749074813,b21272ce1ed4e1e3e0dc4f8f31e332446e79bbebedd31fe3b2ea0a1eaee37737,b21272ce1ed4e1e3e0dc4f8f31e332446e79bbebedd31fe3b2ea0a1eaee37737,b21272ce1ed4e1e3e0dc4f8f31e332446e79bbebedd31fe3b2ea0a1eaee37737,b21272ce1ed4e1e3e0dc4f8f31e332446e79bbebedd31fe3b2ea0a1eaee37737,bb13fbb8f0470056e175663d8d6704552d849cade02140c626bd55b0b29da48e,bb13fbb8f0470056e175663d8d6704552d849cade02140c626bd55b0b29da48e
1267,grid_1267_n7_south_west_south_middle_h1_gate_t18,05ccda271bdd3a4bb1dd180c98efb614ef6cad22abd10b4a6251590db4e15583,b21272ce1ed4e1e3e0dc4f8f31e332446e79bbebedd31fe3b2ea0a1eaee37737,b21272ce1ed4e1e3e0dc4f8f31e332446e79bbebedd31fe3b2ea0a1eaee37737,b21272ce1ed4e1e3e0dc4f8f31e332446e79bbebedd31fe3b2ea0a1eaee37737,b21272ce1ed4e1e3e0dc4f8f31e332446e79bbebedd31fe3b2ea0a1eaee37737,bb13fbb8f0470056e175663d8d6704552d849cade02140c626bd55b0b29da48e,bb13fbb8f0470056e175663d8d6704552d849cade02140c626bd55b0b29da48e
1268,grid_1268_n7_south_west_south_middle_h1_staggered_t12,6b9d3fb032e2fbd8a044f8d47f6dba81f4e2a90d08d015072b06061f8de9589d,b21272ce1ed4e1e3e0dc4f8f31e332446e79bbebedd31fe3b2ea0a1eaee37737,b21272ce1ed4e1e3e0dc4f8f31e332446e79bbebedd31fe3b2ea0a1eaee37737,b21272ce1ed4e1e3e0dc4f8f31e332446e79bbebedd31fe3b2ea0a1eaee37737,b21272ce1ed4e1e3e0dc4f8f31e332446e79bbebedd31fe3b2ea0a1eaee37737,bb13fbb8f0470056e175663d8d6704552d849cade02140c626bd55b0b29da48e,bb13fbb8f0470056e175663d8d6704552d849cade02140c626bd55b0b29da48e
1269,grid_1269_n7_south_west_south_middle_h1_staggered_t14,63ed6a9271581938c8a27b88ff6679c416e9fdfbd9cdfe93e151f74201b9f724,b21272ce1ed4e1e3e0dc4f8f31e332446e79bbebedd31fe3b2ea0a1eaee37737,b21272ce1ed4e1e3e0dc4f8f31e332446e79bbebedd31fe3b2ea0a1eaee37737,b21272ce1ed4e1e3e0dc4f8f31e332446e79bbebedd31fe3b2ea0a1eaee37737,b21272ce1ed4e1e3e0dc4f8f31e332446e79bbebedd31fe3b2ea0a1eaee37737,bb13fbb8f0470056e175663d8d6704552d849cade02140c626bd55b0b29da48e,bb13fbb8f0470056e175663d8d6704552d849cade02140c626bd55b0b29da48e
1270,grid_1270_n7_south_west_south_middle_h1_staggered_t16,52ea42e4f7c01c841d747743a1546d0d721068d47b137407f20d2595b4eb33ca,b21272ce1ed4e1e3e0dc4f8f31e332446e79bbebedd31fe3b2ea0a1eaee37737,b21272ce1ed4e1e3e0dc4f8f31e332446e79bbebedd31fe3b2ea0a1eaee37737,b21272ce1ed4e1e3e0dc4f8f31e332446e79bbebedd31fe3b2ea0a1eaee37737,b21272ce1ed4e1e3e0dc4f8f31e332446e79bbebedd31fe3b2ea0a1eaee37737,bb13fbb8f0470056e175663d8d6704552d849cade02140c626bd55b0b29da48e,bb13fbb8f0470056e175663d8d6704552d849cade02140c626bd55b0b29da48e
1271,grid_1271_n7_south_west_south_middle_h1_staggered_t18,c76f1c58b5d781b4678d52a126bff2ee4ffa39992c9faa095f1309a14138f78a,b21272ce1ed4e1e3e0dc4f8f31e332446e79bbebedd31fe3b2ea0a1eaee37737,b21272ce1ed4e1e3e0dc4f8f31e332446e79bbebedd31fe3b2ea0a1eaee37737,b21272ce1ed4e1e3e0dc4f8f31e332446e79bbebedd31fe3b2ea0a1eaee37737,b21272ce1ed4e1e3e0dc4f8f31e332446e79bbebedd31fe3b2ea0a1eaee37737,bb13fbb8f0470056e175663d8d6704552d849cade02140c626bd55b0b29da48e,bb13fbb8f0470056e175663d8d6704552d849cade02140c626bd55b0b29da48e
1272,grid_1272_n7_south_west_south_middle_h2_open_t12,0449ecd8a25f40854e47398e96c2449fd509e15c762bb6901121115876594d33,4dfdcc14ee7d00b0ecf72b94364209291b0609d92c7632e750f01bcbaefcb9f6,4dfdcc14ee7d00b0ecf72b94364209291b0609d92c7632e750f01bcbaefcb9f6,4dfdcc14ee7d00b0ecf72b94364209291b0609d92c7632e750f01bcbaefcb9f6,4dfdcc14ee7d00b0ecf72b94364209291b0609d92c7632e750f01bcbaefcb9f6,519b24507da2ac9e078d6ee4755b2de663386bbc99c6117d84766afa04d956dd,519b24507da2ac9e078d6ee4755b2de663386bbc99c6117d84766afa04d956dd
1273,grid_1273_n7_south_west_south_middle_h2_open_t14,f0e8b0547ff38ab85a8fad6e55db6d30c27afade9b597d00235f35eca20ec707,c5264d45e5dea0702669315ca74678f5cc3ede873121ee764b90fdf168c1de41,c5264d45e5dea0702669315ca74678f5cc3ede873121ee764b90fdf168c1de41,c5264d45e5dea0702669315ca74678f5cc3ede873121ee764b90fdf168c1de41,c5264d45e5dea0702669315ca74678f5cc3ede873121ee764b90fdf168c1de41,519b24507da2ac9e078d6ee4755b2de663386bbc99c6117d84766afa04d956dd,519b24507da2ac9e078d6ee4755b2de663386bbc99c6117d84766afa04d956dd
1274,grid_1274_n7_south_west_south_middle_h2_open_t16,044005e0bc5be327b6d5959d548eef49349db7471e8cfa647a04dd72f06ff135,d6faedae44e849797fed2980e3f12141279dda4b981c242992c696cc7a597247,d6faedae44e849797fed2980e3f12141279dda4b981c242992c696cc7a597247,d6faedae44e849797fed2980e3f12141279dda4b981c242992c696cc7a597247,d6faedae44e849797fed2980e3f12141279dda4b981c242992c696cc7a597247,519b24507da2ac9e078d6ee4755b2de663386bbc99c6117d84766afa04d956dd,519b24507da2ac9e078d6ee4755b2de663386bbc99c6117d84766afa04d956dd
1275,grid_1275_n7_south_west_south_middle_h2_open_t18,6be51015332c7c71cac58205f10cf2cf4de8f51c57dabf532a0bceaa05319dd9,feaeec579cfedcaa9e7bf18382854e0f80daf74c8638b9b08639256f155f0862,feaeec579cfedcaa9e7bf18382854e0f80daf74c8638b9b08639256f155f0862,feaeec579cfedcaa9e7bf18382854e0f80daf74c8638b9b08639256f155f0862,feaeec579cfedcaa9e7bf18382854e0f80daf74c8638b9b08639256f155f0862,519b24507da2ac9e078d6ee4755b2de663386bbc99c6117d84766afa04d956dd,519b24507da2ac9e078d6ee4755b2de663386bbc99c6117d84766afa04d956dd
1276,grid_1276_n7_south_west_south_middle_h2_gate_t12,39c4bab8f39e299703d18c62ba31de68782be80e28b676f28173941f4e71d0f6,4dfdcc14ee7d00b0ecf72b94364209291b0609d92c7632e750f01bcbaefcb9f6,4dfdcc14ee7d00b0ecf72b94364209291b0609d92c7632e750f01bcbaefcb9f6,4dfdcc14ee7d00b0ecf72b94364209291b0609d92c7632e750f01bcbaefcb9f6,4dfdcc14ee7d00b0ecf72b94364209291b0609d92c7632e750f01bcbaefcb9f6,519b24507da2ac9e078d6ee4755b2de663386bbc99c6117d84766afa04d956dd,519b24507da2ac9e078d6ee4755b2de663386bbc99c6117d84766afa04d956dd
1277,grid_1277_n7_south_west_south_middle_h2_gate_t14,cf9c642bec8b7a8873fe36903d39197bcc2b381e37b1e727b2f4650da95e030e,2231aeaedaf37f6d0f637b629385e35d28d556b31f19cc385fd890ad4a6f7521,2231aeaedaf37f6d0f637b629385e35d28d556b31f19cc385fd890ad4a6f7521,2231aeaedaf37f6d0f637b629385e35d28d556b31f19cc385fd890ad4a6f7521,2231aeaedaf37f6d0f637b629385e35d28d556b31f19cc385fd890ad4a6f7521,519b24507da2ac9e078d6ee4755b2de663386bbc99c6117d84766afa04d956dd,519b24507da2ac9e078d6ee4755b2de663386bbc99c6117d84766afa04d956dd
1278,grid_1278_n7_south_west_south_middle_h2_gate_t16,590dc3e2a5c25fdfb4e8e2c8e5fbd07031aa2294b872743d361ca69e048e16b1,97195ada2206db40359a09ce7753fae597e6fec27a2ec258a70b2666f8489fd1,97195ada2206db40359a09ce7753fae597e6fec27a2ec258a70b2666f8489fd1,97195ada2206db40359a09ce7753fae597e6fec27a2ec258a70b2666f8489fd1,97195ada2206db40359a09ce7753fae597e6fec27a2ec258a70b2666f8489fd1,519b24507da2ac9e078d6ee4755b2de663386bbc99c6117d84766afa04d956dd,519b24507da2ac9e078d6ee4755b2de663386bbc99c6117d84766afa04d956dd
1279,grid_1279_n7_south_west_south_middle_h2_gate_t18,2da3d2ec9f4afb3ffff4a027b21ac22743e08393b87965cf246beb83d01fd42f,b25817f50549028762d7d57d9be9f0ab18daa913ef90f4a9aef5511c09191ad4,b25817f50549028762d7d57d9be9f0ab18daa913ef90f4a9aef5511c09191ad4,b25817f50549028762d7d57d9be9f0ab18daa913ef90f4a9aef5511c09191ad4,b25817f50549028762d7d57d9be9f0ab18daa913ef90f4a9aef5511c09191ad4,519b24507da2ac9e078d6ee4755b2de663386bbc99c6117d84766afa04d956dd,519b24507da2ac9e078d6ee4755b2de663386bbc99c6117d84766afa04d956dd
1280,grid_1280_n7_south_west_south_middle_h2_staggered_t12,e663d3ae08a6472d6f28be1b5f2dda1c42918fa6c18a336eb8eb4de2a4b22312,8530a6d5876e1799cc669660c630e0784235bbc83d0149d27d66f78a37a62607,8530a6d5876e1799cc669660c630e0784235bbc83d0149d27d66f78a37a62607,8530a6d5876e1799cc669660c630e0784235bbc83d0149d27d66f78a37a62607,8530a6d5876e1799cc669660c630e0784235bbc83d0149d27d66f78a37a62607,519b24507da2ac9e078d6ee4755b2de663386bbc99c6117d84766afa04d956dd,519b24507da2ac9e078d6ee4755b2de663386bbc99c6117d84766afa04d956dd
1281,grid_1281_n7_south_west_south_middle_h2_staggered_t14,d3b74547b94b374150473265f7be5ea167a63fc7e6b14663e654073215cde36c,cce86a464f43f46a47fba54adfc8e7b3ff625d23687b450ce2d9b26dad9385a8,cce86a464f43f46a47fba54adfc8e7b3ff625d23687b450ce2d9b26dad9385a8,cce86a464f43f46a47fba54adfc8e7b3ff625d23687b450ce2d9b26dad9385a8,cce86a464f43f46a47fba54adfc8e7b3ff625d23687b450ce2d9b26dad9385a8,519b24507da2ac9e078d6ee4755b2de663386bbc99c6117d84766afa04d956dd,519b24507da2ac9e078d6ee4755b2de663386bbc99c6117d84766afa04d956dd
1282,grid_1282_n7_south_west_south_middle_h2_staggered_t16,c8e089aae0a3c6d380aefd85c2d5a99f3e7b5d1d30e2e2597e9ede07f89ce0c7,3ea9f61d75146833782e31cc4c1c67be678207b007457db1cda37e01a078e502,3ea9f61d75146833782e31cc4c1c67be678207b007457db1cda37e01a078e502,3ea9f61d75146833782e31cc4c1c67be678207b007457db1cda37e01a078e502,3ea9f61d75146833782e31cc4c1c67be678207b007457db1cda37e01a078e502,519b24507da2ac9e078d6ee4755b2de663386bbc99c6117d84766afa04d956dd,519b24507da2ac9e078d6ee4755b2de663386bbc99c6117d84766afa04d956dd
1283,grid_1283_n7_south_west_south_middle_h2_staggered_t18,53f4fa3dd3cae85f9fe2222232815b38b88491bd1f6babb2f2562b4dc86b41cc,0a4e3560706cc70871c61a79be17b3e9a398b5e271c80bf6b77f9db5a6359767,0a4e3560706cc70871c61a79be17b3e9a398b5e271c80bf6b77f9db5a6359767,0a4e3560706cc70871c61a79be17b3e9a398b5e271c80bf6b77f9db5a6359767,0a4e3560706cc70871c61a79be17b3e9a398b5e271c80bf6b77f9db5a6359767,519b24507da2ac9e078d6ee4755b2de663386bbc99c6117d84766afa04d956dd,519b24507da2ac9e078d6ee4755b2de663386bbc99c6117d84766afa04d956dd
1284,grid_1284_n7_south_west_south_middle_h3_open_t12,06fcfd76f302440fc326e1207d875e5405e5846666708842b583793edcc89abe,5003f59caf10038135ab83927ea6f163afe7cccd0290778cfc6c92fc040da922,5003f59caf10038135ab83927ea6f163afe7cccd0290778cfc6c92fc040da922,5003f59caf10038135ab83927ea6f163afe7cccd0290778cfc6c92fc040da922,5003f59caf10038135ab83927ea6f163afe7cccd0290778cfc6c92fc040da922,1dab4d5a735041ab68aad316d63596e06e99ca4c5bed9e0f5cf941845713e974,1dab4d5a735041ab68aad316d63596e06e99ca4c5bed9e0f5cf941845713e974
1285,grid_1285_n7_south_west_south_middle_h3_open_t14,74d674f8b8e5e476af66fd2614dbc24c6921c95b6c527d575891557eda0cbb4a,29fad2b65568a2e4d0b959c081d92713613e99211d3ba471f20015a0d5d835dd,29fad2b65568a2e4d0b959c081d92713613e99211d3ba471f20015a0d5d835dd,29fad2b65568a2e4d0b959c081d92713613e99211d3ba471f20015a0d5d835dd,29fad2b65568a2e4d0b959c081d92713613e99211d3ba471f20015a0d5d835dd,1dab4d5a735041ab68aad316d63596e06e99ca4c5bed9e0f5cf941845713e974,1dab4d5a735041ab68aad316d63596e06e99ca4c5bed9e0f5cf941845713e974
1286,grid_1286_n7_south_west_south_middle_h3_open_t16,dc5858f2a1b79744f24670e196afed0f1c18ec42e12ca64a9b8f4d9fef4fc4e7,89abbb6381da4cbff83e42ca65ca501719ee6ac471b99df0c4333180f97ce75f,89abbb6381da4cbff83e42ca65ca501719ee6ac471b99df0c4333180f97ce75f,89abbb6381da4cbff83e42ca65ca501719ee6ac471b99df0c4333180f97ce75f,89abbb6381da4cbff83e42ca65ca501719ee6ac471b99df0c4333180f97ce75f,1dab4d5a735041ab68aad316d63596e06e99ca4c5bed9e0f5cf941845713e974,1dab4d5a735041ab68aad316d63596e06e99ca4c5bed9e0f5cf941845713e974
1287,grid_1287_n7_south_west_south_middle_h3_open_t18,dc21836e0d19b4d0c06f46aa01354e83f2c078b8ee888914552e9b0b7232ad6d,20d7fad6d51ddb4eb1f3b6d087566e3f1b979ef52cbed74a26623a31355b55c6,20d7fad6d51ddb4eb1f3b6d087566e3f1b979ef52cbed74a26623a31355b55c6,20d7fad6d51ddb4eb1f3b6d087566e3f1b979ef52cbed74a26623a31355b55c6,20d7fad6d51ddb4eb1f3b6d087566e3f1b979ef52cbed74a26623a31355b55c6,645d0b31aef334e4803dbb580a567bf936769e20cf525b91b67dad9a1f35a627,645d0b31aef334e4803dbb580a567bf936769e20cf525b91b67dad9a1f35a627
1288,grid_1288_n7_south_west_south_middle_h3_gate_t12,d65b8e9ccb14f0935ab8004df594e47c0d94396dbeaa07916bf206b3ccccc670,e9442e67ecdc4c598562148c66217abcb9f5ff42eaab1362c59e2f013a30b218,e9442e67ecdc4c598562148c66217abcb9f5ff42eaab1362c59e2f013a30b218,e9442e67ecdc4c598562148c66217abcb9f5ff42eaab1362c59e2f013a30b218,e9442e67ecdc4c598562148c66217abcb9f5ff42eaab1362c59e2f013a30b218,1dab4d5a735041ab68aad316d63596e06e99ca4c5bed9e0f5cf941845713e974,1dab4d5a735041ab68aad316d63596e06e99ca4c5bed9e0f5cf941845713e974
1289,grid_1289_n7_south_west_south_middle_h3_gate_t14,40eb9fdbeaee04a2a6e379f38e0000c555e7b3389ec302d6856aa910c0bf1356,201b8fa6e56efdae0db8d947a4a841c788edd376da7d7d3b0b860b155203c7ac,201b8fa6e56efdae0db8d947a4a841c788edd376da7d7d3b0b860b155203c7ac,201b8fa6e56efdae0db8d947a4a841c788edd376da7d7d3b0b860b155203c7ac,201b8fa6e56efdae0db8d947a4a841c788edd376da7d7d3b0b860b155203c7ac,1dab4d5a735041ab68aad316d63596e06e99ca4c5bed9e0f5cf941845713e974,1dab4d5a735041ab68aad316d63596e06e99ca4c5bed9e0f5cf941845713e974
1290,grid_1290_n7_south_west_south_middle_h3_gate_t16,88e780fa19393a8f6b9dabbec830febf5520c2c272c206873a5497f50edcd251,181db582584784c0bc57e52ccd5d411dc82899d57ac3e05439c8f85382616c10,181db582584784c0bc57e52ccd5d411dc82899d57ac3e05439c8f85382616c10,181db582584784c0bc57e52ccd5d411dc82899d57ac3e05439c8f85382616c10,181db582584784c0bc57e52ccd5d411dc82899d57ac3e05439c8f85382616c10,1dab4d5a735041ab68aad316d63596e06e99ca4c5bed9e0f5cf941845713e974,1dab4d5a735041ab68aad316d63596e06e99ca4c5bed9e0f5cf941845713e974
1291,grid_1291_n7_south_west_south_middle_h3_gate_t18,80f831309abe164ee9183112266c6175e974a901a4ca227f7559d426cae81237,c38cc9aee028bc3b4894263a15df76d403876d31ca148955e392865dd6aa850f,c38cc9aee028bc3b4894263a15df76d403876d31ca148955e392865dd6aa850f,c38cc9aee028bc3b4894263a15df76d403876d31ca148955e392865dd6aa850f,c38cc9aee028bc3b4894263a15df76d403876d31ca148955e392865dd6aa850f,645d0b31aef334e4803dbb580a567bf936769e20cf525b91b67dad9a1f35a627,645d0b31aef334e4803dbb580a567bf936769e20cf525b91b67dad9a1f35a627
1292,grid_1292_n7_south_west_south_middle_h3_staggered_t12,7fc76ddf7a4eab584e04bb0b3cfb7316c5d8424a780a65074f8fc544ece1dbcc,c3f3de0eacf6289a8fb8366dd97131c2842c2e273d8de09fd542ae65c67accc3,c3f3de0eacf6289a8fb8366dd97131c2842c2e273d8de09fd542ae65c67accc3,c3f3de0eacf6289a8fb8366dd97131c2842c2e273d8de09fd542ae65c67accc3,c3f3de0eacf6289a8fb8366dd97131c2842c2e273d8de09fd542ae65c67accc3,bdc9d0ed24b341ea8c73e1b521cef3f09e76caef03dc5fe9b613429baa53c27b,bdc9d0ed24b341ea8c73e1b521cef3f09e76caef03dc5fe9b613429baa53c27b
1293,grid_1293_n7_south_west_south_middle_h3_staggered_t14,f0c3f16513a430387928e06ed6a47992e64cd24ae4e3040b0b59934ae2e22130,bec2a827c4312ebf568931f7e1581a3088dca2652d343cb765a8e1e93c2f40ad,bec2a827c4312ebf568931f7e1581a3088dca2652d343cb765a8e1e93c2f40ad,bec2a827c4312ebf568931f7e1581a3088dca2652d343cb765a8e1e93c2f40ad,bec2a827c4312ebf568931f7e1581a3088dca2652d343cb765a8e1e93c2f40ad,1dab4d5a735041ab68aad316d63596e06e99ca4c5bed9e0f5cf941845713e974,1dab4d5a735041ab68aad316d63596e06e99ca4c5bed9e0f5cf941845713e974
1294,grid_1294_n7_south_west_south_middle_h3_staggered_t16,9284e73e387d80b33796ac268199ec1deedb144afc27b46b459c555217c3df72,4acd3c2636554ab0a3c1fa624b35999217fbd99545df384897d1dbab4f18cd2a,4acd3c2636554ab0a3c1fa624b35999217fbd99545df384897d1dbab4f18cd2a,4acd3c2636554ab0a3c1fa624b35999217fbd99545df384897d1dbab4f18cd2a,4acd3c2636554ab0a3c1fa624b35999217fbd99545df384897d1dbab4f18cd2a,1dab4d5a735041ab68aad316d63596e06e99ca4c5bed9e0f5cf941845713e974,1dab4d5a735041ab68aad316d63596e06e99ca4c5bed9e0f5cf941845713e974
1295,grid_1295_n7_south_west_south_middle_h3_staggered_t18,215c7fa66b521e2861210186b7028e4eae4c0d132a06326bc4974443e45a6490,f52f91890bee351598c775425ac25ddcfbe847537a6c9a16eead2b440ab6da00,f52f91890bee351598c775425ac25ddcfbe847537a6c9a16eead2b440ab6da00,f52f91890bee351598c775425ac25ddcfbe847537a6c9a16eead2b440ab6da00,f52f91890bee351598c775425ac25ddcfbe847537a6c9a16eead2b440ab6da00,645d0b31aef334e4803dbb580a567bf936769e20cf525b91b67dad9a1f35a627,645d0b31aef334e4803dbb580a567bf936769e20cf525b91b67dad9a1f35a627
