mechanism_index,mechanism_name,well_formed,reachable,shortest_win,graph_states,graph_transitions,verification_equal,eligible,candidate_count,full_canonical_trace_differences,full_canonical_cache_hits,full_canonical_cache_misses,full_reverse_trace_differences,full_reverse_cache_hits,full_reverse_cache_misses,drop_state_canonical_witness,drop_state_reverse_witness,drop_memory_canonical_witness,drop_memory_reverse_witness,drop_observation_canonical_witness,drop_observation_reverse_witness
0,grid_0000_n5_north_west_south_east_h0_open_t12,1,1,10,621,2080,1,1,18,0,415,421,0,415,421,1,1,1,1,1,1
1,grid_0001_n5_north_west_south_east_h0_open_t14,1,1,10,817,2848,1,1,18,0,461,475,0,461,475,1,1,1,1,1,1
2,grid_0002_n5_north_west_south_east_h0_open_t16,1,1,10,1013,3616,1,1,18,0,507,522,0,507,522,1,1,1,1,1,1
3,grid_0003_n5_north_west_south_east_h0_open_t18,1,1,10,1209,4384,1,1,18,0,553,568,0,553,568,1,1,1,1,1,1
4,grid_0004_n5_north_west_south_east_h0_gate_t12,1,1,12,394,1280,1,1,18,0,430,434,0,430,434,1,1,1,1,1,1
5,grid_0005_n5_north_west_south_east_h0_gate_t14,1,1,12,557,1888,1,1,18,0,482,525,0,482,525,1,1,1,1,1,1
6,grid_0006_n5_north_west_south_east_h0_gate_t16,1,1,12,721,2528,1,1,18,0,534,615,0,534,615,1,1,1,1,1,1
7,grid_0007_n5_north_west_south_east_h0_gate_t18,1,1,12,885,3168,1,1,18,0,586,705,0,586,705,1,1,1,1,1,1
8,grid_0008_n5_north_west_south_east_h0_staggered_t12,1,1,10,513,1696,1,1,18,0,422,414,0,422,414,1,1,1,1,1,1
9,grid_0009_n5_north_west_south_east_h0_staggered_t14,1,1,10,685,2368,1,1,18,0,470,468,0,470,468,1,1,1,1,1,1
10,grid_0010_n5_north_west_south_east_h0_staggered_t16,1,1,10,857,3040,1,1,18,0,518,517,0,518,517,1,1,1,1,1,1
11,grid_0011_n5_north_west_south_east_h0_staggered_t18,1,1,10,1029,3712,1,1,18,0,564,567,0,564,567,1,1,1,1,1,1
12,grid_0012_n5_north_west_south_east_h1_open_t12,1,1,9,715,2448,1,1,18,0,380,436,0,380,436,1,1,1,1,1,1
13,grid_0013_n5_north_west_south_east_h1_open_t14,1,1,9,911,3216,1,1,18,0,426,492,0,426,492,1,1,1,1,1,1
14,grid_0014_n5_north_west_south_east_h1_open_t16,1,1,9,1107,3984,1,1,18,0,472,543,0,472,543,1,1,1,1,1,1
15,grid_0015_n5_north_west_south_east_h1_open_t18,1,1,9,1303,4752,1,1,18,0,514,594,0,514,594,1,1,1,1,1,1
16,grid_0016_n5_north_west_south_east_h1_gate_t12,1,1,11,471,1556,1,1,18,0,395,469,0,395,469,1,1,1,1,1,1
17,grid_0017_n5_north_west_south_east_h1_gate_t14,1,1,11,635,2192,1,1,18,0,445,563,0,445,563,1,1,1,1,1,1
18,grid_0018_n5_north_west_south_east_h1_gate_t16,1,1,11,799,2832,1,1,18,0,495,657,0,495,657,1,1,1,1,1,1
19,grid_0019_n5_north_west_south_east_h1_gate_t18,1,1,11,963,3472,1,1,18,0,545,751,0,545,751,1,1,1,1,1,1
20,grid_0020_n5_north_west_south_east_h1_staggered_t12,1,1,9,595,2016,1,1,18,0,391,425,0,391,425,1,1,1,1,1,1
21,grid_0021_n5_north_west_south_east_h1_staggered_t14,1,1,9,767,2688,1,1,18,0,441,478,0,441,478,1,1,1,1,1,1
22,grid_0022_n5_north_west_south_east_h1_staggered_t16,1,1,9,939,3360,1,1,18,0,489,529,0,489,529,1,1,1,1,1,1
23,grid_0023_n5_north_west_south_east_h1_staggered_t18,1,1,9,1111,4032,1,1,18,0,537,577,0,537,577,1,1,1,1,1,1
24,grid_0024_n5_north_west_south_east_h2_open_t12,1,1,9,715,2448,1,1,18,0,373,445,0,373,445,1,1,1,1,1,1
25,grid_0025_n5_north_west_south_east_h2_open_t14,1,1,9,911,3216,1,1,18,0,415,506,0,415,506,1,1,1,1,1,1
26,grid_0026_n5_north_west_south_east_h2_open_t16,1,1,9,1107,3984,1,1,18,0,457,560,0,457,560,1,1,1,1,1,1
27,grid_0027_n5_north_west_south_east_h2_open_t18,1,1,9,1303,4752,1,1,18,0,494,617,0,494,617,1,1,1,1,1,1
28,grid_0028_n5_north_west_south_east_h2_gate_t12,1,1,10,525,1760,1,1,18,0,388,476,0,388,476,1,1,1,1,1,1
29,grid_0029_n5_north_west_south_east_h2_gate_t14,1,1,10,689,2400,1,1,18,0,436,572,0,436,572,1,1,1,1,1,1
30,grid_0030_n5_north_west_south_east_h2_gate_t16,1,1,10,853,3040,1,1,18,0,484,668,0,484,668,1,1,1,1,1,1
31,grid_0031_n5_north_west_south_east_h2_gate_t18,1,1,10,1017,3680,1,1,18,0,527,769,0,527,769,1,1,1,1,1,1
32,grid_0032_n5_north_west_south_east_h2_staggered_t12,1,1,9,611,2080,1,1,18,0,383,436,0,383,436,1,1,1,1,1,1
33,grid_0033_n5_north_west_south_east_h2_staggered_t14,1,1,9,783,2752,1,1,18,0,429,496,0,429,496,1,1,1,1,1,1
34,grid_0034_n5_north_west_south_east_h2_staggered_t16,1,1,9,955,3424,1,1,18,0,475,551,0,475,551,1,1,1,1,1,1
35,grid_0035_n5_north_west_south_east_h2_staggered_t18,1,1,9,1127,4096,1,1,18,0,516,610,0,516,610,1,1,1,1,1,1
36,grid_0036_n5_north_west_south_east_h3_open_t12,1,1,10,621,2080,1,1,18,0,399,434,0,399,434,1,1,1,1,1,1
37,grid_0037_n5_north_west_south_east_h3_open_t14,1,1,10,817,2848,1,1,18,0,442,494,0,442,494,1,1,1,1,1,1
38,grid_0038_n5_north_west_south_east_h3_open_t16,1,1,10,1013,3616,1,1,18,0,484,548,0,484,548,1,1,1,1,1,1
39,grid_0039_n5_north_west_south_east_h3_open_t18,1,1,10,1209,4384,1,1,18,0,526,599,0,526,599,1,1,1,1,1,1
40,grid_0040_n5_north_west_south_east_h3_gate_t12,1,1,11,447,1460,1,1,18,0,412,452,0,412,452,1,1,1,1,1,1
41,grid_0041_n5_north_west_south_east_h3_gate_t14,1,1,11,611,2096,1,1,18,0,463,545,0,463,545,1,1,1,1,1,1
42,grid_0042_n5_north_west_south_east_h3_gate_t16,1,1,11,775,2736,1,1,18,0,513,639,0,513,639,1,1,1,1,1,1
43,grid_0043_n5_north_west_south_east_h3_gate_t18,1,1,11,939,3376,1,1,18,0,563,733,0,563,733,1,1,1,1,1,1
44,grid_0044_n5_north_west_south_east_h3_staggered_t12,1,1,10,529,1760,1,1,18,0,407,426,0,407,426,1,1,1,1,1,1
45,grid_0045_n5_north_west_south_east_h3_staggered_t14,1,1,10,701,2432,1,1,18,0,453,484,0,453,484,1,1,1,1,1,1
46,grid_0046_n5_north_west_south_east_h3_staggered_t16,1,1,10,873,3104,1,1,18,0,499,540,0,499,540,1,1,1,1,1,1
47,grid_0047_n5_north_west_south_east_h3_staggered_t18,1,1,10,1045,3776,1,1,18,0,545,596,0,545,596,1,1,1,1,1,1
48,grid_0048_n5_north_west_east_middle_h0_open_t12,1,1,8,610,2020,1,1,18,0,406,380,0,406,380,1,1,1,1,1,1
49,grid_0049_n5_north_west_east_middle_h0_open_t14,1,1,8,808,2784,1,1,18,0,454,424,0,454,424,1,1,1,1,1,1
50,grid_0050_n5_north_west_east_middle_h0_open_t16,1,1,8,1006,3552,1,1,18,0,502,466,0,502,466,1,1,1,1,1,1
51,grid_0051_n5_north_west_east_middle_h0_open_t18,1,1,8,1204,4320,1,1,18,0,550,508,0,550,508,1,1,1,1,1,1
52,grid_0052_n5_north_west_east_middle_h0_gate_t12,1,1,9,378,1240,1,1,18,0,421,406,0,421,406,1,1,1,1,1,1
53,grid_0053_n5_north_west_east_middle_h0_gate_t14,1,1,9,532,1784,1,1,18,0,475,468,0,475,468,1,1,1,1,1,1
54,grid_0054_n5_north_west_east_middle_h0_gate_t16,1,1,9,698,2416,1,1,18,0,529,528,0,529,528,1,1,1,1,1,1
55,grid_0055_n5_north_west_east_middle_h0_gate_t18,1,1,9,864,3056,1,1,18,0,583,588,0,583,588,1,1,1,1,1,1
56,grid_0056_n5_north_west_east_middle_h0_staggered_t12,1,1,8,494,1620,1,1,18,0,413,375,0,413,375,1,1,1,1,1,1
57,grid_0057_n5_north_west_east_middle_h0_staggered_t14,1,1,8,666,2272,1,1,18,0,463,421,0,463,421,1,1,1,1,1,1
58,grid_0058_n5_north_west_east_middle_h0_staggered_t16,1,1,8,840,2944,1,1,18,0,513,465,0,513,465,1,1,1,1,1,1
59,grid_0059_n5_north_west_east_middle_h0_staggered_t18,1,1,8,1014,3616,1,1,18,0,561,511,0,561,511,1,1,1,1,1,1
60,grid_0060_n5_north_west_east_middle_h1_open_t12,1,1,7,705,2384,1,1,18,0,372,398,0,372,398,1,1,1,1,1,1
61,grid_0061_n5_north_west_east_middle_h1_open_t14,1,1,7,903,3152,1,1,18,0,418,444,0,418,444,1,1,1,1,1,1
62,grid_0062_n5_north_west_east_middle_h1_open_t16,1,1,7,1101,3920,1,1,18,0,464,485,0,464,485,1,1,1,1,1,1
63,grid_0063_n5_north_west_east_middle_h1_open_t18,1,1,7,1299,4688,1,1,18,0,506,529,0,506,529,1,1,1,1,1,1
64,grid_0064_n5_north_west_east_middle_h1_gate_t12,1,1,8,447,1480,1,1,18,0,387,429,0,387,429,1,1,1,1,1,1
65,grid_0065_n5_north_west_east_middle_h1_gate_t14,1,1,8,611,2080,1,1,18,0,437,495,0,437,495,1,1,1,1,1,1
66,grid_0066_n5_north_west_east_middle_h1_gate_t16,1,1,8,777,2720,1,1,18,0,487,558,0,487,558,1,1,1,1,1,1
67,grid_0067_n5_north_west_east_middle_h1_gate_t18,1,1,8,943,3360,1,1,18,0,537,618,0,537,618,1,1,1,1,1,1
68,grid_0068_n5_north_west_east_middle_h1_staggered_t12,1,1,7,575,1924,1,1,18,0,383,391,0,383,391,1,1,1,1,1,1
69,grid_0069_n5_north_west_east_middle_h1_staggered_t14,1,1,7,749,2592,1,1,18,0,432,438,0,432,438,1,1,1,1,1,1
70,grid_0070_n5_north_west_east_middle_h1_staggered_t16,1,1,7,923,3264,1,1,18,0,480,484,0,480,484,1,1,1,1,1,1
71,grid_0071_n5_north_west_east_middle_h1_staggered_t18,1,1,7,1097,3936,1,1,18,0,528,527,0,528,527,1,1,1,1,1,1
72,grid_0072_n5_north_west_east_middle_h2_open_t12,1,1,7,714,2416,1,1,18,0,361,409,0,361,409,1,1,1,1,1,1
73,grid_0073_n5_north_west_east_middle_h2_open_t14,1,1,7,912,3184,1,1,18,0,403,458,0,403,458,1,1,1,1,1,1
74,grid_0074_n5_north_west_east_middle_h2_open_t16,1,1,7,1110,3952,1,1,18,0,445,506,0,445,506,1,1,1,1,1,1
75,grid_0075_n5_north_west_east_middle_h2_open_t18,1,1,7,1308,4720,1,1,18,0,487,554,0,487,554,1,1,1,1,1,1
76,grid_0076_n5_north_west_east_middle_h2_gate_t12,1,1,7,500,1656,1,1,18,0,376,432,0,376,432,1,1,1,1,1,1
77,grid_0077_n5_north_west_east_middle_h2_gate_t14,1,1,7,666,2288,1,1,18,0,424,495,0,424,495,1,1,1,1,1,1
78,grid_0078_n5_north_west_east_middle_h2_gate_t16,1,1,7,832,2928,1,1,18,0,472,557,0,472,557,1,1,1,1,1,1
79,grid_0079_n5_north_west_east_middle_h2_gate_t18,1,1,7,998,3568,1,1,18,0,520,619,0,520,619,1,1,1,1,1,1
80,grid_0080_n5_north_west_east_middle_h2_staggered_t12,1,1,7,604,2032,1,1,18,0,371,401,0,371,401,1,1,1,1,1,1
81,grid_0081_n5_north_west_east_middle_h2_staggered_t14,1,1,7,778,2704,1,1,18,0,417,450,0,417,450,1,1,1,1,1,1
82,grid_0082_n5_north_west_east_middle_h2_staggered_t16,1,1,7,952,3376,1,1,18,0,463,498,0,463,498,1,1,1,1,1,1
83,grid_0083_n5_north_west_east_middle_h2_staggered_t18,1,1,7,1126,4048,1,1,18,0,508,547,0,508,547,1,1,1,1,1,1
84,grid_0084_n5_north_west_east_middle_h3_open_t12,1,1,8,619,2048,1,1,18,0,391,399,0,391,399,1,1,1,1,1,1
85,grid_0085_n5_north_west_east_middle_h3_open_t14,1,1,8,817,2816,1,1,18,0,434,449,0,434,449,1,1,1,1,1,1
86,grid_0086_n5_north_west_east_middle_h3_open_t16,1,1,8,1015,3584,1,1,18,0,476,498,0,476,498,1,1,1,1,1,1
87,grid_0087_n5_north_west_east_middle_h3_open_t18,1,1,8,1213,4352,1,1,18,0,518,546,0,518,546,1,1,1,1,1,1
88,grid_0088_n5_north_west_east_middle_h3_gate_t12,1,1,8,423,1384,1,1,18,0,404,414,0,404,414,1,1,1,1,1,1
89,grid_0089_n5_north_west_east_middle_h3_gate_t14,1,1,8,587,1984,1,1,18,0,455,477,0,455,477,1,1,1,1,1,1
90,grid_0090_n5_north_west_east_middle_h3_gate_t16,1,1,8,753,2624,1,1,18,0,505,539,0,505,539,1,1,1,1,1,1
91,grid_0091_n5_north_west_east_middle_h3_gate_t18,1,1,8,919,3264,1,1,18,0,555,601,0,555,601,1,1,1,1,1,1
92,grid_0092_n5_north_west_east_middle_h3_staggered_t12,1,1,8,521,1716,1,1,18,0,399,393,0,399,393,1,1,1,1,1,1
93,grid_0093_n5_north_west_east_middle_h3_staggered_t14,1,1,8,695,2384,1,1,18,0,445,445,0,445,445,1,1,1,1,1,1
94,grid_0094_n5_north_west_east_middle_h3_staggered_t16,1,1,8,869,3056,1,1,18,0,491,497,0,491,497,1,1,1,1,1,1
95,grid_0095_n5_north_west_east_middle_h3_staggered_t18,1,1,8,1043,3728,1,1,18,0,537,549,0,537,549,1,1,1,1,1,1
96,grid_0096_n5_north_west_south_middle_h0_open_t12,1,1,8,619,2048,1,1,18,0,409,383,0,409,383,1,1,1,1,1,1
97,grid_0097_n5_north_west_south_middle_h0_open_t14,1,1,8,817,2816,1,1,18,0,455,428,0,455,428,1,1,1,1,1,1
98,grid_0098_n5_north_west_south_middle_h0_open_t16,1,1,8,1015,3584,1,1,18,0,501,472,0,501,472,1,1,1,1,1,1
99,grid_0099_n5_north_west_south_middle_h0_open_t18,1,1,8,1213,4352,1,1,18,0,547,516,0,547,516,1,1,1,1,1,1
100,grid_0100_n5_north_west_south_middle_h0_gate_t12,1,1,9,398,1280,1,1,18,0,430,404,0,430,404,1,1,1,1,1,1
101,grid_0101_n5_north_west_south_middle_h0_gate_t14,1,1,9,568,1904,1,1,18,0,482,471,0,482,471,1,1,1,1,1,1
102,grid_0102_n5_north_west_south_middle_h0_gate_t16,1,1,9,740,2576,1,1,18,0,534,537,0,534,537,1,1,1,1,1,1
103,grid_0103_n5_north_west_south_middle_h0_gate_t18,1,1,9,912,3248,1,1,18,0,586,603,0,586,603,1,1,1,1,1,1
104,grid_0104_n5_north_west_south_middle_h0_staggered_t12,1,1,9,504,1668,1,1,18,0,416,418,0,416,418,1,1,1,1,1,1
105,grid_0105_n5_north_west_south_middle_h0_staggered_t14,1,1,9,676,2336,1,1,18,0,464,489,0,464,489,1,1,1,1,1,1
106,grid_0106_n5_north_west_south_middle_h0_staggered_t16,1,1,9,848,3008,1,1,18,0,512,559,0,512,559,1,1,1,1,1,1
107,grid_0107_n5_north_west_south_middle_h0_staggered_t18,1,1,9,1020,3680,1,1,18,0,558,631,0,558,631,1,1,1,1,1,1
108,grid_0108_n5_north_west_south_middle_h1_open_t12,1,1,7,714,2416,1,1,18,0,366,394,0,366,394,1,1,1,1,1,1
109,grid_0109_n5_north_west_south_middle_h1_open_t14,1,1,7,912,3184,1,1,18,0,412,440,0,412,440,1,1,1,1,1,1
110,grid_0110_n5_north_west_south_middle_h1_open_t16,1,1,7,1110,3952,1,1,18,0,458,486,0,458,486,1,1,1,1,1,1
111,grid_0111_n5_north_west_south_middle_h1_open_t18,1,1,7,1308,4720,1,1,18,0,504,532,0,504,532,1,1,1,1,1,1
112,grid_0112_n5_north_west_south_middle_h1_gate_t12,1,1,8,478,1560,1,1,18,0,395,424,0,395,424,1,1,1,1,1,1
113,grid_0113_n5_north_west_south_middle_h1_gate_t14,1,1,8,650,2224,1,1,18,0,445,494,0,445,494,1,1,1,1,1,1
114,grid_0114_n5_north_west_south_middle_h1_gate_t16,1,1,8,822,2896,1,1,18,0,495,564,0,495,564,1,1,1,1,1,1
115,grid_0115_n5_north_west_south_middle_h1_gate_t18,1,1,8,994,3568,1,1,18,0,545,633,0,545,633,1,1,1,1,1,1
116,grid_0116_n5_north_west_south_middle_h1_staggered_t12,1,1,8,586,1984,1,1,18,0,377,443,0,377,443,1,1,1,1,1,1
117,grid_0117_n5_north_west_south_middle_h1_staggered_t14,1,1,8,758,2656,1,1,18,0,427,515,0,427,515,1,1,1,1,1,1
118,grid_0118_n5_north_west_south_middle_h1_staggered_t16,1,1,8,930,3328,1,1,18,0,475,589,0,475,589,1,1,1,1,1,1
119,grid_0119_n5_north_west_south_middle_h1_staggered_t18,1,1,8,1102,4000,1,1,18,0,523,663,0,523,663,1,1,1,1,1,1
120,grid_0120_n5_north_west_south_middle_h2_open_t12,1,1,7,705,2384,1,1,18,0,367,400,0,367,400,1,1,1,1,1,1
121,grid_0121_n5_north_west_south_middle_h2_open_t14,1,1,7,903,3152,1,1,18,0,409,448,0,409,448,1,1,1,1,1,1
122,grid_0122_n5_north_west_south_middle_h2_open_t16,1,1,7,1101,3920,1,1,18,0,451,496,0,451,496,1,1,1,1,1,1
123,grid_0123_n5_north_west_south_middle_h2_open_t18,1,1,7,1299,4688,1,1,18,0,488,545,0,488,545,1,1,1,1,1,1
124,grid_0124_n5_north_west_south_middle_h2_gate_t12,1,1,7,536,1776,1,1,18,0,388,428,0,388,428,1,1,1,1,1,1
125,grid_0125_n5_north_west_south_middle_h2_gate_t14,1,1,7,708,2448,1,1,18,0,436,496,0,436,496,1,1,1,1,1,1
126,grid_0126_n5_north_west_south_middle_h2_gate_t16,1,1,7,880,3120,1,1,18,0,484,564,0,484,564,1,1,1,1,1,1
127,grid_0127_n5_north_west_south_middle_h2_gate_t18,1,1,7,1052,3792,1,1,18,0,527,635,0,527,635,1,1,1,1,1,1
128,grid_0128_n5_north_west_south_middle_h2_staggered_t12,1,1,7,596,2016,1,1,18,0,377,439,0,377,439,1,1,1,1,1,1
129,grid_0129_n5_north_west_south_middle_h2_staggered_t14,1,1,7,768,2688,1,1,18,0,423,511,0,423,511,1,1,1,1,1,1
130,grid_0130_n5_north_west_south_middle_h2_staggered_t16,1,1,7,940,3360,1,1,18,0,469,583,0,469,583,1,1,1,1,1,1
131,grid_0131_n5_north_west_south_middle_h2_staggered_t18,1,1,7,1112,4032,1,1,18,0,510,658,0,510,658,1,1,1,1,1,1
132,grid_0132_n5_north_west_south_middle_h3_open_t12,1,1,8,610,2020,1,1,18,0,394,391,0,394,391,1,1,1,1,1,1
133,grid_0133_n5_north_west_south_middle_h3_open_t14,1,1,8,808,2784,1,1,18,0,439,439,0,439,439,1,1,1,1,1,1
134,grid_0134_n5_north_west_south_middle_h3_open_t16,1,1,8,1006,3552,1,1,18,0,483,487,0,483,487,1,1,1,1,1,1
135,grid_0135_n5_north_west_south_middle_h3_open_t18,1,1,8,1204,4320,1,1,18,0,527,533,0,527,533,1,1,1,1,1,1
136,grid_0136_n5_north_west_south_middle_h3_gate_t12,1,1,8,454,1464,1,1,18,0,412,408,0,412,408,1,1,1,1,1,1
137,grid_0137_n5_north_west_south_middle_h3_gate_t14,1,1,8,626,2128,1,1,18,0,463,478,0,463,478,1,1,1,1,1,1
138,grid_0138_n5_north_west_south_middle_h3_gate_t16,1,1,8,798,2800,1,1,18,0,513,547,0,513,547,1,1,1,1,1,1
139,grid_0139_n5_north_west_south_middle_h3_gate_t18,1,1,8,970,3472,1,1,18,0,563,611,0,563,611,1,1,1,1,1,1
140,grid_0140_n5_north_west_south_middle_h3_staggered_t12,1,1,8,514,1700,1,1,18,0,402,418,0,402,418,1,1,1,1,1,1
141,grid_0141_n5_north_west_south_middle_h3_staggered_t14,1,1,8,686,2368,1,1,18,0,450,492,0,450,492,1,1,1,1,1,1
142,grid_0142_n5_north_west_south_middle_h3_staggered_t16,1,1,8,858,3040,1,1,18,0,498,566,0,498,566,1,1,1,1,1,1
143,grid_0143_n5_north_west_south_middle_h3_staggered_t18,1,1,8,1030,3712,1,1,18,0,546,638,0,546,638,1,1,1,1,1,1
144,grid_0144_n5_north_east_south_east_h0_open_t12,1,1,6,611,2016,1,1,18,0,405,300,0,405,300,1,1,1,1,1,1
145,grid_0145_n5_north_east_south_east_h0_open_t14,1,1,6,807,2784,1,1,18,0,451,344,0,451,344,1,1,1,1,1,1
146,grid_0146_n5_north_east_south_east_h0_open_t16,1,1,6,1003,3552,1,1,18,0,495,390,0,495,390,1,1,1,1,1,1
147,grid_0147_n5_north_east_south_east_h0_open_t18,1,1,6,1199,4320,1,1,18,0,537,438,0,537,438,1,1,1,1,1,1
148,grid_0148_n5_north_east_south_east_h0_gate_t12,1,1,6,381,1200,1,1,18,0,405,300,0,405,300,1,1,1,1,1,1
149,grid_0149_n5_north_east_south_east_h0_gate_t14,1,1,6,543,1792,1,1,18,0,451,344,0,451,344,1,1,1,1,1,1
150,grid_0150_n5_north_east_south_east_h0_gate_t16,1,1,6,707,2432,1,1,18,0,495,390,0,495,390,1,1,1,1,1,1
151,grid_0151_n5_north_east_south_east_h0_gate_t18,1,1,6,871,3072,1,1,18,0,537,438,0,537,438,1,1,1,1,1,1
152,grid_0152_n5_north_east_south_east_h0_staggered_t12,1,1,6,485,1576,1,1,18,0,405,300,0,405,300,1,1,1,1,1,1
153,grid_0153_n5_north_east_south_east_h0_staggered_t14,1,1,6,657,2240,1,1,18,0,451,344,0,451,344,1,1,1,1,1,1
154,grid_0154_n5_north_east_south_east_h0_staggered_t16,1,1,6,829,2912,1,1,18,0,497,388,0,497,388,1,1,1,1,1,1
155,grid_0155_n5_north_east_south_east_h0_staggered_t18,1,1,6,1001,3584,1,1,18,0,543,432,0,543,432,1,1,1,1,1,1
156,grid_0156_n5_north_east_south_east_h1_open_t12,1,1,5,591,1940,1,1,18,0,367,308,0,367,308,1,1,1,1,1,1
157,grid_0157_n5_north_east_south_east_h1_open_t14,1,1,5,787,2704,1,1,18,0,408,357,0,408,357,1,1,1,1,1,1
158,grid_0158_n5_north_east_south_east_h1_open_t16,1,1,5,983,3472,1,1,18,0,446,409,0,446,409,1,1,1,1,1,1
159,grid_0159_n5_north_east_south_east_h1_open_t18,1,1,5,1179,4240,1,1,18,0,484,461,0,484,461,1,1,1,1,1,1
160,grid_0160_n5_north_east_south_east_h1_gate_t12,1,1,5,427,1352,1,1,18,0,367,308,0,367,308,1,1,1,1,1,1
161,grid_0161_n5_north_east_south_east_h1_gate_t14,1,1,5,591,1984,1,1,18,0,408,357,0,408,357,1,1,1,1,1,1
162,grid_0162_n5_north_east_south_east_h1_gate_t16,1,1,5,755,2624,1,1,18,0,446,409,0,446,409,1,1,1,1,1,1
163,grid_0163_n5_north_east_south_east_h1_gate_t18,1,1,5,919,3264,1,1,18,0,484,461,0,484,461,1,1,1,1,1,1
164,grid_0164_n5_north_east_south_east_h1_staggered_t12,1,1,5,495,1604,1,1,18,0,369,306,0,369,306,1,1,1,1,1,1
165,grid_0165_n5_north_east_south_east_h1_staggered_t14,1,1,5,667,2272,1,1,18,0,415,350,0,415,350,1,1,1,1,1,1
166,grid_0166_n5_north_east_south_east_h1_staggered_t16,1,1,5,839,2944,1,1,18,0,461,394,0,461,394,1,1,1,1,1,1
167,grid_0167_n5_north_east_south_east_h1_staggered_t18,1,1,5,1011,3616,1,1,18,0,507,438,0,507,438,1,1,1,1,1,1
168,grid_0168_n5_north_east_south_east_h2_open_t12,1,1,4,685,2304,1,1,18,0,163,136,0,163,136,1,1,1,1,1,1
169,grid_0169_n5_north_east_south_east_h2_open_t14,1,1,4,881,3072,1,1,18,0,163,136,0,163,136,1,1,1,1,1,1
170,grid_0170_n5_north_east_south_east_h2_open_t16,1,1,4,1077,3840,1,1,18,0,163,136,0,163,136,1,1,1,1,1,1
171,grid_0171_n5_north_east_south_east_h2_open_t18,1,1,4,1273,4608,1,1,18,0,163,136,0,163,136,1,1,1,1,1,1
172,grid_0172_n5_north_east_south_east_h2_gate_t12,1,1,4,505,1648,1,1,18,0,163,136,0,163,136,1,1,1,1,1,1
173,grid_0173_n5_north_east_south_east_h2_gate_t14,1,1,4,669,2288,1,1,18,0,163,136,0,163,136,1,1,1,1,1,1
174,grid_0174_n5_north_east_south_east_h2_gate_t16,1,1,4,833,2928,1,1,18,0,163,136,0,163,136,1,1,1,1,1,1
175,grid_0175_n5_north_east_south_east_h2_gate_t18,1,1,4,997,3568,1,1,18,0,163,136,0,163,136,1,1,1,1,1,1
176,grid_0176_n5_north_east_south_east_h2_staggered_t12,1,1,4,577,1920,1,1,18,0,163,136,0,163,136,1,1,1,1,1,1
177,grid_0177_n5_north_east_south_east_h2_staggered_t14,1,1,4,749,2592,1,1,18,0,163,136,0,163,136,1,1,1,1,1,1
178,grid_0178_n5_north_east_south_east_h2_staggered_t16,1,1,4,921,3264,1,1,18,0,163,136,0,163,136,1,1,1,1,1,1
179,grid_0179_n5_north_east_south_east_h2_staggered_t18,1,1,4,1093,3936,1,1,18,0,163,136,0,163,136,1,1,1,1,1,1
180,grid_0180_n5_north_east_south_east_h3_open_t12,1,1,5,705,2384,1,1,18,0,378,303,0,378,303,1,1,1,1,1,1
181,grid_0181_n5_north_east_south_east_h3_open_t14,1,1,5,901,3152,1,1,18,0,424,347,0,424,347,1,1,1,1,1,1
182,grid_0182_n5_north_east_south_east_h3_open_t16,1,1,5,1097,3920,1,1,18,0,466,395,0,466,395,1,1,1,1,1,1
183,grid_0183_n5_north_east_south_east_h3_open_t18,1,1,5,1293,4688,1,1,18,0,508,443,0,508,443,1,1,1,1,1,1
184,grid_0184_n5_north_east_south_east_h3_gate_t12,1,1,5,457,1464,1,1,18,0,366,315,0,366,315,1,1,1,1,1,1
185,grid_0185_n5_north_east_south_east_h3_gate_t14,1,1,5,621,2096,1,1,18,0,408,363,0,408,363,1,1,1,1,1,1
186,grid_0186_n5_north_east_south_east_h3_gate_t16,1,1,5,785,2736,1,1,18,0,446,415,0,446,415,1,1,1,1,1,1
187,grid_0187_n5_north_east_south_east_h3_gate_t18,1,1,5,949,3376,1,1,18,0,484,467,0,484,467,1,1,1,1,1,1
188,grid_0188_n5_north_east_south_east_h3_staggered_t12,1,1,5,567,1888,1,1,18,0,378,303,0,378,303,1,1,1,1,1,1
189,grid_0189_n5_north_east_south_east_h3_staggered_t14,1,1,5,739,2560,1,1,18,0,424,347,0,424,347,1,1,1,1,1,1
190,grid_0190_n5_north_east_south_east_h3_staggered_t16,1,1,5,911,3232,1,1,18,0,470,391,0,470,391,1,1,1,1,1,1
191,grid_0191_n5_north_east_south_east_h3_staggered_t18,1,1,5,1083,3904,1,1,18,0,516,435,0,516,435,1,1,1,1,1,1
192,grid_0192_n5_north_east_east_middle_h0_open_t12,1,1,4,586,1888,1,1,18,0,387,262,0,387,262,1,1,1,1,1,1
193,grid_0193_n5_north_east_east_middle_h0_open_t14,1,1,4,784,2656,1,1,18,0,433,306,0,433,306,1,1,1,1,1,1
194,grid_0194_n5_north_east_east_middle_h0_open_t16,1,1,4,982,3424,1,1,18,0,477,352,0,477,352,1,1,1,1,1,1
195,grid_0195_n5_north_east_east_middle_h0_open_t18,1,1,4,1180,4192,1,1,18,0,519,400,0,519,400,1,1,1,1,1,1
196,grid_0196_n5_north_east_east_middle_h0_gate_t12,1,1,4,356,1072,1,1,18,0,387,262,0,387,262,1,1,1,1,1,1
197,grid_0197_n5_north_east_east_middle_h0_gate_t14,1,1,4,520,1664,1,1,18,0,433,306,0,433,306,1,1,1,1,1,1
198,grid_0198_n5_north_east_east_middle_h0_gate_t16,1,1,4,686,2304,1,1,18,0,477,352,0,477,352,1,1,1,1,1,1
199,grid_0199_n5_north_east_east_middle_h0_gate_t18,1,1,4,852,2944,1,1,18,0,519,400,0,519,400,1,1,1,1,1,1
200,grid_0200_n5_north_east_east_middle_h0_staggered_t12,1,1,4,398,1256,1,1,18,0,387,262,0,387,262,1,1,1,1,1,1
201,grid_0201_n5_north_east_east_middle_h0_staggered_t14,1,1,4,564,1852,1,1,18,0,433,306,0,433,306,1,1,1,1,1,1
202,grid_0202_n5_north_east_east_middle_h0_staggered_t16,1,1,4,738,2520,1,1,18,0,479,350,0,479,350,1,1,1,1,1,1
203,grid_0203_n5_north_east_east_middle_h0_staggered_t18,1,1,4,912,3192,1,1,18,0,525,394,0,525,394,1,1,1,1,1,1
204,grid_0204_n5_north_east_east_middle_h1_open_t12,1,1,3,517,1620,1,1,18,0,349,272,0,349,272,1,1,1,1,1,1
205,grid_0205_n5_north_east_east_middle_h1_open_t14,1,1,3,715,2384,1,1,18,0,390,321,0,390,321,1,1,1,1,1,1
206,grid_0206_n5_north_east_east_middle_h1_open_t16,1,1,3,913,3152,1,1,18,0,428,373,0,428,373,1,1,1,1,1,1
207,grid_0207_n5_north_east_east_middle_h1_open_t18,1,1,3,1111,3920,1,1,18,0,466,425,0,466,425,1,1,1,1,1,1
208,grid_0208_n5_north_east_east_middle_h1_gate_t12,1,1,3,301,904,1,1,18,0,349,272,0,349,272,1,1,1,1,1,1
209,grid_0209_n5_north_east_east_middle_h1_gate_t14,1,1,3,455,1416,1,1,18,0,390,321,0,390,321,1,1,1,1,1,1
210,grid_0210_n5_north_east_east_middle_h1_gate_t16,1,1,3,621,2048,1,1,18,0,428,373,0,428,373,1,1,1,1,1,1
211,grid_0211_n5_north_east_east_middle_h1_gate_t18,1,1,3,787,2688,1,1,18,0,466,425,0,466,425,1,1,1,1,1,1
212,grid_0212_n5_north_east_east_middle_h1_staggered_t12,1,1,3,339,1052,1,1,18,0,351,270,0,351,270,1,1,1,1,1,1
213,grid_0213_n5_north_east_east_middle_h1_staggered_t14,1,1,3,492,1588,1,1,18,0,397,314,0,397,314,1,1,1,1,1,1
214,grid_0214_n5_north_east_east_middle_h1_staggered_t16,1,1,3,665,2232,1,1,18,0,443,358,0,443,358,1,1,1,1,1,1
215,grid_0215_n5_north_east_east_middle_h1_staggered_t18,1,1,3,839,2904,1,1,18,0,489,402,0,489,402,1,1,1,1,1,1
216,grid_0216_n5_north_east_east_middle_h2_open_t12,1,1,2,612,1984,1,1,18,0,98,53,0,98,53,1,1,1,1,1,1
217,grid_0217_n5_north_east_east_middle_h2_open_t14,1,1,2,810,2752,1,1,18,0,98,53,0,98,53,1,1,1,1,1,1
218,grid_0218_n5_north_east_east_middle_h2_open_t16,1,1,2,1008,3520,1,1,18,0,98,53,0,98,53,1,1,1,1,1,1
219,grid_0219_n5_north_east_east_middle_h2_open_t18,1,1,2,1206,4288,1,1,18,0,98,53,0,98,53,1,1,1,1,1,1
220,grid_0220_n5_north_east_east_middle_h2_gate_t12,1,1,2,370,1120,1,1,18,0,98,53,0,98,53,1,1,1,1,1,1
221,grid_0221_n5_north_east_east_middle_h2_gate_t14,1,1,2,534,1712,1,1,18,0,98,53,0,98,53,1,1,1,1,1,1
222,grid_0222_n5_north_east_east_middle_h2_gate_t16,1,1,2,700,2352,1,1,18,0,98,53,0,98,53,1,1,1,1,1,1
223,grid_0223_n5_north_east_east_middle_h2_gate_t18,1,1,2,866,2992,1,1,18,0,98,53,0,98,53,1,1,1,1,1,1
224,grid_0224_n5_north_east_east_middle_h2_staggered_t12,1,1,2,408,1288,1,1,18,0,98,53,0,98,53,1,1,1,1,1,1
225,grid_0225_n5_north_east_east_middle_h2_staggered_t14,1,1,2,574,1884,1,1,18,0,98,53,0,98,53,1,1,1,1,1,1
226,grid_0226_n5_north_east_east_middle_h2_staggered_t16,1,1,2,748,2552,1,1,18,0,98,53,0,98,53,1,1,1,1,1,1
227,grid_0227_n5_north_east_east_middle_h2_staggered_t18,1,1,2,922,3224,1,1,18,0,98,53,0,98,53,1,1,1,1,1,1
228,grid_0228_n5_north_east_east_middle_h3_open_t12,1,1,3,681,2256,1,1,18,0,359,266,0,359,266,1,1,1,1,1,1
229,grid_0229_n5_north_east_east_middle_h3_open_t14,1,1,3,879,3024,1,1,18,0,405,310,0,405,310,1,1,1,1,1,1
230,grid_0230_n5_north_east_east_middle_h3_open_t16,1,1,3,1077,3792,1,1,18,0,447,358,0,447,358,1,1,1,1,1,1
231,grid_0231_n5_north_east_east_middle_h3_open_t18,1,1,3,1275,4560,1,1,18,0,489,406,0,489,406,1,1,1,1,1,1
232,grid_0232_n5_north_east_east_middle_h3_gate_t12,1,1,3,433,1336,1,1,18,0,347,278,0,347,278,1,1,1,1,1,1
233,grid_0233_n5_north_east_east_middle_h3_gate_t14,1,1,3,599,1968,1,1,18,0,389,326,0,389,326,1,1,1,1,1,1
234,grid_0234_n5_north_east_east_middle_h3_gate_t16,1,1,3,765,2608,1,1,18,0,427,378,0,427,378,1,1,1,1,1,1
235,grid_0235_n5_north_east_east_middle_h3_gate_t18,1,1,3,931,3248,1,1,18,0,465,430,0,465,430,1,1,1,1,1,1
236,grid_0236_n5_north_east_east_middle_h3_staggered_t12,1,1,3,474,1524,1,1,18,0,359,266,0,359,266,1,1,1,1,1,1
237,grid_0237_n5_north_east_east_middle_h3_staggered_t14,1,1,3,647,2168,1,1,18,0,405,310,0,405,310,1,1,1,1,1,1
238,grid_0238_n5_north_east_east_middle_h3_staggered_t16,1,1,3,821,2840,1,1,18,0,451,354,0,451,354,1,1,1,1,1,1
239,grid_0239_n5_north_east_east_middle_h3_staggered_t18,1,1,3,995,3512,1,1,18,0,497,398,0,497,398,1,1,1,1,1,1
240,grid_0240_n5_north_east_south_middle_h0_open_t12,1,1,8,619,2048,1,1,18,0,405,410,0,405,410,1,1,1,1,1,1
241,grid_0241_n5_north_east_south_middle_h0_open_t14,1,1,8,817,2816,1,1,18,0,453,476,0,453,476,1,1,1,1,1,1
242,grid_0242_n5_north_east_south_middle_h0_open_t16,1,1,8,1015,3584,1,1,18,0,501,540,0,501,540,1,1,1,1,1,1
243,grid_0243_n5_north_east_south_middle_h0_open_t18,1,1,8,1213,4352,1,1,18,0,549,604,0,549,604,1,1,1,1,1,1
244,grid_0244_n5_north_east_south_middle_h0_gate_t12,1,1,9,398,1280,1,1,18,0,419,424,0,419,424,1,1,1,1,1,1
245,grid_0245_n5_north_east_south_middle_h0_gate_t14,1,1,9,568,1904,1,1,18,0,471,500,0,471,500,1,1,1,1,1,1
246,grid_0246_n5_north_east_south_middle_h0_gate_t16,1,1,9,740,2576,1,1,18,0,523,574,0,523,574,1,1,1,1,1,1
247,grid_0247_n5_north_east_south_middle_h0_gate_t18,1,1,9,912,3248,1,1,18,0,575,648,0,575,648,1,1,1,1,1,1
248,grid_0248_n5_north_east_south_middle_h0_staggered_t12,1,1,9,504,1668,1,1,18,0,427,417,0,427,417,1,1,1,1,1,1
249,grid_0249_n5_north_east_south_middle_h0_staggered_t14,1,1,9,676,2336,1,1,18,0,480,494,0,480,494,1,1,1,1,1,1
250,grid_0250_n5_north_east_south_middle_h0_staggered_t16,1,1,9,848,3008,1,1,18,0,532,570,0,532,570,1,1,1,1,1,1
251,grid_0251_n5_north_east_south_middle_h0_staggered_t18,1,1,9,1020,3680,1,1,18,0,584,646,0,584,646,1,1,1,1,1,1
252,grid_0252_n5_north_east_south_middle_h1_open_t12,1,1,8,610,2020,1,1,18,0,395,415,0,395,415,1,1,1,1,1,1
253,grid_0253_n5_north_east_south_middle_h1_open_t14,1,1,8,808,2784,1,1,18,0,441,479,0,441,479,1,1,1,1,1,1
254,grid_0254_n5_north_east_south_middle_h1_open_t16,1,1,8,1006,3552,1,1,18,0,485,543,0,485,543,1,1,1,1,1,1
255,grid_0255_n5_north_east_south_middle_h1_open_t18,1,1,8,1204,4320,1,1,18,0,527,605,0,527,605,1,1,1,1,1,1
256,grid_0256_n5_north_east_south_middle_h1_gate_t12,1,1,8,454,1464,1,1,18,0,407,431,0,407,431,1,1,1,1,1,1
257,grid_0257_n5_north_east_south_middle_h1_gate_t14,1,1,8,626,2128,1,1,18,0,457,511,0,457,511,1,1,1,1,1,1
258,grid_0258_n5_north_east_south_middle_h1_gate_t16,1,1,8,798,2800,1,1,18,0,505,592,0,505,592,1,1,1,1,1,1
259,grid_0259_n5_north_east_south_middle_h1_gate_t18,1,1,8,970,3472,1,1,18,0,551,672,0,551,672,1,1,1,1,1,1
260,grid_0260_n5_north_east_south_middle_h1_staggered_t12,1,1,8,514,1700,1,1,18,0,406,432,0,406,432,1,1,1,1,1,1
261,grid_0261_n5_north_east_south_middle_h1_staggered_t14,1,1,8,686,2368,1,1,18,0,456,512,0,456,512,1,1,1,1,1,1
262,grid_0262_n5_north_east_south_middle_h1_staggered_t16,1,1,8,858,3040,1,1,18,0,505,593,0,505,593,1,1,1,1,1,1
263,grid_0263_n5_north_east_south_middle_h1_staggered_t18,1,1,8,1030,3712,1,1,18,0,552,674,0,552,674,1,1,1,1,1,1
264,grid_0264_n5_north_east_south_middle_h2_open_t12,1,1,7,705,2384,1,1,18,0,363,433,0,363,433,1,1,1,1,1,1
265,grid_0265_n5_north_east_south_middle_h2_open_t14,1,1,7,903,3152,1,1,18,0,403,500,0,403,500,1,1,1,1,1,1
266,grid_0266_n5_north_east_south_middle_h2_open_t16,1,1,7,1101,3920,1,1,18,0,443,565,0,443,565,1,1,1,1,1,1
267,grid_0267_n5_north_east_south_middle_h2_open_t18,1,1,7,1299,4688,1,1,18,0,483,629,0,483,629,1,1,1,1,1,1
268,grid_0268_n5_north_east_south_middle_h2_gate_t12,1,1,7,536,1776,1,1,18,0,377,456,0,377,456,1,1,1,1,1,1
269,grid_0269_n5_north_east_south_middle_h2_gate_t14,1,1,7,708,2448,1,1,18,0,421,539,0,421,539,1,1,1,1,1,1
270,grid_0270_n5_north_east_south_middle_h2_gate_t16,1,1,7,880,3120,1,1,18,0,465,620,0,465,620,1,1,1,1,1,1
271,grid_0271_n5_north_east_south_middle_h2_gate_t18,1,1,7,1052,3792,1,1,18,0,509,700,0,509,700,1,1,1,1,1,1
272,grid_0272_n5_north_east_south_middle_h2_staggered_t12,1,1,7,596,2016,1,1,18,0,385,449,0,385,449,1,1,1,1,1,1
273,grid_0273_n5_north_east_south_middle_h2_staggered_t14,1,1,7,768,2688,1,1,18,0,429,534,0,429,534,1,1,1,1,1,1
274,grid_0274_n5_north_east_south_middle_h2_staggered_t16,1,1,7,940,3360,1,1,18,0,471,619,0,471,619,1,1,1,1,1,1
275,grid_0275_n5_north_east_south_middle_h2_staggered_t18,1,1,7,1112,4032,1,1,18,0,513,703,0,513,703,1,1,1,1,1,1
276,grid_0276_n5_north_east_south_middle_h3_open_t12,1,1,7,714,2416,1,1,18,0,349,441,0,349,441,1,1,1,1,1,1
277,grid_0277_n5_north_east_south_middle_h3_open_t14,1,1,7,912,3184,1,1,18,0,387,511,0,387,511,1,1,1,1,1,1
278,grid_0278_n5_north_east_south_middle_h3_open_t16,1,1,7,1110,3952,1,1,18,0,425,581,0,425,581,1,1,1,1,1,1
279,grid_0279_n5_north_east_south_middle_h3_open_t18,1,1,7,1308,4720,1,1,18,0,463,651,0,463,651,1,1,1,1,1,1
280,grid_0280_n5_north_east_south_middle_h3_gate_t12,1,1,8,478,1560,1,1,18,0,370,470,0,370,470,1,1,1,1,1,1
281,grid_0281_n5_north_east_south_middle_h3_gate_t14,1,1,8,650,2224,1,1,18,0,413,559,0,413,559,1,1,1,1,1,1
282,grid_0282_n5_north_east_south_middle_h3_gate_t16,1,1,8,822,2896,1,1,18,0,455,647,0,455,647,1,1,1,1,1,1
283,grid_0283_n5_north_east_south_middle_h3_gate_t18,1,1,8,994,3568,1,1,18,0,497,732,0,497,732,1,1,1,1,1,1
284,grid_0284_n5_north_east_south_middle_h3_staggered_t12,1,1,8,586,1984,1,1,18,0,367,473,0,367,473,1,1,1,1,1,1
285,grid_0285_n5_north_east_south_middle_h3_staggered_t14,1,1,8,758,2656,1,1,18,0,411,561,0,411,561,1,1,1,1,1,1
286,grid_0286_n5_north_east_south_middle_h3_staggered_t16,1,1,8,930,3328,1,1,18,0,454,650,0,454,650,1,1,1,1,1,1
287,grid_0287_n5_north_east_south_middle_h3_staggered_t18,1,1,8,1102,4000,1,1,18,0,496,739,0,496,739,1,1,1,1,1,1
288,grid_0288_n5_south_west_south_east_h0_open_t12,1,1,5,705,2384,1,1,18,0,378,298,0,378,298,1,1,1,1,1,1
289,grid_0289_n5_south_west_south_east_h0_open_t14,1,1,5,901,3152,1,1,18,0,424,342,0,424,342,1,1,1,1,1,1
290,grid_0290_n5_south_west_south_east_h0_open_t16,1,1,5,1097,3920,1,1,18,0,466,390,0,466,390,1,1,1,1,1,1
291,grid_0291_n5_south_west_south_east_h0_open_t18,1,1,5,1293,4688,1,1,18,0,506,440,0,506,440,1,1,1,1,1,1
292,grid_0292_n5_south_west_south_east_h0_gate_t12,1,1,10,525,1760,1,1,18,0,441,423,0,441,423,1,1,1,1,1,1
293,grid_0293_n5_south_west_south_east_h0_gate_t14,1,1,10,689,2400,1,1,18,0,505,503,0,505,503,1,1,1,1,1,1
294,grid_0294_n5_south_west_south_east_h0_gate_t16,1,1,10,853,3040,1,1,18,0,565,587,0,565,587,1,1,1,1,1,1
295,grid_0295_n5_south_west_south_east_h0_gate_t18,1,1,10,1017,3680,1,1,18,0,623,673,0,623,673,1,1,1,1,1,1
296,grid_0296_n5_south_west_south_east_h0_staggered_t12,1,1,5,603,2032,1,1,18,0,378,298,0,378,298,1,1,1,1,1,1
297,grid_0297_n5_south_west_south_east_h0_staggered_t14,1,1,5,775,2704,1,1,18,0,424,342,0,424,342,1,1,1,1,1,1
298,grid_0298_n5_south_west_south_east_h0_staggered_t16,1,1,5,947,3376,1,1,18,0,466,390,0,466,390,1,1,1,1,1,1
299,grid_0299_n5_south_west_south_east_h0_staggered_t18,1,1,5,1119,4048,1,1,18,0,506,440,0,506,440,1,1,1,1,1,1
300,grid_0300_n5_south_west_south_east_h1_open_t12,1,1,4,685,2304,1,1,18,0,163,135,0,163,135,1,1,1,1,1,1
301,grid_0301_n5_south_west_south_east_h1_open_t14,1,1,4,881,3072,1,1,18,0,163,135,0,163,135,1,1,1,1,1,1
302,grid_0302_n5_south_west_south_east_h1_open_t16,1,1,4,1077,3840,1,1,18,0,163,135,0,163,135,1,1,1,1,1,1
303,grid_0303_n5_south_west_south_east_h1_open_t18,1,1,4,1273,4608,1,1,18,0,163,135,0,163,135,1,1,1,1,1,1
304,grid_0304_n5_south_west_south_east_h1_gate_t12,1,1,11,471,1556,1,1,18,0,425,439,0,425,439,1,1,1,1,1,1
305,grid_0305_n5_south_west_south_east_h1_gate_t14,1,1,11,635,2192,1,1,18,0,491,517,0,491,517,1,1,1,1,1,1
306,grid_0306_n5_south_west_south_east_h1_gate_t16,1,1,11,799,2832,1,1,18,0,557,595,0,557,595,1,1,1,1,1,1
307,grid_0307_n5_south_west_south_east_h1_gate_t18,1,1,11,963,3472,1,1,18,0,623,673,0,623,673,1,1,1,1,1,1
308,grid_0308_n5_south_west_south_east_h1_staggered_t12,1,1,4,577,1920,1,1,18,0,163,135,0,163,135,1,1,1,1,1,1
309,grid_0309_n5_south_west_south_east_h1_staggered_t14,1,1,4,749,2592,1,1,18,0,163,135,0,163,135,1,1,1,1,1,1
310,grid_0310_n5_south_west_south_east_h1_staggered_t16,1,1,4,921,3264,1,1,18,0,163,135,0,163,135,1,1,1,1,1,1
311,grid_0311_n5_south_west_south_east_h1_staggered_t18,1,1,4,1093,3936,1,1,18,0,163,135,0,163,135,1,1,1,1,1,1
312,grid_0312_n5_south_west_south_east_h2_open_t12,1,1,5,591,1940,1,1,18,0,366,314,0,366,314,1,1,1,1,1,1
313,grid_0313_n5_south_west_south_east_h2_open_t14,1,1,5,787,2704,1,1,18,0,406,364,0,406,364,1,1,1,1,1,1
314,grid_0314_n5_south_west_south_east_h2_open_t16,1,1,5,983,3472,1,1,18,0,446,414,0,446,414,1,1,1,1,1,1
315,grid_0315_n5_south_west_south_east_h2_open_t18,1,1,5,1179,4240,1,1,18,0,486,464,0,486,464,1,1,1,1,1,1
316,grid_0316_n5_south_west_south_east_h2_gate_t12,1,1,12,394,1280,1,1,18,0,427,437,0,427,437,1,1,1,1,1,1
317,grid_0317_n5_south_west_south_east_h2_gate_t14,1,1,12,557,1888,1,1,18,0,485,523,0,485,523,1,1,1,1,1,1
318,grid_0318_n5_south_west_south_east_h2_gate_t16,1,1,12,721,2528,1,1,18,0,543,609,0,543,609,1,1,1,1,1,1
319,grid_0319_n5_south_west_south_east_h2_gate_t18,1,1,12,885,3168,1,1,18,0,601,695,0,601,695,1,1,1,1,1,1
320,grid_0320_n5_south_west_south_east_h2_staggered_t12,1,1,5,495,1608,1,1,18,0,366,314,0,366,314,1,1,1,1,1,1
321,grid_0321_n5_south_west_south_east_h2_staggered_t14,1,1,5,667,2272,1,1,18,0,406,364,0,406,364,1,1,1,1,1,1
322,grid_0322_n5_south_west_south_east_h2_staggered_t16,1,1,5,839,2944,1,1,18,0,446,414,0,446,414,1,1,1,1,1,1
323,grid_0323_n5_south_west_south_east_h2_staggered_t18,1,1,5,1011,3616,1,1,18,0,486,464,0,486,464,1,1,1,1,1,1
324,grid_0324_n5_south_west_south_east_h3_open_t12,1,1,6,611,2016,1,1,18,0,396,306,0,396,306,1,1,1,1,1,1
325,grid_0325_n5_south_west_south_east_h3_open_t14,1,1,6,807,2784,1,1,18,0,440,352,0,440,352,1,1,1,1,1,1
326,grid_0326_n5_south_west_south_east_h3_open_t16,1,1,6,1003,3552,1,1,18,0,482,400,0,482,400,1,1,1,1,1,1
327,grid_0327_n5_south_west_south_east_h3_open_t18,1,1,6,1199,4320,1,1,18,0,522,450,0,522,450,1,1,1,1,1,1
328,grid_0328_n5_south_west_south_east_h3_gate_t12,1,1,11,447,1460,1,1,18,0,450,414,0,450,414,1,1,1,1,1,1
329,grid_0329_n5_south_west_south_east_h3_gate_t14,1,1,11,611,2096,1,1,18,0,512,496,0,512,496,1,1,1,1,1,1
330,grid_0330_n5_south_west_south_east_h3_gate_t16,1,1,11,775,2736,1,1,18,0,572,580,0,572,580,1,1,1,1,1,1
331,grid_0331_n5_south_west_south_east_h3_gate_t18,1,1,11,939,3376,1,1,18,0,630,666,0,630,666,1,1,1,1,1,1
332,grid_0332_n5_south_west_south_east_h3_staggered_t12,1,1,6,521,1712,1,1,18,0,396,306,0,396,306,1,1,1,1,1,1
333,grid_0333_n5_south_west_south_east_h3_staggered_t14,1,1,6,693,2384,1,1,18,0,440,352,0,440,352,1,1,1,1,1,1
334,grid_0334_n5_south_west_south_east_h3_staggered_t16,1,1,6,865,3056,1,1,18,0,482,400,0,482,400,1,1,1,1,1,1
335,grid_0335_n5_south_west_south_east_h3_staggered_t18,1,1,6,1037,3728,1,1,18,0,522,450,0,522,450,1,1,1,1,1,1
336,grid_0336_n5_south_west_east_middle_h0_open_t12,1,1,7,714,2416,1,1,18,0,359,438,0,359,438,1,1,1,1,1,1
337,grid_0337_n5_south_west_east_middle_h0_open_t14,1,1,7,912,3184,1,1,18,0,401,505,0,401,505,1,1,1,1,1,1
338,grid_0338_n5_south_west_east_middle_h0_open_t16,1,1,7,1110,3952,1,1,18,0,443,571,0,443,571,1,1,1,1,1,1
339,grid_0339_n5_south_west_east_middle_h0_open_t18,1,1,7,1308,4720,1,1,18,0,485,637,0,485,637,1,1,1,1,1,1
340,grid_0340_n5_south_west_east_middle_h0_gate_t12,1,1,7,500,1656,1,1,18,0,374,450,0,374,450,1,1,1,1,1,1
341,grid_0341_n5_south_west_east_middle_h0_gate_t14,1,1,7,666,2288,1,1,18,0,422,525,0,422,525,1,1,1,1,1,1
342,grid_0342_n5_south_west_east_middle_h0_gate_t16,1,1,7,832,2928,1,1,18,0,470,599,0,470,599,1,1,1,1,1,1
343,grid_0343_n5_south_west_east_middle_h0_gate_t18,1,1,7,998,3568,1,1,18,0,518,673,0,518,673,1,1,1,1,1,1
344,grid_0344_n5_south_west_east_middle_h0_staggered_t12,1,1,7,608,2052,1,1,18,0,360,437,0,360,437,1,1,1,1,1,1
345,grid_0345_n5_south_west_east_middle_h0_staggered_t14,1,1,7,782,2720,1,1,18,0,404,502,0,404,502,1,1,1,1,1,1
346,grid_0346_n5_south_west_east_middle_h0_staggered_t16,1,1,7,956,3392,1,1,18,0,448,566,0,448,566,1,1,1,1,1,1
347,grid_0347_n5_south_west_east_middle_h0_staggered_t18,1,1,7,1130,4064,1,1,18,0,492,630,0,492,630,1,1,1,1,1,1
348,grid_0348_n5_south_west_east_middle_h1_open_t12,1,1,7,705,2384,1,1,18,0,368,435,0,368,435,1,1,1,1,1,1
349,grid_0349_n5_south_west_east_middle_h1_open_t14,1,1,7,903,3152,1,1,18,0,416,499,0,416,499,1,1,1,1,1,1
350,grid_0350_n5_south_west_east_middle_h1_open_t16,1,1,7,1101,3920,1,1,18,0,464,561,0,464,561,1,1,1,1,1,1
351,grid_0351_n5_south_west_east_middle_h1_open_t18,1,1,7,1299,4688,1,1,18,0,510,625,0,510,625,1,1,1,1,1,1
352,grid_0352_n5_south_west_east_middle_h1_gate_t12,1,1,8,447,1480,1,1,18,0,383,456,0,383,456,1,1,1,1,1,1
353,grid_0353_n5_south_west_east_middle_h1_gate_t14,1,1,8,611,2080,1,1,18,0,435,532,0,435,532,1,1,1,1,1,1
354,grid_0354_n5_south_west_east_middle_h1_gate_t16,1,1,8,777,2720,1,1,18,0,487,608,0,487,608,1,1,1,1,1,1
355,grid_0355_n5_south_west_east_middle_h1_gate_t18,1,1,8,943,3360,1,1,18,0,537,685,0,537,685,1,1,1,1,1,1
356,grid_0356_n5_south_west_east_middle_h1_staggered_t12,1,1,7,588,1984,1,1,18,0,368,436,0,368,436,1,1,1,1,1,1
357,grid_0357_n5_south_west_east_middle_h1_staggered_t14,1,1,7,761,2640,1,1,18,0,416,502,0,416,502,1,1,1,1,1,1
358,grid_0358_n5_south_west_east_middle_h1_staggered_t16,1,1,7,935,3312,1,1,18,0,464,566,0,464,566,1,1,1,1,1,1
359,grid_0359_n5_south_west_east_middle_h1_staggered_t18,1,1,7,1109,3984,1,1,18,0,510,631,0,510,631,1,1,1,1,1,1
360,grid_0360_n5_south_west_east_middle_h2_open_t12,1,1,8,610,2020,1,1,18,0,378,429,0,378,429,1,1,1,1,1,1
361,grid_0361_n5_south_west_east_middle_h2_open_t14,1,1,8,808,2784,1,1,18,0,420,495,0,420,495,1,1,1,1,1,1
362,grid_0362_n5_south_west_east_middle_h2_open_t16,1,1,8,1006,3552,1,1,18,0,462,561,0,462,561,1,1,1,1,1,1
363,grid_0363_n5_south_west_east_middle_h2_open_t18,1,1,8,1204,4320,1,1,18,0,504,623,0,504,623,1,1,1,1,1,1
364,grid_0364_n5_south_west_east_middle_h2_gate_t12,1,1,9,378,1240,1,1,18,0,393,438,0,393,438,1,1,1,1,1,1
365,grid_0365_n5_south_west_east_middle_h2_gate_t14,1,1,9,532,1784,1,1,18,0,441,510,0,441,510,1,1,1,1,1,1
366,grid_0366_n5_south_west_east_middle_h2_gate_t16,1,1,9,698,2416,1,1,18,0,489,582,0,489,582,1,1,1,1,1,1
367,grid_0367_n5_south_west_east_middle_h2_gate_t18,1,1,9,864,3056,1,1,18,0,537,654,0,537,654,1,1,1,1,1,1
368,grid_0368_n5_south_west_east_middle_h2_staggered_t12,1,1,8,509,1684,1,1,18,0,378,429,0,378,429,1,1,1,1,1,1
369,grid_0369_n5_south_west_east_middle_h2_staggered_t14,1,1,8,678,2324,1,1,18,0,420,495,0,420,495,1,1,1,1,1,1
370,grid_0370_n5_south_west_east_middle_h2_staggered_t16,1,1,8,852,2992,1,1,18,0,462,561,0,462,561,1,1,1,1,1,1
371,grid_0371_n5_south_west_east_middle_h2_staggered_t18,1,1,8,1026,3664,1,1,18,0,504,625,0,504,625,1,1,1,1,1,1
372,grid_0372_n5_south_west_east_middle_h3_open_t12,1,1,8,619,2048,1,1,18,0,384,422,0,384,422,1,1,1,1,1,1
373,grid_0373_n5_south_west_east_middle_h3_open_t14,1,1,8,817,2816,1,1,18,0,430,484,0,430,484,1,1,1,1,1,1
374,grid_0374_n5_south_west_east_middle_h3_open_t16,1,1,8,1015,3584,1,1,18,0,476,546,0,476,546,1,1,1,1,1,1
375,grid_0375_n5_south_west_east_middle_h3_open_t18,1,1,8,1213,4352,1,1,18,0,522,608,0,522,608,1,1,1,1,1,1
376,grid_0376_n5_south_west_east_middle_h3_gate_t12,1,1,8,423,1384,1,1,18,0,396,429,0,396,429,1,1,1,1,1,1
377,grid_0377_n5_south_west_east_middle_h3_gate_t14,1,1,8,587,1984,1,1,18,0,448,499,0,448,499,1,1,1,1,1,1
378,grid_0378_n5_south_west_east_middle_h3_gate_t16,1,1,8,753,2624,1,1,18,0,500,569,0,500,569,1,1,1,1,1,1
379,grid_0379_n5_south_west_east_middle_h3_gate_t18,1,1,8,919,3264,1,1,18,0,552,639,0,552,639,1,1,1,1,1,1
380,grid_0380_n5_south_west_east_middle_h3_staggered_t12,1,1,8,526,1744,1,1,18,0,384,423,0,384,423,1,1,1,1,1,1
381,grid_0381_n5_south_west_east_middle_h3_staggered_t14,1,1,8,699,2400,1,1,18,0,430,487,0,430,487,1,1,1,1,1,1
382,grid_0382_n5_south_west_east_middle_h3_staggered_t16,1,1,8,873,3072,1,1,18,0,476,551,0,476,551,1,1,1,1,1,1
383,grid_0383_n5_south_west_east_middle_h3_staggered_t18,1,1,8,1047,3744,1,1,18,0,522,615,0,522,615,1,1,1,1,1,1
384,grid_0384_n5_south_west_south_middle_h0_open_t12,1,1,3,681,2256,1,1,18,0,360,262,0,360,262,1,1,1,1,1,1
385,grid_0385_n5_south_west_south_middle_h0_open_t14,1,1,3,879,3024,1,1,18,0,406,306,0,406,306,1,1,1,1,1,1
386,grid_0386_n5_south_west_south_middle_h0_open_t16,1,1,3,1077,3792,1,1,18,0,448,354,0,448,354,1,1,1,1,1,1
387,grid_0387_n5_south_west_south_middle_h0_open_t18,1,1,3,1275,4560,1,1,18,0,488,404,0,488,404,1,1,1,1,1,1
388,grid_0388_n5_south_west_south_middle_h0_gate_t12,1,1,3,540,1776,1,1,18,0,360,262,0,360,262,1,1,1,1,1,1
389,grid_0389_n5_south_west_south_middle_h0_gate_t14,1,1,3,712,2448,1,1,18,0,406,306,0,406,306,1,1,1,1,1,1
390,grid_0390_n5_south_west_south_middle_h0_gate_t16,1,1,3,884,3120,1,1,18,0,448,354,0,448,354,1,1,1,1,1,1
391,grid_0391_n5_south_west_south_middle_h0_gate_t18,1,1,3,1056,3792,1,1,18,0,488,404,0,488,404,1,1,1,1,1,1
392,grid_0392_n5_south_west_south_middle_h0_staggered_t12,1,1,3,544,1792,1,1,18,0,360,262,0,360,262,1,1,1,1,1,1
393,grid_0393_n5_south_west_south_middle_h0_staggered_t14,1,1,3,716,2464,1,1,18,0,406,306,0,406,306,1,1,1,1,1,1
394,grid_0394_n5_south_west_south_middle_h0_staggered_t16,1,1,3,888,3136,1,1,18,0,448,354,0,448,354,1,1,1,1,1,1
395,grid_0395_n5_south_west_south_middle_h0_staggered_t18,1,1,3,1060,3808,1,1,18,0,488,404,0,488,404,1,1,1,1,1,1
396,grid_0396_n5_south_west_south_middle_h1_open_t12,1,1,2,612,1984,1,1,18,0,98,53,0,98,53,1,1,1,1,1,1
397,grid_0397_n5_south_west_south_middle_h1_open_t14,1,1,2,810,2752,1,1,18,0,98,53,0,98,53,1,1,1,1,1,1
398,grid_0398_n5_south_west_south_middle_h1_open_t16,1,1,2,1008,3520,1,1,18,0,98,53,0,98,53,1,1,1,1,1,1
399,grid_0399_n5_south_west_south_middle_h1_open_t18,1,1,2,1206,4288,1,1,18,0,98,53,0,98,53,1,1,1,1,1,1
400,grid_0400_n5_south_west_south_middle_h1_gate_t12,1,1,2,484,1560,1,1,18,0,98,53,0,98,53,1,1,1,1,1,1
401,grid_0401_n5_south_west_south_middle_h1_gate_t14,1,1,2,656,2224,1,1,18,0,98,53,0,98,53,1,1,1,1,1,1
402,grid_0402_n5_south_west_south_middle_h1_gate_t16,1,1,2,828,2896,1,1,18,0,98,53,0,98,53,1,1,1,1,1,1
403,grid_0403_n5_south_west_south_middle_h1_gate_t18,1,1,2,1000,3568,1,1,18,0,98,53,0,98,53,1,1,1,1,1,1
404,grid_0404_n5_south_west_south_middle_h1_staggered_t12,1,1,2,480,1540,1,1,18,0,98,53,0,98,53,1,1,1,1,1,1
405,grid_0405_n5_south_west_south_middle_h1_staggered_t14,1,1,2,652,2208,1,1,18,0,98,53,0,98,53,1,1,1,1,1,1
406,grid_0406_n5_south_west_south_middle_h1_staggered_t16,1,1,2,824,2880,1,1,18,0,98,53,0,98,53,1,1,1,1,1,1
407,grid_0407_n5_south_west_south_middle_h1_staggered_t18,1,1,2,996,3552,1,1,18,0,98,53,0,98,53,1,1,1,1,1,1
408,grid_0408_n5_south_west_south_middle_h2_open_t12,1,1,3,517,1620,1,1,18,0,346,276,0,346,276,1,1,1,1,1,1
409,grid_0409_n5_south_west_south_middle_h2_open_t14,1,1,3,715,2384,1,1,18,0,386,326,0,386,326,1,1,1,1,1,1
410,grid_0410_n5_south_west_south_middle_h2_open_t16,1,1,3,913,3152,1,1,18,0,426,376,0,426,376,1,1,1,1,1,1
411,grid_0411_n5_south_west_south_middle_h2_open_t18,1,1,3,1111,3920,1,1,18,0,466,426,0,466,426,1,1,1,1,1,1
412,grid_0412_n5_south_west_south_middle_h2_gate_t12,1,1,3,404,1280,1,1,18,0,346,276,0,346,276,1,1,1,1,1,1
413,grid_0413_n5_south_west_south_middle_h2_gate_t14,1,1,3,574,1904,1,1,18,0,386,326,0,386,326,1,1,1,1,1,1
414,grid_0414_n5_south_west_south_middle_h2_gate_t16,1,1,3,746,2576,1,1,18,0,426,376,0,426,376,1,1,1,1,1,1
415,grid_0415_n5_south_west_south_middle_h2_gate_t18,1,1,3,918,3248,1,1,18,0,466,426,0,466,426,1,1,1,1,1,1
416,grid_0416_n5_south_west_south_middle_h2_staggered_t12,1,1,3,399,1248,1,1,18,0,346,276,0,346,276,1,1,1,1,1,1
417,grid_0417_n5_south_west_south_middle_h2_staggered_t14,1,1,3,570,1888,1,1,18,0,386,326,0,386,326,1,1,1,1,1,1
418,grid_0418_n5_south_west_south_middle_h2_staggered_t16,1,1,3,742,2560,1,1,18,0,426,376,0,426,376,1,1,1,1,1,1
419,grid_0419_n5_south_west_south_middle_h2_staggered_t18,1,1,3,914,3232,1,1,18,0,466,426,0,466,426,1,1,1,1,1,1
420,grid_0420_n5_south_west_south_middle_h3_open_t12,1,1,4,586,1888,1,1,18,0,378,270,0,378,270,1,1,1,1,1,1
421,grid_0421_n5_south_west_south_middle_h3_open_t14,1,1,4,784,2656,1,1,18,0,422,316,0,422,316,1,1,1,1,1,1
422,grid_0422_n5_south_west_south_middle_h3_open_t16,1,1,4,982,3424,1,1,18,0,464,364,0,464,364,1,1,1,1,1,1
423,grid_0423_n5_south_west_south_middle_h3_open_t18,1,1,4,1180,4192,1,1,18,0,504,414,0,504,414,1,1,1,1,1,1
424,grid_0424_n5_south_west_south_middle_h3_gate_t12,1,1,4,458,1464,1,1,18,0,378,270,0,378,270,1,1,1,1,1,1
425,grid_0425_n5_south_west_south_middle_h3_gate_t14,1,1,4,630,2128,1,1,18,0,422,316,0,422,316,1,1,1,1,1,1
426,grid_0426_n5_south_west_south_middle_h3_gate_t16,1,1,4,802,2800,1,1,18,0,464,364,0,464,364,1,1,1,1,1,1
427,grid_0427_n5_south_west_south_middle_h3_gate_t18,1,1,4,974,3472,1,1,18,0,504,414,0,504,414,1,1,1,1,1,1
428,grid_0428_n5_south_west_south_middle_h3_staggered_t12,1,1,4,462,1476,1,1,18,0,378,270,0,378,270,1,1,1,1,1,1
429,grid_0429_n5_south_west_south_middle_h3_staggered_t14,1,1,4,634,2144,1,1,18,0,422,316,0,422,316,1,1,1,1,1,1
430,grid_0430_n5_south_west_south_middle_h3_staggered_t16,1,1,4,806,2816,1,1,18,0,464,364,0,464,364,1,1,1,1,1,1
431,grid_0431_n5_south_west_south_middle_h3_staggered_t18,1,1,4,978,3488,1,1,18,0,504,414,0,504,414,1,1,1,1,1,1
432,grid_0432_n6_north_west_south_east_h0_open_t12,1,1,12,749,2440,1,1,18,0,430,434,0,430,434,1,1,1,1,1,1
433,grid_0433_n6_north_west_south_east_h0_open_t14,1,1,12,1033,3552,1,1,18,0,479,511,0,479,511,1,1,1,1,1,1
434,grid_0434_n6_north_west_south_east_h0_open_t16,1,1,12,1317,4672,1,1,18,0,527,582,0,527,582,1,1,1,1,1,1
435,grid_0435_n6_north_west_south_east_h0_open_t18,1,1,12,1601,5792,1,1,18,0,575,648,0,575,648,1,1,1,1,1,1
436,grid_0436_n6_north_west_south_east_h0_gate_t12,1,0,,510,1700,1,0,0,,,,,,,,,,,,
437,grid_0437_n6_north_west_south_east_h0_gate_t14,1,1,14,711,2416,1,1,18,0,491,517,0,491,517,1,1,1,1,1,1
438,grid_0438_n6_north_west_south_east_h0_gate_t16,1,1,14,949,3300,1,1,18,0,543,609,0,543,609,1,1,1,1,1,1
439,grid_0439_n6_north_west_south_east_h0_gate_t18,1,1,14,1193,4256,1,1,18,0,595,701,0,595,701,1,1,1,1,1,1
440,grid_0440_n6_north_west_south_east_h0_staggered_t12,1,1,12,626,2028,1,1,18,0,437,427,0,437,427,1,1,1,1,1,1
441,grid_0441_n6_north_west_south_east_h0_staggered_t14,1,1,12,877,2992,1,1,18,0,488,502,0,488,502,1,1,1,1,1,1
442,grid_0442_n6_north_west_south_east_h0_staggered_t16,1,1,12,1129,3984,1,1,18,0,538,571,0,538,571,1,1,1,1,1,1
443,grid_0443_n6_north_west_south_east_h0_staggered_t18,1,1,12,1381,4976,1,1,18,0,586,639,0,586,639,1,1,1,1,1,1
444,grid_0444_n6_north_west_south_east_h1_open_t12,1,1,11,887,2976,1,1,18,0,382,476,0,382,476,1,1,1,1,1,1
445,grid_0445_n6_north_west_south_east_h1_open_t14,1,1,11,1171,4096,1,1,18,0,428,550,0,428,550,1,1,1,1,1,1
446,grid_0446_n6_north_west_south_east_h1_open_t16,1,1,11,1455,5216,1,1,18,0,474,622,0,474,622,1,1,1,1,1,1
447,grid_0447_n6_north_west_south_east_h1_open_t18,1,1,11,1739,6336,1,1,18,0,519,692,0,519,692,1,1,1,1,1,1
448,grid_0448_n6_north_west_south_east_h1_gate_t12,1,0,,600,2024,1,0,0,,,,,,,,,,,,
449,grid_0449_n6_north_west_south_east_h1_gate_t14,1,1,13,824,2824,1,1,18,0,474,534,0,474,534,1,1,1,1,1,1
450,grid_0450_n6_north_west_south_east_h1_gate_t16,1,1,13,1067,3760,1,1,18,0,530,622,0,530,622,1,1,1,1,1,1
451,grid_0451_n6_north_west_south_east_h1_gate_t18,1,1,13,1311,4720,1,1,18,0,586,710,0,586,710,1,1,1,1,1,1
452,grid_0452_n6_north_west_south_east_h1_staggered_t12,1,1,11,747,2484,1,1,18,0,393,465,0,393,465,1,1,1,1,1,1
453,grid_0453_n6_north_west_south_east_h1_staggered_t14,1,1,11,999,3472,1,1,18,0,443,535,0,443,535,1,1,1,1,1,1
454,grid_0454_n6_north_west_south_east_h1_staggered_t16,1,1,11,1251,4464,1,1,18,0,491,607,0,491,607,1,1,1,1,1,1
455,grid_0455_n6_north_west_south_east_h1_staggered_t18,1,1,11,1503,5456,1,1,18,0,538,680,0,538,680,1,1,1,1,1,1
456,grid_0456_n6_north_west_south_east_h2_open_t12,1,1,11,887,2976,1,1,18,0,376,482,0,376,482,1,1,1,1,1,1
457,grid_0457_n6_north_west_south_east_h2_open_t14,1,1,11,1171,4096,1,1,18,0,420,558,0,420,558,1,1,1,1,1,1
458,grid_0458_n6_north_west_south_east_h2_open_t16,1,1,11,1455,5216,1,1,18,0,462,635,0,462,635,1,1,1,1,1,1
459,grid_0459_n6_north_west_south_east_h2_open_t18,1,1,11,1739,6336,1,1,18,0,502,709,0,502,709,1,1,1,1,1,1
460,grid_0460_n6_north_west_south_east_h2_gate_t12,1,1,12,647,2160,1,1,18,0,384,480,0,384,480,1,1,1,1,1,1
461,grid_0461_n6_north_west_south_east_h2_gate_t14,1,1,12,885,3044,1,1,18,0,432,576,0,432,576,1,1,1,1,1,1
462,grid_0462_n6_north_west_south_east_h2_gate_t16,1,1,12,1129,4000,1,1,18,0,478,674,0,478,674,1,1,1,1,1,1
463,grid_0463_n6_north_west_south_east_h2_gate_t18,1,1,12,1373,4960,1,1,18,0,522,774,0,522,774,1,1,1,1,1,1
464,grid_0464_n6_north_west_south_east_h2_staggered_t12,1,1,11,771,2580,1,1,18,0,386,472,0,386,472,1,1,1,1,1,1
465,grid_0465_n6_north_west_south_east_h2_staggered_t14,1,1,11,1023,3568,1,1,18,0,434,544,0,434,544,1,1,1,1,1,1
466,grid_0466_n6_north_west_south_east_h2_staggered_t16,1,1,11,1275,4560,1,1,18,0,480,618,0,480,618,1,1,1,1,1,1
467,grid_0467_n6_north_west_south_east_h2_staggered_t18,1,1,11,1527,5552,1,1,18,0,524,691,0,524,691,1,1,1,1,1,1
468,grid_0468_n6_north_west_south_east_h3_open_t12,1,1,12,749,2440,1,1,18,0,413,451,0,413,451,1,1,1,1,1,1
469,grid_0469_n6_north_west_south_east_h3_open_t14,1,1,12,1033,3552,1,1,18,0,460,530,0,460,530,1,1,1,1,1,1
470,grid_0470_n6_north_west_south_east_h3_open_t16,1,1,12,1317,4672,1,1,18,0,506,604,0,506,604,1,1,1,1,1,1
471,grid_0471_n6_north_west_south_east_h3_open_t18,1,1,12,1601,5792,1,1,18,0,552,677,0,552,677,1,1,1,1,1,1
472,grid_0472_n6_north_west_south_east_h3_gate_t12,1,0,,544,1800,1,0,0,,,,,,,,,,,,
473,grid_0473_n6_north_west_south_east_h3_gate_t14,1,1,13,768,2600,1,1,18,0,470,538,0,470,538,1,1,1,1,1,1
474,grid_0474_n6_north_west_south_east_h3_gate_t16,1,1,13,1011,3536,1,1,18,0,520,632,0,520,632,1,1,1,1,1,1
475,grid_0475_n6_north_west_south_east_h3_gate_t18,1,1,13,1255,4496,1,1,18,0,570,726,0,570,726,1,1,1,1,1,1
476,grid_0476_n6_north_west_south_east_h3_staggered_t12,1,1,12,650,2116,1,1,18,0,421,443,0,421,443,1,1,1,1,1,1
477,grid_0477_n6_north_west_south_east_h3_staggered_t14,1,1,12,901,3088,1,1,18,0,471,519,0,471,519,1,1,1,1,1,1
478,grid_0478_n6_north_west_south_east_h3_staggered_t16,1,1,12,1153,4080,1,1,18,0,521,589,0,521,589,1,1,1,1,1,1
479,grid_0479_n6_north_west_south_east_h3_staggered_t18,1,1,12,1405,5072,1,1,18,0,571,659,0,571,659,1,1,1,1,1,1
480,grid_0480_n6_north_west_east_middle_h0_open_t12,1,1,10,742,2420,1,1,18,0,421,424,0,421,424,1,1,1,1,1,1
481,grid_0481_n6_north_west_east_middle_h0_open_t14,1,1,10,1022,3492,1,1,18,0,471,486,0,471,486,1,1,1,1,1,1
482,grid_0482_n6_north_west_east_middle_h0_open_t16,1,1,10,1308,4608,1,1,18,0,521,543,0,521,543,1,1,1,1,1,1
483,grid_0483_n6_north_west_east_middle_h0_open_t18,1,1,10,1594,5728,1,1,18,0,571,599,0,571,599,1,1,1,1,1,1
484,grid_0484_n6_north_west_east_middle_h0_gate_t12,1,1,11,508,1696,1,1,18,0,429,428,0,429,428,1,1,1,1,1,1
485,grid_0485_n6_north_west_east_middle_h0_gate_t14,1,1,11,695,2376,1,1,18,0,483,500,0,483,500,1,1,1,1,1,1
486,grid_0486_n6_north_west_east_middle_h0_gate_t16,1,1,11,921,3192,1,1,18,0,537,570,0,537,570,1,1,1,1,1,1
487,grid_0487_n6_north_west_east_middle_h0_gate_t18,1,1,11,1166,4128,1,1,18,0,591,639,0,591,639,1,1,1,1,1,1
488,grid_0488_n6_north_west_east_middle_h0_staggered_t12,1,1,10,618,2008,1,1,18,0,428,417,0,428,417,1,1,1,1,1,1
489,grid_0489_n6_north_west_east_middle_h0_staggered_t14,1,1,10,857,2916,1,1,18,0,480,478,0,480,478,1,1,1,1,1,1
490,grid_0490_n6_north_west_east_middle_h0_staggered_t16,1,1,10,1106,3876,1,1,18,0,532,536,0,532,536,1,1,1,1,1,1
491,grid_0491_n6_north_west_east_middle_h0_staggered_t18,1,1,10,1360,4864,1,1,18,0,582,596,0,582,596,1,1,1,1,1,1
492,grid_0492_n6_north_west_east_middle_h1_open_t12,1,1,9,876,2932,1,1,18,0,378,456,0,378,456,1,1,1,1,1,1
493,grid_0493_n6_north_west_east_middle_h1_open_t14,1,1,9,1161,4032,1,1,18,0,424,529,0,424,529,1,1,1,1,1,1
494,grid_0494_n6_north_west_east_middle_h1_open_t16,1,1,9,1447,5152,1,1,18,0,470,597,0,470,597,1,1,1,1,1,1
495,grid_0495_n6_north_west_east_middle_h1_open_t18,1,1,9,1733,6272,1,1,18,0,515,662,0,515,662,1,1,1,1,1,1
496,grid_0496_n6_north_west_east_middle_h1_gate_t12,1,1,10,593,2008,1,1,18,0,414,438,0,414,438,1,1,1,1,1,1
497,grid_0497_n6_north_west_east_middle_h1_gate_t14,1,1,10,799,2748,1,1,18,0,470,514,0,470,514,1,1,1,1,1,1
498,grid_0498_n6_north_west_east_middle_h1_gate_t16,1,1,10,1039,3636,1,1,18,0,526,588,0,526,588,1,1,1,1,1,1
499,grid_0499_n6_north_west_east_middle_h1_gate_t18,1,1,10,1285,4592,1,1,18,0,582,662,0,582,662,1,1,1,1,1,1
500,grid_0500_n6_north_west_east_middle_h1_staggered_t12,1,1,9,732,2436,1,1,18,0,389,445,0,389,445,1,1,1,1,1,1
501,grid_0501_n6_north_west_east_middle_h1_staggered_t14,1,1,9,976,3376,1,1,18,0,439,515,0,439,515,1,1,1,1,1,1
502,grid_0502_n6_north_west_east_middle_h1_staggered_t16,1,1,9,1229,4352,1,1,18,0,487,584,0,487,584,1,1,1,1,1,1
503,grid_0503_n6_north_west_east_middle_h1_staggered_t18,1,1,9,1483,5344,1,1,18,0,534,651,0,534,651,1,1,1,1,1,1
504,grid_0504_n6_north_west_east_middle_h2_open_t12,1,1,9,884,2948,1,1,18,0,365,469,0,365,469,1,1,1,1,1,1
505,grid_0505_n6_north_west_east_middle_h2_open_t14,1,1,9,1170,4064,1,1,18,0,405,545,0,405,545,1,1,1,1,1,1
506,grid_0506_n6_north_west_east_middle_h2_open_t16,1,1,9,1456,5184,1,1,18,0,445,614,0,445,614,1,1,1,1,1,1
507,grid_0507_n6_north_west_east_middle_h2_open_t18,1,1,9,1742,6304,1,1,18,0,484,680,0,484,680,1,1,1,1,1,1
508,grid_0508_n6_north_west_east_middle_h2_gate_t12,1,1,9,631,2120,1,1,18,0,373,473,0,373,473,1,1,1,1,1,1
509,grid_0509_n6_north_west_east_middle_h2_gate_t14,1,1,9,857,2936,1,1,18,0,417,557,0,417,557,1,1,1,1,1,1
510,grid_0510_n6_north_west_east_middle_h2_gate_t16,1,1,9,1102,3872,1,1,18,0,461,637,0,461,637,1,1,1,1,1,1
511,grid_0511_n6_north_west_east_middle_h2_gate_t18,1,1,9,1348,4832,1,1,18,0,504,717,0,504,717,1,1,1,1,1,1
512,grid_0512_n6_north_west_east_middle_h2_staggered_t12,1,1,9,763,2548,1,1,18,0,375,459,0,375,459,1,1,1,1,1,1
513,grid_0513_n6_north_west_east_middle_h2_staggered_t14,1,1,9,1012,3508,1,1,18,0,419,530,0,419,530,1,1,1,1,1,1
514,grid_0514_n6_north_west_east_middle_h2_staggered_t16,1,1,9,1266,4496,1,1,18,0,463,596,0,463,596,1,1,1,1,1,1
515,grid_0515_n6_north_west_east_middle_h2_staggered_t18,1,1,9,1520,5488,1,1,18,0,506,662,0,506,662,1,1,1,1,1,1
516,grid_0516_n6_north_west_east_middle_h3_open_t12,1,1,10,746,2424,1,1,18,0,413,433,0,413,433,1,1,1,1,1,1
517,grid_0517_n6_north_west_east_middle_h3_open_t14,1,1,10,1031,3520,1,1,18,0,462,502,0,462,502,1,1,1,1,1,1
518,grid_0518_n6_north_west_east_middle_h3_open_t16,1,1,10,1317,4640,1,1,18,0,510,571,0,510,571,1,1,1,1,1,1
519,grid_0519_n6_north_west_east_middle_h3_open_t18,1,1,10,1603,5760,1,1,18,0,558,636,0,558,636,1,1,1,1,1,1
520,grid_0520_n6_north_west_east_middle_h3_gate_t12,1,1,10,537,1784,1,1,18,0,419,433,0,419,433,1,1,1,1,1,1
521,grid_0521_n6_north_west_east_middle_h3_gate_t14,1,1,10,743,2524,1,1,18,0,472,510,0,472,510,1,1,1,1,1,1
522,grid_0522_n6_north_west_east_middle_h3_gate_t16,1,1,10,983,3412,1,1,18,0,524,587,0,524,587,1,1,1,1,1,1
523,grid_0523_n6_north_west_east_middle_h3_gate_t18,1,1,10,1229,4368,1,1,18,0,576,661,0,576,661,1,1,1,1,1,1
524,grid_0524_n6_north_west_east_middle_h3_staggered_t12,1,1,10,646,2100,1,1,18,0,421,425,0,421,425,1,1,1,1,1,1
525,grid_0525_n6_north_west_east_middle_h3_staggered_t14,1,1,10,890,3040,1,1,18,0,473,493,0,473,493,1,1,1,1,1,1
526,grid_0526_n6_north_west_east_middle_h3_staggered_t16,1,1,10,1143,4016,1,1,18,0,525,559,0,525,559,1,1,1,1,1,1
527,grid_0527_n6_north_west_east_middle_h3_staggered_t18,1,1,10,1397,5008,1,1,18,0,577,623,0,577,623,1,1,1,1,1,1
528,grid_0528_n6_north_west_south_middle_h0_open_t12,1,1,10,746,2424,1,1,18,0,426,419,0,426,419,1,1,1,1,1,1
529,grid_0529_n6_north_west_south_middle_h0_open_t14,1,1,10,1031,3520,1,1,18,0,475,485,0,475,485,1,1,1,1,1,1
530,grid_0530_n6_north_west_south_middle_h0_open_t16,1,1,10,1317,4640,1,1,18,0,523,549,0,523,549,1,1,1,1,1,1
531,grid_0531_n6_north_west_south_middle_h0_open_t18,1,1,10,1603,5760,1,1,18,0,571,611,0,571,611,1,1,1,1,1,1
532,grid_0532_n6_north_west_south_middle_h0_gate_t12,1,1,11,512,1700,1,1,18,0,438,420,0,438,420,1,1,1,1,1,1
533,grid_0533_n6_north_west_south_middle_h0_gate_t14,1,1,11,715,2416,1,1,18,0,491,499,0,491,499,1,1,1,1,1,1
534,grid_0534_n6_north_west_south_middle_h0_gate_t16,1,1,11,960,3316,1,1,18,0,543,577,0,543,577,1,1,1,1,1,1
535,grid_0535_n6_north_west_south_middle_h0_gate_t18,1,1,11,1212,4304,1,1,18,0,595,652,0,595,652,1,1,1,1,1,1
536,grid_0536_n6_north_west_south_middle_h0_staggered_t12,1,1,11,624,2024,1,1,18,0,445,413,0,445,413,1,1,1,1,1,1
537,grid_0537_n6_north_west_south_middle_h0_staggered_t14,1,1,11,868,2960,1,1,18,0,500,489,0,500,489,1,1,1,1,1,1
538,grid_0538_n6_north_west_south_middle_h0_staggered_t16,1,1,11,1121,3936,1,1,18,0,554,563,0,554,563,1,1,1,1,1,1
539,grid_0539_n6_north_west_south_middle_h0_staggered_t18,1,1,11,1375,4928,1,1,18,0,606,637,0,606,637,1,1,1,1,1,1
540,grid_0540_n6_north_west_south_middle_h1_open_t12,1,1,9,884,2948,1,1,18,0,369,463,0,369,463,1,1,1,1,1,1
541,grid_0541_n6_north_west_south_middle_h1_open_t14,1,1,9,1170,4064,1,1,18,0,413,530,0,413,530,1,1,1,1,1,1
542,grid_0542_n6_north_west_south_middle_h1_open_t16,1,1,9,1456,5184,1,1,18,0,457,595,0,457,595,1,1,1,1,1,1
543,grid_0543_n6_north_west_south_middle_h1_open_t18,1,1,9,1742,6304,1,1,18,0,501,659,0,501,659,1,1,1,1,1,1
544,grid_0544_n6_north_west_south_middle_h1_gate_t12,1,1,10,603,2024,1,1,18,0,418,434,0,418,434,1,1,1,1,1,1
545,grid_0545_n6_north_west_south_middle_h1_gate_t14,1,1,10,831,2828,1,1,18,0,474,510,0,474,510,1,1,1,1,1,1
546,grid_0546_n6_north_west_south_middle_h1_gate_t16,1,1,10,1082,3792,1,1,18,0,530,584,0,530,584,1,1,1,1,1,1
547,grid_0547_n6_north_west_south_middle_h1_gate_t18,1,1,10,1334,4784,1,1,18,0,586,658,0,586,658,1,1,1,1,1,1
548,grid_0548_n6_north_west_south_middle_h1_staggered_t12,1,1,10,741,2468,1,1,18,0,400,452,0,400,452,1,1,1,1,1,1
549,grid_0549_n6_north_west_south_middle_h1_staggered_t14,1,1,10,990,3428,1,1,18,0,454,529,0,454,529,1,1,1,1,1,1
550,grid_0550_n6_north_west_south_middle_h1_staggered_t16,1,1,10,1244,4416,1,1,18,0,506,607,0,506,607,1,1,1,1,1,1
551,grid_0551_n6_north_west_south_middle_h1_staggered_t18,1,1,10,1498,5408,1,1,18,0,558,685,0,558,685,1,1,1,1,1,1
552,grid_0552_n6_north_west_south_middle_h2_open_t12,1,1,9,876,2932,1,1,18,0,372,461,0,372,461,1,1,1,1,1,1
553,grid_0553_n6_north_west_south_middle_h2_open_t14,1,1,9,1161,4032,1,1,18,0,416,535,0,416,535,1,1,1,1,1,1
554,grid_0554_n6_north_west_south_middle_h2_open_t16,1,1,9,1447,5152,1,1,18,0,458,609,0,458,609,1,1,1,1,1,1
555,grid_0555_n6_north_west_south_middle_h2_open_t18,1,1,9,1733,6272,1,1,18,0,498,682,0,498,682,1,1,1,1,1,1
556,grid_0556_n6_north_west_south_middle_h2_gate_t12,1,1,9,651,2160,1,1,18,0,384,462,0,384,462,1,1,1,1,1,1
557,grid_0557_n6_north_west_south_middle_h2_gate_t14,1,1,9,896,3060,1,1,18,0,432,546,0,432,546,1,1,1,1,1,1
558,grid_0558_n6_north_west_south_middle_h2_gate_t16,1,1,9,1148,4048,1,1,18,0,478,630,0,478,630,1,1,1,1,1,1
559,grid_0559_n6_north_west_south_middle_h2_gate_t18,1,1,9,1400,5040,1,1,18,0,522,713,0,522,713,1,1,1,1,1,1
560,grid_0560_n6_north_west_south_middle_h2_staggered_t12,1,1,9,756,2532,1,1,18,0,394,451,0,394,451,1,1,1,1,1,1
561,grid_0561_n6_north_west_south_middle_h2_staggered_t14,1,1,9,1000,3472,1,1,18,0,446,529,0,446,529,1,1,1,1,1,1
562,grid_0562_n6_north_west_south_middle_h2_staggered_t16,1,1,9,1253,4448,1,1,18,0,496,608,0,496,608,1,1,1,1,1,1
563,grid_0563_n6_north_west_south_middle_h2_staggered_t18,1,1,9,1507,5440,1,1,18,0,544,685,0,544,685,1,1,1,1,1,1
564,grid_0564_n6_north_west_south_middle_h3_open_t12,1,1,10,742,2420,1,1,18,0,409,434,0,409,434,1,1,1,1,1,1
565,grid_0565_n6_north_west_south_middle_h3_open_t14,1,1,10,1022,3492,1,1,18,0,456,502,0,456,502,1,1,1,1,1,1
566,grid_0566_n6_north_west_south_middle_h3_open_t16,1,1,10,1308,4608,1,1,18,0,502,569,0,502,569,1,1,1,1,1,1
567,grid_0567_n6_north_west_south_middle_h3_open_t18,1,1,10,1594,5728,1,1,18,0,548,633,0,548,633,1,1,1,1,1,1
568,grid_0568_n6_north_west_south_middle_h3_gate_t12,1,1,10,547,1800,1,1,18,0,419,431,0,419,431,1,1,1,1,1,1
569,grid_0569_n6_north_west_south_middle_h3_gate_t14,1,1,10,775,2604,1,1,18,0,470,510,0,470,510,1,1,1,1,1,1
570,grid_0570_n6_north_west_south_middle_h3_gate_t16,1,1,10,1026,3568,1,1,18,0,520,589,0,520,589,1,1,1,1,1,1
571,grid_0571_n6_north_west_south_middle_h3_gate_t18,1,1,10,1278,4560,1,1,18,0,570,665,0,570,665,1,1,1,1,1,1
572,grid_0572_n6_north_west_south_middle_h3_staggered_t12,1,1,10,642,2096,1,1,18,0,427,423,0,427,423,1,1,1,1,1,1
573,grid_0573_n6_north_west_south_middle_h3_staggered_t14,1,1,10,881,3012,1,1,18,0,481,499,0,481,499,1,1,1,1,1,1
574,grid_0574_n6_north_west_south_middle_h3_staggered_t16,1,1,10,1130,3972,1,1,18,0,535,575,0,535,575,1,1,1,1,1,1
575,grid_0575_n6_north_west_south_middle_h3_staggered_t18,1,1,10,1384,4960,1,1,18,0,589,651,0,589,651,1,1,1,1,1,1
576,grid_0576_n6_north_east_south_east_h0_open_t12,1,1,7,738,2376,1,1,18,0,303,461,0,303,461,1,1,1,1,1,1
577,grid_0577_n6_north_east_south_east_h0_open_t14,1,1,7,1021,3472,1,1,18,0,345,521,0,345,521,1,1,1,1,1,1
578,grid_0578_n6_north_east_south_east_h0_open_t16,1,1,7,1305,4592,1,1,18,0,386,582,0,386,582,1,1,1,1,1,1
579,grid_0579_n6_north_east_south_east_h0_open_t18,1,1,7,1589,5712,1,1,18,0,426,644,0,426,644,1,1,1,1,1,1
580,grid_0580_n6_north_east_south_east_h0_gate_t12,1,1,7,389,1244,1,1,18,0,303,461,0,303,461,1,1,1,1,1,1
581,grid_0581_n6_north_east_south_east_h0_gate_t14,1,1,7,580,1860,1,1,18,0,345,521,0,345,521,1,1,1,1,1,1
582,grid_0582_n6_north_east_south_east_h0_gate_t16,1,1,7,817,2724,1,1,18,0,386,582,0,386,582,1,1,1,1,1,1
583,grid_0583_n6_north_east_south_east_h0_gate_t18,1,1,7,1061,3680,1,1,18,0,426,644,0,426,644,1,1,1,1,1,1
584,grid_0584_n6_north_east_south_east_h0_staggered_t12,1,1,7,588,1912,1,1,18,0,303,461,0,303,461,1,1,1,1,1,1
585,grid_0585_n6_north_east_south_east_h0_staggered_t14,1,1,7,825,2780,1,1,18,0,345,521,0,345,521,1,1,1,1,1,1
586,grid_0586_n6_north_east_south_east_h0_staggered_t16,1,1,7,1077,3760,1,1,18,0,386,582,0,386,582,1,1,1,1,1,1
587,grid_0587_n6_north_east_south_east_h0_staggered_t18,1,1,7,1329,4752,1,1,18,0,426,644,0,426,644,1,1,1,1,1,1
588,grid_0588_n6_north_east_south_east_h1_open_t12,1,1,6,718,2312,1,1,18,0,279,458,0,279,458,1,1,1,1,1,1
589,grid_0589_n6_north_east_south_east_h1_open_t14,1,1,6,997,3380,1,1,18,0,317,520,0,317,520,1,1,1,1,1,1
590,grid_0590_n6_north_east_south_east_h1_open_t16,1,1,6,1281,4496,1,1,18,0,355,581,0,355,581,1,1,1,1,1,1
591,grid_0591_n6_north_east_south_east_h1_open_t18,1,1,6,1565,5616,1,1,18,0,393,641,0,393,641,1,1,1,1,1,1
592,grid_0592_n6_north_east_south_east_h1_gate_t12,1,1,6,438,1376,1,1,18,0,279,458,0,279,458,1,1,1,1,1,1
593,grid_0593_n6_north_east_south_east_h1_gate_t14,1,1,6,658,2124,1,1,18,0,317,520,0,317,520,1,1,1,1,1,1
594,grid_0594_n6_north_east_south_east_h1_gate_t16,1,1,6,901,3056,1,1,18,0,355,581,0,355,581,1,1,1,1,1,1
595,grid_0595_n6_north_east_south_east_h1_gate_t18,1,1,6,1145,4016,1,1,18,0,393,641,0,393,641,1,1,1,1,1,1
596,grid_0596_n6_north_east_south_east_h1_staggered_t12,1,1,6,603,1956,1,1,18,0,279,458,0,279,458,1,1,1,1,1,1
597,grid_0597_n6_north_east_south_east_h1_staggered_t14,1,1,6,847,2852,1,1,18,0,317,520,0,317,520,1,1,1,1,1,1
598,grid_0598_n6_north_east_south_east_h1_staggered_t16,1,1,6,1099,3840,1,1,18,0,355,581,0,355,581,1,1,1,1,1,1
599,grid_0599_n6_north_east_south_east_h1_staggered_t18,1,1,6,1351,4832,1,1,18,0,393,641,0,393,641,1,1,1,1,1,1
600,grid_0600_n6_north_east_south_east_h2_open_t12,1,1,5,852,2820,1,1,18,0,113,339,0,113,339,1,1,1,1,1,1
601,grid_0601_n6_north_east_south_east_h2_open_t14,1,1,5,1135,3920,1,1,18,0,115,359,0,115,359,1,1,1,1,1,1
602,grid_0602_n6_north_east_south_east_h2_open_t16,1,1,5,1419,5040,1,1,18,0,117,379,0,117,379,1,1,1,1,1,1
603,grid_0603_n6_north_east_south_east_h2_open_t18,1,1,5,1703,6160,1,1,18,0,119,399,0,119,399,1,1,1,1,1,1
604,grid_0604_n6_north_east_south_east_h2_gate_t12,1,1,5,538,1700,1,1,18,0,113,339,0,113,339,1,1,1,1,1,1
605,grid_0605_n6_north_east_south_east_h2_gate_t14,1,1,5,775,2564,1,1,18,0,115,359,0,115,359,1,1,1,1,1,1
606,grid_0606_n6_north_east_south_east_h2_gate_t16,1,1,5,1019,3520,1,1,18,0,117,379,0,117,379,1,1,1,1,1,1
607,grid_0607_n6_north_east_south_east_h2_gate_t18,1,1,5,1263,4480,1,1,18,0,119,399,0,119,399,1,1,1,1,1,1
608,grid_0608_n6_north_east_south_east_h2_staggered_t12,1,1,5,718,2368,1,1,18,0,113,339,0,113,339,1,1,1,1,1,1
609,grid_0609_n6_north_east_south_east_h2_staggered_t14,1,1,5,969,3328,1,1,18,0,115,359,0,115,359,1,1,1,1,1,1
610,grid_0610_n6_north_east_south_east_h2_staggered_t16,1,1,5,1221,4320,1,1,18,0,117,379,0,117,379,1,1,1,1,1,1
611,grid_0611_n6_north_east_south_east_h2_staggered_t18,1,1,5,1473,5312,1,1,18,0,119,399,0,119,399,1,1,1,1,1,1
612,grid_0612_n6_north_east_south_east_h3_open_t12,1,1,6,875,2900,1,1,18,0,300,438,0,300,438,1,1,1,1,1,1
613,grid_0613_n6_north_east_south_east_h3_open_t14,1,1,6,1159,4016,1,1,18,0,344,494,0,344,494,1,1,1,1,1,1
614,grid_0614_n6_north_east_south_east_h3_open_t16,1,1,6,1443,5136,1,1,18,0,386,551,0,386,551,1,1,1,1,1,1
615,grid_0615_n6_north_east_south_east_h3_open_t18,1,1,6,1727,6256,1,1,18,0,428,607,0,428,607,1,1,1,1,1,1
616,grid_0616_n6_north_east_south_east_h3_gate_t12,1,1,6,472,1504,1,1,18,0,312,426,0,312,426,1,1,1,1,1,1
617,grid_0617_n6_north_east_south_east_h3_gate_t14,1,1,6,692,2252,1,1,18,0,356,482,0,356,482,1,1,1,1,1,1
618,grid_0618_n6_north_east_south_east_h3_gate_t16,1,1,6,935,3184,1,1,18,0,398,539,0,398,539,1,1,1,1,1,1
619,grid_0619_n6_north_east_south_east_h3_gate_t18,1,1,6,1179,4144,1,1,18,0,440,595,0,440,595,1,1,1,1,1,1
620,grid_0620_n6_north_east_south_east_h3_staggered_t12,1,1,6,698,2312,1,1,18,0,300,438,0,300,438,1,1,1,1,1,1
621,grid_0621_n6_north_east_south_east_h3_staggered_t14,1,1,6,947,3248,1,1,18,0,344,494,0,344,494,1,1,1,1,1,1
622,grid_0622_n6_north_east_south_east_h3_staggered_t16,1,1,6,1199,4240,1,1,18,0,386,551,0,386,551,1,1,1,1,1,1
623,grid_0623_n6_north_east_south_east_h3_staggered_t18,1,1,6,1451,5232,1,1,18,0,428,607,0,428,607,1,1,1,1,1,1
624,grid_0624_n6_north_east_east_middle_h0_open_t12,1,1,5,712,2248,1,1,18,0,303,418,0,303,418,1,1,1,1,1,1
625,grid_0625_n6_north_east_east_middle_h0_open_t14,1,1,5,997,3344,1,1,18,0,345,476,0,345,476,1,1,1,1,1,1
626,grid_0626_n6_north_east_east_middle_h0_open_t16,1,1,5,1283,4464,1,1,18,0,386,534,0,386,534,1,1,1,1,1,1
627,grid_0627_n6_north_east_east_middle_h0_open_t18,1,1,5,1569,5584,1,1,18,0,426,592,0,426,592,1,1,1,1,1,1
628,grid_0628_n6_north_east_east_middle_h0_gate_t12,1,1,5,363,1116,1,1,18,0,303,418,0,303,418,1,1,1,1,1,1
629,grid_0629_n6_north_east_east_middle_h0_gate_t14,1,1,5,556,1732,1,1,18,0,345,476,0,345,476,1,1,1,1,1,1
630,grid_0630_n6_north_east_east_middle_h0_gate_t16,1,1,5,795,2596,1,1,18,0,386,534,0,386,534,1,1,1,1,1,1
631,grid_0631_n6_north_east_east_middle_h0_gate_t18,1,1,5,1041,3552,1,1,18,0,426,592,0,426,592,1,1,1,1,1,1
632,grid_0632_n6_north_east_east_middle_h0_staggered_t12,1,1,5,543,1736,1,1,18,0,303,418,0,303,418,1,1,1,1,1,1
633,grid_0633_n6_north_east_east_middle_h0_staggered_t14,1,1,5,766,2540,1,1,18,0,345,476,0,345,476,1,1,1,1,1,1
634,grid_0634_n6_north_east_east_middle_h0_staggered_t16,1,1,5,1010,3472,1,1,18,0,386,534,0,386,534,1,1,1,1,1,1
635,grid_0635_n6_north_east_east_middle_h0_staggered_t18,1,1,5,1263,4448,1,1,18,0,426,592,0,426,592,1,1,1,1,1,1
636,grid_0636_n6_north_east_east_middle_h1_open_t12,1,1,4,636,1984,1,1,18,0,279,398,0,279,398,1,1,1,1,1,1
637,grid_0637_n6_north_east_east_middle_h1_open_t14,1,1,4,916,3028,1,1,18,0,317,454,0,317,454,1,1,1,1,1,1
638,grid_0638_n6_north_east_east_middle_h1_open_t16,1,1,4,1202,4144,1,1,18,0,355,510,0,355,510,1,1,1,1,1,1
639,grid_0639_n6_north_east_east_middle_h1_open_t18,1,1,4,1488,5264,1,1,18,0,393,564,0,393,564,1,1,1,1,1,1
640,grid_0640_n6_north_east_east_middle_h1_gate_t12,1,1,4,321,1000,1,1,18,0,279,398,0,279,398,1,1,1,1,1,1
641,grid_0641_n6_north_east_east_middle_h1_gate_t14,1,1,4,481,1504,1,1,18,0,317,454,0,317,454,1,1,1,1,1,1
642,grid_0642_n6_north_east_east_middle_h1_gate_t16,1,1,4,703,2252,1,1,18,0,355,510,0,355,510,1,1,1,1,1,1
643,grid_0643_n6_north_east_east_middle_h1_gate_t18,1,1,4,948,3184,1,1,18,0,393,564,0,393,564,1,1,1,1,1,1
644,grid_0644_n6_north_east_east_middle_h1_staggered_t12,1,1,4,529,1672,1,1,18,0,279,398,0,279,398,1,1,1,1,1,1
645,grid_0645_n6_north_east_east_middle_h1_staggered_t14,1,1,4,761,2504,1,1,18,0,317,454,0,317,454,1,1,1,1,1,1
646,grid_0646_n6_north_east_east_middle_h1_staggered_t16,1,1,4,1010,3460,1,1,18,0,355,510,0,355,510,1,1,1,1,1,1
647,grid_0647_n6_north_east_east_middle_h1_staggered_t18,1,1,4,1264,4448,1,1,18,0,393,564,0,393,564,1,1,1,1,1,1
648,grid_0648_n6_north_east_east_middle_h2_open_t12,1,1,3,770,2472,1,1,18,0,92,219,0,92,219,1,1,1,1,1,1
649,grid_0649_n6_north_east_east_middle_h2_open_t14,1,1,3,1055,3568,1,1,18,0,94,235,0,94,235,1,1,1,1,1,1
650,grid_0650_n6_north_east_east_middle_h2_open_t16,1,1,3,1341,4688,1,1,18,0,96,250,0,96,250,1,1,1,1,1,1
651,grid_0651_n6_north_east_east_middle_h2_open_t18,1,1,3,1627,5808,1,1,18,0,98,264,0,98,264,1,1,1,1,1,1
652,grid_0652_n6_north_east_east_middle_h2_gate_t12,1,1,3,389,1212,1,1,18,0,92,219,0,92,219,1,1,1,1,1,1
653,grid_0653_n6_north_east_east_middle_h2_gate_t14,1,1,3,582,1828,1,1,18,0,94,235,0,94,235,1,1,1,1,1,1
654,grid_0654_n6_north_east_east_middle_h2_gate_t16,1,1,3,821,2692,1,1,18,0,96,250,0,96,250,1,1,1,1,1,1
655,grid_0655_n6_north_east_east_middle_h2_gate_t18,1,1,3,1067,3648,1,1,18,0,98,264,0,98,264,1,1,1,1,1,1
656,grid_0656_n6_north_east_east_middle_h2_staggered_t12,1,1,3,637,2048,1,1,18,0,92,219,0,92,219,1,1,1,1,1,1
657,grid_0657_n6_north_east_east_middle_h2_staggered_t14,1,1,3,880,2960,1,1,18,0,94,235,0,94,235,1,1,1,1,1,1
658,grid_0658_n6_north_east_east_middle_h2_staggered_t16,1,1,3,1133,3936,1,1,18,0,96,250,0,96,250,1,1,1,1,1,1
659,grid_0659_n6_north_east_east_middle_h2_staggered_t18,1,1,3,1387,4928,1,1,18,0,98,264,0,98,264,1,1,1,1,1,1
660,grid_0660_n6_north_east_east_middle_h3_open_t12,1,1,4,850,2772,1,1,18,0,300,391,0,300,391,1,1,1,1,1,1
661,grid_0661_n6_north_east_east_middle_h3_open_t14,1,1,4,1136,3888,1,1,18,0,344,445,0,344,445,1,1,1,1,1,1
662,grid_0662_n6_north_east_east_middle_h3_open_t16,1,1,4,1422,5008,1,1,18,0,386,501,0,386,501,1,1,1,1,1,1
663,grid_0663_n6_north_east_east_middle_h3_open_t18,1,1,4,1708,6128,1,1,18,0,428,557,0,428,557,1,1,1,1,1,1
664,grid_0664_n6_north_east_east_middle_h3_gate_t12,1,1,4,447,1376,1,1,18,0,312,379,0,312,379,1,1,1,1,1,1
665,grid_0665_n6_north_east_east_middle_h3_gate_t14,1,1,4,669,2124,1,1,18,0,356,433,0,356,433,1,1,1,1,1,1
666,grid_0666_n6_north_east_east_middle_h3_gate_t16,1,1,4,914,3056,1,1,18,0,398,489,0,398,489,1,1,1,1,1,1
667,grid_0667_n6_north_east_east_middle_h3_gate_t18,1,1,4,1160,4016,1,1,18,0,440,545,0,440,545,1,1,1,1,1,1
668,grid_0668_n6_north_east_east_middle_h3_staggered_t12,1,1,4,646,2104,1,1,18,0,300,391,0,300,391,1,1,1,1,1,1
669,grid_0669_n6_north_east_east_middle_h3_staggered_t14,1,1,4,883,2980,1,1,18,0,344,445,0,344,445,1,1,1,1,1,1
670,grid_0670_n6_north_east_east_middle_h3_staggered_t16,1,1,4,1132,3940,1,1,18,0,386,501,0,386,501,1,1,1,1,1,1
671,grid_0671_n6_north_east_east_middle_h3_staggered_t18,1,1,4,1386,4928,1,1,18,0,428,557,0,428,557,1,1,1,1,1,1
672,grid_0672_n6_north_east_south_middle_h0_open_t12,1,1,9,745,2408,1,1,18,0,283,549,0,283,549,1,1,1,1,1,1
673,grid_0673_n6_north_east_south_middle_h0_open_t14,1,1,9,1030,3504,1,1,18,0,318,630,0,318,630,1,1,1,1,1,1
674,grid_0674_n6_north_east_south_middle_h0_open_t16,1,1,9,1316,4624,1,1,18,0,352,709,0,352,709,1,1,1,1,1,1
675,grid_0675_n6_north_east_south_middle_h0_open_t18,1,1,9,1602,5744,1,1,18,0,386,787,0,386,787,1,1,1,1,1,1
676,grid_0676_n6_north_east_south_middle_h0_gate_t12,1,1,10,403,1308,1,1,18,0,297,555,0,297,555,1,1,1,1,1,1
677,grid_0677_n6_north_east_south_middle_h0_gate_t14,1,1,10,601,1956,1,1,18,0,336,646,0,336,646,1,1,1,1,1,1
678,grid_0678_n6_north_east_south_middle_h0_gate_t16,1,1,10,846,2852,1,1,18,0,374,737,0,374,737,1,1,1,1,1,1
679,grid_0679_n6_north_east_south_middle_h0_gate_t18,1,1,10,1098,3840,1,1,18,0,412,827,0,412,827,1,1,1,1,1,1
680,grid_0680_n6_north_east_south_middle_h0_staggered_t12,1,1,10,615,2004,1,1,18,0,297,557,0,297,557,1,1,1,1,1,1
681,grid_0681_n6_north_east_south_middle_h0_staggered_t14,1,1,10,853,2900,1,1,18,0,336,652,0,336,652,1,1,1,1,1,1
682,grid_0682_n6_north_east_south_middle_h0_staggered_t16,1,1,10,1102,3860,1,1,18,0,374,748,0,374,748,1,1,1,1,1,1
683,grid_0683_n6_north_east_south_middle_h0_staggered_t18,1,1,10,1356,4848,1,1,18,0,412,843,0,412,843,1,1,1,1,1,1
684,grid_0684_n6_north_east_south_middle_h1_open_t12,1,1,9,736,2392,1,1,18,0,288,539,0,288,539,1,1,1,1,1,1
685,grid_0685_n6_north_east_south_middle_h1_open_t14,1,1,9,1017,3460,1,1,18,0,320,617,0,320,617,1,1,1,1,1,1
686,grid_0686_n6_north_east_south_middle_h1_open_t16,1,1,9,1303,4576,1,1,18,0,352,692,0,352,692,1,1,1,1,1,1
687,grid_0687_n6_north_east_south_middle_h1_open_t18,1,1,9,1589,5696,1,1,18,0,384,764,0,384,764,1,1,1,1,1,1
688,grid_0688_n6_north_east_south_middle_h1_gate_t12,1,1,9,461,1472,1,1,18,0,302,541,0,302,541,1,1,1,1,1,1
689,grid_0689_n6_north_east_south_middle_h1_gate_t14,1,1,9,689,2252,1,1,18,0,340,631,0,340,631,1,1,1,1,1,1
690,grid_0690_n6_north_east_south_middle_h1_gate_t16,1,1,9,940,3216,1,1,18,0,378,721,0,378,721,1,1,1,1,1,1
691,grid_0691_n6_north_east_south_middle_h1_gate_t18,1,1,9,1192,4208,1,1,18,0,414,813,0,414,813,1,1,1,1,1,1
692,grid_0692_n6_north_east_south_middle_h1_staggered_t12,1,1,9,633,2068,1,1,18,0,307,540,0,307,540,1,1,1,1,1,1
693,grid_0693_n6_north_east_south_middle_h1_staggered_t14,1,1,9,872,2964,1,1,18,0,347,630,0,347,630,1,1,1,1,1,1
694,grid_0694_n6_north_east_south_middle_h1_staggered_t16,1,1,9,1125,3936,1,1,18,0,387,720,0,387,720,1,1,1,1,1,1
695,grid_0695_n6_north_east_south_middle_h1_staggered_t18,1,1,9,1379,4928,1,1,18,0,427,810,0,427,810,1,1,1,1,1,1
696,grid_0696_n6_north_east_south_middle_h2_open_t12,1,1,8,871,2900,1,1,18,0,211,601,0,211,601,1,1,1,1,1,1
697,grid_0697_n6_north_east_south_middle_h2_open_t14,1,1,8,1156,4000,1,1,18,0,233,688,0,233,688,1,1,1,1,1,1
698,grid_0698_n6_north_east_south_middle_h2_open_t16,1,1,8,1442,5120,1,1,18,0,255,774,0,255,774,1,1,1,1,1,1
699,grid_0699_n6_north_east_south_middle_h2_open_t18,1,1,8,1728,6240,1,1,18,0,277,857,0,277,857,1,1,1,1,1,1
700,grid_0700_n6_north_east_south_middle_h2_gate_t12,1,1,8,565,1812,1,1,18,0,223,617,0,223,617,1,1,1,1,1,1
701,grid_0701_n6_north_east_south_middle_h2_gate_t14,1,1,8,810,2708,1,1,18,0,247,723,0,247,723,1,1,1,1,1,1
702,grid_0702_n6_north_east_south_middle_h2_gate_t16,1,1,8,1062,3696,1,1,18,0,271,829,0,271,829,1,1,1,1,1,1
703,grid_0703_n6_north_east_south_middle_h2_gate_t18,1,1,8,1314,4688,1,1,18,0,295,932,0,295,932,1,1,1,1,1,1
704,grid_0704_n6_north_east_south_middle_h2_staggered_t12,1,1,8,746,2488,1,1,18,0,231,610,0,231,610,1,1,1,1,1,1
705,grid_0705_n6_north_east_south_middle_h2_staggered_t14,1,1,8,994,3428,1,1,18,0,259,712,0,259,712,1,1,1,1,1,1
706,grid_0706_n6_north_east_south_middle_h2_staggered_t16,1,1,8,1248,4416,1,1,18,0,287,814,0,287,814,1,1,1,1,1,1
707,grid_0707_n6_north_east_south_middle_h2_staggered_t18,1,1,8,1502,5408,1,1,18,0,315,914,0,315,914,1,1,1,1,1,1
708,grid_0708_n6_north_east_south_middle_h3_open_t12,1,1,8,883,2932,1,1,18,0,309,506,0,309,506,1,1,1,1,1,1
709,grid_0709_n6_north_east_south_middle_h3_open_t14,1,1,8,1169,4048,1,1,18,0,347,575,0,347,575,1,1,1,1,1,1
710,grid_0710_n6_north_east_south_middle_h3_open_t16,1,1,8,1455,5168,1,1,18,0,385,643,0,385,643,1,1,1,1,1,1
711,grid_0711_n6_north_east_south_middle_h3_open_t18,1,1,8,1741,6288,1,1,18,0,423,711,0,423,711,1,1,1,1,1,1
712,grid_0712_n6_north_east_south_middle_h3_gate_t12,1,1,9,489,1584,1,1,18,0,358,487,0,358,487,1,1,1,1,1,1
713,grid_0713_n6_north_east_south_middle_h3_gate_t14,1,1,9,717,2364,1,1,18,0,407,568,0,407,568,1,1,1,1,1,1
714,grid_0714_n6_north_east_south_middle_h3_gate_t16,1,1,9,968,3328,1,1,18,0,455,650,0,455,650,1,1,1,1,1,1
715,grid_0715_n6_north_east_south_middle_h3_gate_t18,1,1,9,1220,4320,1,1,18,0,503,731,0,503,731,1,1,1,1,1,1
716,grid_0716_n6_north_east_south_middle_h3_staggered_t12,1,1,9,728,2424,1,1,18,0,336,512,0,336,512,1,1,1,1,1,1
717,grid_0717_n6_north_east_south_middle_h3_staggered_t14,1,1,9,972,3360,1,1,18,0,382,597,0,382,597,1,1,1,1,1,1
718,grid_0718_n6_north_east_south_middle_h3_staggered_t16,1,1,9,1225,4336,1,1,18,0,428,681,0,428,681,1,1,1,1,1,1
719,grid_0719_n6_north_east_south_middle_h3_staggered_t18,1,1,9,1479,5328,1,1,18,0,474,765,0,474,765,1,1,1,1,1,1
720,grid_0720_n6_south_west_south_east_h0_open_t12,1,1,6,875,2900,1,1,18,0,304,436,0,304,436,1,1,1,1,1,1
721,grid_0721_n6_south_west_south_east_h0_open_t14,1,1,6,1159,4016,1,1,18,0,348,494,0,348,494,1,1,1,1,1,1
722,grid_0722_n6_south_west_south_east_h0_open_t16,1,1,6,1443,5136,1,1,18,0,390,553,0,390,553,1,1,1,1,1,1
723,grid_0723_n6_south_west_south_east_h0_open_t18,1,1,6,1727,6256,1,1,18,0,432,611,0,432,611,1,1,1,1,1,1
724,grid_0724_n6_south_west_south_east_h0_gate_t12,1,1,11,692,2296,1,1,18,0,304,560,0,304,560,1,1,1,1,1,1
725,grid_0725_n6_south_west_south_east_h0_gate_t14,1,1,11,935,3232,1,1,18,0,348,660,0,348,660,1,1,1,1,1,1
726,grid_0726_n6_south_west_south_east_h0_gate_t16,1,1,11,1179,4192,1,1,18,0,390,762,0,390,762,1,1,1,1,1,1
727,grid_0727_n6_south_west_south_east_h0_gate_t18,1,1,11,1423,5152,1,1,18,0,432,864,0,432,864,1,1,1,1,1,1
728,grid_0728_n6_south_west_south_east_h0_staggered_t12,1,1,6,749,2472,1,1,18,0,304,436,0,304,436,1,1,1,1,1,1
729,grid_0729_n6_south_west_south_east_h0_staggered_t14,1,1,6,1001,3456,1,1,18,0,348,494,0,348,494,1,1,1,1,1,1
730,grid_0730_n6_south_west_south_east_h0_staggered_t16,1,1,6,1253,4448,1,1,18,0,390,553,0,390,553,1,1,1,1,1,1
731,grid_0731_n6_south_west_south_east_h0_staggered_t18,1,1,6,1505,5440,1,1,18,0,432,611,0,432,611,1,1,1,1,1,1
732,grid_0732_n6_south_west_south_east_h1_open_t12,1,1,5,852,2820,1,1,18,0,119,329,0,119,329,1,1,1,1,1,1
733,grid_0733_n6_south_west_south_east_h1_open_t14,1,1,5,1135,3920,1,1,18,0,121,347,0,121,347,1,1,1,1,1,1
734,grid_0734_n6_south_west_south_east_h1_open_t16,1,1,5,1419,5040,1,1,18,0,123,365,0,123,365,1,1,1,1,1,1
735,grid_0735_n6_south_west_south_east_h1_open_t18,1,1,5,1703,6160,1,1,18,0,125,383,0,125,383,1,1,1,1,1,1
736,grid_0736_n6_south_west_south_east_h1_gate_t12,1,1,12,635,2112,1,1,18,0,232,632,0,232,632,1,1,1,1,1,1
737,grid_0737_n6_south_west_south_east_h1_gate_t14,1,1,12,873,2996,1,1,18,0,264,744,0,264,744,1,1,1,1,1,1
738,grid_0738_n6_south_west_south_east_h1_gate_t16,1,1,12,1117,3952,1,1,18,0,296,856,0,296,856,1,1,1,1,1,1
739,grid_0739_n6_south_west_south_east_h1_gate_t18,1,1,12,1361,4912,1,1,18,0,328,968,0,328,968,1,1,1,1,1,1
740,grid_0740_n6_south_west_south_east_h1_staggered_t12,1,1,5,691,2268,1,1,18,0,119,329,0,119,329,1,1,1,1,1,1
741,grid_0741_n6_south_west_south_east_h1_staggered_t14,1,1,5,941,3216,1,1,18,0,121,347,0,121,347,1,1,1,1,1,1
742,grid_0742_n6_south_west_south_east_h1_staggered_t16,1,1,5,1193,4208,1,1,18,0,123,365,0,123,365,1,1,1,1,1,1
743,grid_0743_n6_south_west_south_east_h1_staggered_t18,1,1,5,1445,5200,1,1,18,0,125,383,0,125,383,1,1,1,1,1,1
744,grid_0744_n6_south_west_south_east_h2_open_t12,1,1,6,718,2312,1,1,18,0,291,447,0,291,447,1,1,1,1,1,1
745,grid_0745_n6_south_west_south_east_h2_open_t14,1,1,6,997,3380,1,1,18,0,331,507,0,331,507,1,1,1,1,1,1
746,grid_0746_n6_south_west_south_east_h2_open_t16,1,1,6,1281,4496,1,1,18,0,371,565,0,371,565,1,1,1,1,1,1
747,grid_0747_n6_south_west_south_east_h2_open_t18,1,1,6,1565,5616,1,1,18,0,409,625,0,409,625,1,1,1,1,1,1
748,grid_0748_n6_south_west_south_east_h2_gate_t12,1,0,,532,1752,1,0,0,,,,,,,,,,,,
749,grid_0749_n6_south_west_south_east_h2_gate_t14,1,1,13,756,2552,1,1,18,0,331,677,0,331,677,1,1,1,1,1,1
750,grid_0750_n6_south_west_south_east_h2_gate_t16,1,1,13,999,3488,1,1,18,0,371,781,0,371,781,1,1,1,1,1,1
751,grid_0751_n6_south_west_south_east_h2_gate_t18,1,1,13,1243,4448,1,1,18,0,409,887,0,409,887,1,1,1,1,1,1
752,grid_0752_n6_south_west_south_east_h2_staggered_t12,1,1,6,578,1864,1,1,18,0,291,447,0,291,447,1,1,1,1,1,1
753,grid_0753_n6_south_west_south_east_h2_staggered_t14,1,1,6,819,2744,1,1,18,0,331,507,0,331,507,1,1,1,1,1,1
754,grid_0754_n6_south_west_south_east_h2_staggered_t16,1,1,6,1071,3728,1,1,18,0,371,565,0,371,565,1,1,1,1,1,1
755,grid_0755_n6_south_west_south_east_h2_staggered_t18,1,1,6,1323,4720,1,1,18,0,409,625,0,409,625,1,1,1,1,1,1
756,grid_0756_n6_south_west_south_east_h3_open_t12,1,1,7,738,2376,1,1,18,0,302,455,0,302,455,1,1,1,1,1,1
757,grid_0757_n6_south_west_south_east_h3_open_t14,1,1,7,1021,3472,1,1,18,0,344,513,0,344,513,1,1,1,1,1,1
758,grid_0758_n6_south_west_south_east_h3_open_t16,1,1,7,1305,4592,1,1,18,0,385,572,0,385,572,1,1,1,1,1,1
759,grid_0759_n6_south_west_south_east_h3_open_t18,1,1,7,1589,5712,1,1,18,0,425,632,0,425,632,1,1,1,1,1,1
760,grid_0760_n6_south_west_south_east_h3_gate_t12,1,1,12,579,1888,1,1,18,0,302,562,0,302,562,1,1,1,1,1,1
761,grid_0761_n6_south_west_south_east_h3_gate_t14,1,1,12,817,2772,1,1,18,0,344,664,0,344,664,1,1,1,1,1,1
762,grid_0762_n6_south_west_south_east_h3_gate_t16,1,1,12,1061,3728,1,1,18,0,385,767,0,385,767,1,1,1,1,1,1
763,grid_0763_n6_south_west_south_east_h3_gate_t18,1,1,12,1305,4688,1,1,18,0,425,871,0,425,871,1,1,1,1,1,1
764,grid_0764_n6_south_west_south_east_h3_staggered_t12,1,1,7,629,2028,1,1,18,0,302,455,0,302,455,1,1,1,1,1,1
765,grid_0765_n6_south_west_south_east_h3_staggered_t14,1,1,7,879,2976,1,1,18,0,344,513,0,344,513,1,1,1,1,1,1
766,grid_0766_n6_south_west_south_east_h3_staggered_t16,1,1,7,1131,3968,1,1,18,0,385,572,0,385,572,1,1,1,1,1,1
767,grid_0767_n6_south_west_south_east_h3_staggered_t18,1,1,7,1383,4960,1,1,18,0,425,632,0,425,632,1,1,1,1,1,1
768,grid_0768_n6_south_west_east_middle_h0_open_t12,1,1,8,883,2932,1,1,18,0,315,500,0,315,500,1,1,1,1,1,1
769,grid_0769_n6_south_west_east_middle_h0_open_t14,1,1,8,1169,4048,1,1,18,0,357,574,0,357,574,1,1,1,1,1,1
770,grid_0770_n6_south_west_east_middle_h0_open_t16,1,1,8,1455,5168,1,1,18,0,399,643,0,399,643,1,1,1,1,1,1
771,grid_0771_n6_south_west_east_middle_h0_open_t18,1,1,8,1741,6288,1,1,18,0,440,710,0,440,710,1,1,1,1,1,1
772,grid_0772_n6_south_west_east_middle_h0_gate_t12,1,1,8,667,2220,1,1,18,0,315,518,0,315,518,1,1,1,1,1,1
773,grid_0773_n6_south_west_east_middle_h0_gate_t14,1,1,8,907,3108,1,1,18,0,357,604,0,357,604,1,1,1,1,1,1
774,grid_0774_n6_south_west_east_middle_h0_gate_t16,1,1,8,1153,4064,1,1,18,0,399,685,0,399,685,1,1,1,1,1,1
775,grid_0775_n6_south_west_east_middle_h0_gate_t18,1,1,8,1399,5024,1,1,18,0,440,766,0,440,766,1,1,1,1,1,1
776,grid_0776_n6_south_west_east_middle_h0_staggered_t12,1,1,8,767,2536,1,1,18,0,315,503,0,315,503,1,1,1,1,1,1
777,grid_0777_n6_south_west_east_middle_h0_staggered_t14,1,1,8,1021,3520,1,1,18,0,357,579,0,357,579,1,1,1,1,1,1
778,grid_0778_n6_south_west_east_middle_h0_staggered_t16,1,1,8,1275,4512,1,1,18,0,399,650,0,399,650,1,1,1,1,1,1
779,grid_0779_n6_south_west_east_middle_h0_staggered_t18,1,1,8,1529,5504,1,1,18,0,440,719,0,440,719,1,1,1,1,1,1
780,grid_0780_n6_south_west_east_middle_h1_open_t12,1,1,8,871,2900,1,1,18,0,226,592,0,226,592,1,1,1,1,1,1
781,grid_0781_n6_south_west_east_middle_h1_open_t14,1,1,8,1156,4000,1,1,18,0,252,676,0,252,676,1,1,1,1,1,1
782,grid_0782_n6_south_west_east_middle_h1_open_t16,1,1,8,1442,5120,1,1,18,0,278,756,0,278,756,1,1,1,1,1,1
783,grid_0783_n6_south_west_east_middle_h1_open_t18,1,1,8,1728,6240,1,1,18,0,304,836,0,304,836,1,1,1,1,1,1
784,grid_0784_n6_south_west_east_middle_h1_gate_t12,1,1,9,619,2072,1,1,18,0,262,580,0,262,580,1,1,1,1,1,1
785,grid_0785_n6_south_west_east_middle_h1_gate_t14,1,1,9,845,2888,1,1,18,0,296,667,0,296,667,1,1,1,1,1,1
786,grid_0786_n6_south_west_east_middle_h1_gate_t16,1,1,9,1090,3824,1,1,18,0,330,753,0,330,753,1,1,1,1,1,1
787,grid_0787_n6_south_west_east_middle_h1_gate_t18,1,1,9,1336,4784,1,1,18,0,364,839,0,364,839,1,1,1,1,1,1
788,grid_0788_n6_south_west_east_middle_h1_staggered_t12,1,1,8,724,2392,1,1,18,0,226,597,0,226,597,1,1,1,1,1,1
789,grid_0789_n6_south_west_east_middle_h1_staggered_t14,1,1,8,976,3344,1,1,18,0,252,685,0,252,685,1,1,1,1,1,1
790,grid_0790_n6_south_west_east_middle_h1_staggered_t16,1,1,8,1230,4336,1,1,18,0,278,771,0,278,771,1,1,1,1,1,1
791,grid_0791_n6_south_west_east_middle_h1_staggered_t18,1,1,8,1484,5328,1,1,18,0,304,857,0,304,857,1,1,1,1,1,1
792,grid_0792_n6_south_west_east_middle_h2_open_t12,1,1,9,736,2392,1,1,18,0,290,537,0,290,537,1,1,1,1,1,1
793,grid_0793_n6_south_west_east_middle_h2_open_t14,1,1,9,1017,3460,1,1,18,0,325,611,0,325,611,1,1,1,1,1,1
794,grid_0794_n6_south_west_east_middle_h2_open_t16,1,1,9,1303,4576,1,1,18,0,359,684,0,359,684,1,1,1,1,1,1
795,grid_0795_n6_south_west_east_middle_h2_open_t18,1,1,9,1589,5696,1,1,18,0,393,756,0,393,756,1,1,1,1,1,1
796,grid_0796_n6_south_west_east_middle_h2_gate_t12,1,1,10,525,1736,1,1,18,0,290,556,0,290,556,1,1,1,1,1,1
797,grid_0797_n6_south_west_east_middle_h2_gate_t14,1,1,10,731,2476,1,1,18,0,325,644,0,325,644,1,1,1,1,1,1
798,grid_0798_n6_south_west_east_middle_h2_gate_t16,1,1,10,971,3364,1,1,18,0,359,732,0,359,732,1,1,1,1,1,1
799,grid_0799_n6_south_west_east_middle_h2_gate_t18,1,1,10,1217,4320,1,1,18,0,393,820,0,393,820,1,1,1,1,1,1
800,grid_0800_n6_south_west_east_middle_h2_staggered_t12,1,1,9,609,1976,1,1,18,0,290,540,0,290,540,1,1,1,1,1,1
801,grid_0801_n6_south_west_east_middle_h2_staggered_t14,1,1,9,853,2872,1,1,18,0,325,617,0,325,617,1,1,1,1,1,1
802,grid_0802_n6_south_west_east_middle_h2_staggered_t16,1,1,9,1107,3856,1,1,18,0,359,694,0,359,694,1,1,1,1,1,1
803,grid_0803_n6_south_west_east_middle_h2_staggered_t18,1,1,9,1361,4848,1,1,18,0,393,770,0,393,770,1,1,1,1,1,1
804,grid_0804_n6_south_west_east_middle_h3_open_t12,1,1,9,745,2408,1,1,18,0,283,542,0,283,542,1,1,1,1,1,1
805,grid_0805_n6_south_west_east_middle_h3_open_t14,1,1,9,1030,3504,1,1,18,0,317,619,0,317,619,1,1,1,1,1,1
806,grid_0806_n6_south_west_east_middle_h3_open_t16,1,1,9,1316,4624,1,1,18,0,351,694,0,351,694,1,1,1,1,1,1
807,grid_0807_n6_south_west_east_middle_h3_open_t18,1,1,9,1602,5744,1,1,18,0,384,769,0,384,769,1,1,1,1,1,1
808,grid_0808_n6_south_west_east_middle_h3_gate_t12,1,1,9,563,1848,1,1,18,0,283,554,0,283,554,1,1,1,1,1,1
809,grid_0809_n6_south_west_east_middle_h3_gate_t14,1,1,9,789,2664,1,1,18,0,317,644,0,317,644,1,1,1,1,1,1
810,grid_0810_n6_south_west_east_middle_h3_gate_t16,1,1,9,1034,3600,1,1,18,0,351,733,0,351,733,1,1,1,1,1,1
811,grid_0811_n6_south_west_east_middle_h3_gate_t18,1,1,9,1280,4560,1,1,18,0,384,822,0,384,822,1,1,1,1,1,1
812,grid_0812_n6_south_west_east_middle_h3_staggered_t12,1,1,9,646,2088,1,1,18,0,283,544,0,283,544,1,1,1,1,1,1
813,grid_0813_n6_south_west_east_middle_h3_staggered_t14,1,1,9,898,3040,1,1,18,0,317,624,0,317,624,1,1,1,1,1,1
814,grid_0814_n6_south_west_east_middle_h3_staggered_t16,1,1,9,1152,4032,1,1,18,0,351,702,0,351,702,1,1,1,1,1,1
815,grid_0815_n6_south_west_east_middle_h3_staggered_t18,1,1,9,1406,5024,1,1,18,0,384,779,0,384,779,1,1,1,1,1,1
816,grid_0816_n6_south_west_south_middle_h0_open_t12,1,1,4,850,2772,1,1,18,0,304,389,0,304,389,1,1,1,1,1,1
817,grid_0817_n6_south_west_south_middle_h0_open_t14,1,1,4,1136,3888,1,1,18,0,348,444,0,348,444,1,1,1,1,1,1
818,grid_0818_n6_south_west_south_middle_h0_open_t16,1,1,4,1422,5008,1,1,18,0,390,500,0,390,500,1,1,1,1,1,1
819,grid_0819_n6_south_west_south_middle_h0_open_t18,1,1,4,1708,6128,1,1,18,0,432,556,0,432,556,1,1,1,1,1,1
820,grid_0820_n6_south_west_south_middle_h0_gate_t12,1,1,4,703,2300,1,1,18,0,304,389,0,304,389,1,1,1,1,1,1
821,grid_0821_n6_south_west_south_middle_h0_gate_t14,1,1,4,954,3264,1,1,18,0,348,444,0,348,444,1,1,1,1,1,1
822,grid_0822_n6_south_west_south_middle_h0_gate_t16,1,1,4,1206,4256,1,1,18,0,390,500,0,390,500,1,1,1,1,1,1
823,grid_0823_n6_south_west_south_middle_h0_gate_t18,1,1,4,1458,5248,1,1,18,0,432,556,0,432,556,1,1,1,1,1,1
824,grid_0824_n6_south_west_south_middle_h0_staggered_t12,1,1,4,689,2236,1,1,18,0,304,389,0,304,389,1,1,1,1,1,1
825,grid_0825_n6_south_west_south_middle_h0_staggered_t14,1,1,4,938,3188,1,1,18,0,348,444,0,348,444,1,1,1,1,1,1
826,grid_0826_n6_south_west_south_middle_h0_staggered_t16,1,1,4,1192,4176,1,1,18,0,390,500,0,390,500,1,1,1,1,1,1
827,grid_0827_n6_south_west_south_middle_h0_staggered_t18,1,1,4,1446,5168,1,1,18,0,432,556,0,432,556,1,1,1,1,1,1
828,grid_0828_n6_south_west_south_middle_h1_open_t12,1,1,3,770,2472,1,1,18,0,98,202,0,98,202,1,1,1,1,1,1
829,grid_0829_n6_south_west_south_middle_h1_open_t14,1,1,3,1055,3568,1,1,18,0,100,214,0,100,214,1,1,1,1,1,1
830,grid_0830_n6_south_west_south_middle_h1_open_t16,1,1,3,1341,4688,1,1,18,0,102,226,0,102,226,1,1,1,1,1,1
831,grid_0831_n6_south_west_south_middle_h1_open_t18,1,1,3,1627,5808,1,1,18,0,104,238,0,104,238,1,1,1,1,1,1
832,grid_0832_n6_south_west_south_middle_h1_gate_t12,1,1,3,645,2112,1,1,18,0,98,202,0,98,202,1,1,1,1,1,1
833,grid_0833_n6_south_west_south_middle_h1_gate_t14,1,1,3,890,3012,1,1,18,0,100,214,0,100,214,1,1,1,1,1,1
834,grid_0834_n6_south_west_south_middle_h1_gate_t16,1,1,3,1142,4000,1,1,18,0,102,226,0,102,226,1,1,1,1,1,1
835,grid_0835_n6_south_west_south_middle_h1_gate_t18,1,1,3,1394,4992,1,1,18,0,104,238,0,104,238,1,1,1,1,1,1
836,grid_0836_n6_south_west_south_middle_h1_staggered_t12,1,1,3,604,1932,1,1,18,0,98,202,0,98,202,1,1,1,1,1,1
837,grid_0837_n6_south_west_south_middle_h1_staggered_t14,1,1,3,846,2832,1,1,18,0,100,214,0,100,214,1,1,1,1,1,1
838,grid_0838_n6_south_west_south_middle_h1_staggered_t16,1,1,3,1099,3808,1,1,18,0,102,226,0,102,226,1,1,1,1,1,1
839,grid_0839_n6_south_west_south_middle_h1_staggered_t18,1,1,3,1353,4800,1,1,18,0,104,238,0,104,238,1,1,1,1,1,1
840,grid_0840_n6_south_west_south_middle_h2_open_t12,1,1,4,636,1984,1,1,18,0,291,397,0,291,397,1,1,1,1,1,1
841,grid_0841_n6_south_west_south_middle_h2_open_t14,1,1,4,916,3028,1,1,18,0,331,453,0,331,453,1,1,1,1,1,1
842,grid_0842_n6_south_west_south_middle_h2_open_t16,1,1,4,1202,4144,1,1,18,0,371,509,0,371,509,1,1,1,1,1,1
843,grid_0843_n6_south_west_south_middle_h2_open_t18,1,1,4,1488,5264,1,1,18,0,409,567,0,409,567,1,1,1,1,1,1
844,grid_0844_n6_south_west_south_middle_h2_gate_t12,1,1,4,541,1752,1,1,18,0,291,397,0,291,397,1,1,1,1,1,1
845,grid_0845_n6_south_west_south_middle_h2_gate_t14,1,1,4,769,2556,1,1,18,0,331,453,0,331,453,1,1,1,1,1,1
846,grid_0846_n6_south_west_south_middle_h2_gate_t16,1,1,4,1020,3520,1,1,18,0,371,509,0,371,509,1,1,1,1,1,1
847,grid_0847_n6_south_west_south_middle_h2_gate_t18,1,1,4,1272,4512,1,1,18,0,409,567,0,409,567,1,1,1,1,1,1
848,grid_0848_n6_south_west_south_middle_h2_staggered_t12,1,1,4,498,1560,1,1,18,0,291,397,0,291,397,1,1,1,1,1,1
849,grid_0849_n6_south_west_south_middle_h2_staggered_t14,1,1,4,727,2380,1,1,18,0,331,453,0,331,453,1,1,1,1,1,1
850,grid_0850_n6_south_west_south_middle_h2_staggered_t16,1,1,4,976,3332,1,1,18,0,371,509,0,371,509,1,1,1,1,1,1
851,grid_0851_n6_south_west_south_middle_h2_staggered_t18,1,1,4,1230,4320,1,1,18,0,409,567,0,409,567,1,1,1,1,1,1
852,grid_0852_n6_south_west_south_middle_h3_open_t12,1,1,5,712,2248,1,1,18,0,302,408,0,302,408,1,1,1,1,1,1
853,grid_0853_n6_south_west_south_middle_h3_open_t14,1,1,5,997,3344,1,1,18,0,344,464,0,344,464,1,1,1,1,1,1
854,grid_0854_n6_south_west_south_middle_h3_open_t16,1,1,5,1283,4464,1,1,18,0,385,518,0,385,518,1,1,1,1,1,1
855,grid_0855_n6_south_west_south_middle_h3_open_t18,1,1,5,1569,5584,1,1,18,0,425,571,0,425,571,1,1,1,1,1,1
856,grid_0856_n6_south_west_south_middle_h3_gate_t12,1,1,5,587,1888,1,1,18,0,302,408,0,302,408,1,1,1,1,1,1
857,grid_0857_n6_south_west_south_middle_h3_gate_t14,1,1,5,832,2788,1,1,18,0,344,464,0,344,464,1,1,1,1,1,1
858,grid_0858_n6_south_west_south_middle_h3_gate_t16,1,1,5,1084,3776,1,1,18,0,385,518,0,385,518,1,1,1,1,1,1
859,grid_0859_n6_south_west_south_middle_h3_gate_t18,1,1,5,1336,4768,1,1,18,0,425,571,0,425,571,1,1,1,1,1,1
860,grid_0860_n6_south_west_south_middle_h3_staggered_t12,1,1,5,574,1820,1,1,18,0,302,408,0,302,408,1,1,1,1,1,1
861,grid_0861_n6_south_west_south_middle_h3_staggered_t14,1,1,5,816,2720,1,1,18,0,344,464,0,344,464,1,1,1,1,1,1
862,grid_0862_n6_south_west_south_middle_h3_staggered_t16,1,1,5,1069,3696,1,1,18,0,385,518,0,385,518,1,1,1,1,1,1
863,grid_0863_n6_south_west_south_middle_h3_staggered_t18,1,1,5,1323,4688,1,1,18,0,425,571,0,425,571,1,1,1,1,1,1
864,grid_0864_n7_north_west_south_east_h0_open_t12,1,0,,835,2656,1,0,0,,,,,,,,,,,,
865,grid_0865_n7_north_west_south_east_h0_open_t14,1,1,14,1209,4072,1,1,18,0,475,533,0,475,533,1,1,1,1,1,1
866,grid_0866_n7_north_west_south_east_h0_open_t16,1,1,14,1597,5600,1,1,18,0,519,606,0,519,606,1,1,1,1,1,1
867,grid_0867_n7_north_west_south_east_h0_open_t18,1,1,14,1985,7136,1,1,18,0,563,669,0,563,669,1,1,1,1,1,1
868,grid_0868_n7_north_west_south_east_h0_gate_t12,1,0,,547,1796,1,0,0,,,,,,,,,,,,
869,grid_0869_n7_north_west_south_east_h0_gate_t14,1,0,,782,2624,1,0,0,,,,,,,,,,,,
870,grid_0870_n7_north_west_south_east_h0_gate_t16,1,1,16,1090,3712,1,1,18,0,540,612,0,540,612,1,1,1,1,1,1
871,grid_0871_n7_north_west_south_east_h0_gate_t18,1,1,16,1429,5024,1,1,18,0,590,706,0,590,706,1,1,1,1,1,1
872,grid_0872_n7_north_west_south_east_h0_staggered_t12,1,0,,688,2188,1,0,0,,,,,,,,,,,,
873,grid_0873_n7_north_west_south_east_h0_staggered_t14,1,1,14,1007,3368,1,1,18,0,484,524,0,484,524,1,1,1,1,1,1
874,grid_0874_n7_north_west_south_east_h0_staggered_t16,1,1,14,1353,4704,1,1,18,0,530,595,0,530,595,1,1,1,1,1,1
875,grid_0875_n7_north_west_south_east_h0_staggered_t18,1,1,14,1701,6080,1,1,18,0,574,658,0,574,658,1,1,1,1,1,1
876,grid_0876_n7_north_west_south_east_h1_open_t12,1,0,,1014,3324,1,0,0,,,,,,,,,,,,
877,grid_0877_n7_north_west_south_east_h1_open_t14,1,1,13,1399,4816,1,1,18,0,434,565,0,434,565,1,1,1,1,1,1
878,grid_0878_n7_north_west_south_east_h1_open_t16,1,1,13,1787,6352,1,1,18,0,480,627,0,480,627,1,1,1,1,1,1
879,grid_0879_n7_north_west_south_east_h1_open_t18,1,1,13,2175,7888,1,1,18,0,526,689,0,526,689,1,1,1,1,1,1
880,grid_0880_n7_north_west_south_east_h1_gate_t12,1,0,,652,2172,1,0,0,,,,,,,,,,,,
881,grid_0881_n7_north_west_south_east_h1_gate_t14,1,0,,924,3112,1,0,0,,,,,,,,,,,,
882,grid_0882_n7_north_west_south_east_h1_gate_t16,1,1,15,1255,4340,1,1,18,0,525,627,0,525,627,1,1,1,1,1,1
883,grid_0883_n7_north_west_south_east_h1_gate_t18,1,1,15,1595,5680,1,1,18,0,579,717,0,579,717,1,1,1,1,1,1
884,grid_0884_n7_north_west_south_east_h1_staggered_t12,1,0,,838,2736,1,0,0,,,,,,,,,,,,
885,grid_0885_n7_north_west_south_east_h1_staggered_t14,1,1,13,1175,4008,1,1,18,0,449,550,0,449,550,1,1,1,1,1,1
886,grid_0886_n7_north_west_south_east_h1_staggered_t16,1,1,13,1523,5376,1,1,18,0,497,610,0,497,610,1,1,1,1,1,1
887,grid_0887_n7_north_west_south_east_h1_staggered_t18,1,1,13,1871,6752,1,1,18,0,545,670,0,545,670,1,1,1,1,1,1
888,grid_0888_n7_north_west_south_east_h2_open_t12,1,0,,1014,3324,1,0,0,,,,,,,,,,,,
889,grid_0889_n7_north_west_south_east_h2_open_t14,1,1,13,1399,4816,1,1,18,0,426,573,0,426,573,1,1,1,1,1,1
890,grid_0890_n7_north_west_south_east_h2_open_t16,1,1,13,1787,6352,1,1,18,0,469,638,0,469,638,1,1,1,1,1,1
891,grid_0891_n7_north_west_south_east_h2_open_t18,1,1,13,2175,7888,1,1,18,0,510,704,0,510,704,1,1,1,1,1,1
892,grid_0892_n7_north_west_south_east_h2_gate_t12,1,0,,710,2336,1,0,0,,,,,,,,,,,,
893,grid_0893_n7_north_west_south_east_h2_gate_t14,1,1,14,1018,3424,1,1,18,0,441,567,0,441,567,1,1,1,1,1,1
894,grid_0894_n7_north_west_south_east_h2_gate_t16,1,1,14,1357,4736,1,1,18,0,490,662,0,490,662,1,1,1,1,1,1
895,grid_0895_n7_north_west_south_east_h2_gate_t18,1,1,14,1697,6080,1,1,18,0,537,759,0,537,759,1,1,1,1,1,1
896,grid_0896_n7_north_west_south_east_h2_staggered_t12,1,0,,886,2904,1,0,0,,,,,,,,,,,,
897,grid_0897_n7_north_west_south_east_h2_staggered_t14,1,1,13,1227,4212,1,1,18,0,440,559,0,440,559,1,1,1,1,1,1
898,grid_0898_n7_north_west_south_east_h2_staggered_t16,1,1,13,1575,5584,1,1,18,0,487,620,0,487,620,1,1,1,1,1,1
899,grid_0899_n7_north_west_south_east_h2_staggered_t18,1,1,13,1923,6960,1,1,18,0,532,682,0,532,682,1,1,1,1,1,1
900,grid_0900_n7_north_west_south_east_h3_open_t12,1,0,,835,2656,1,0,0,,,,,,,,,,,,
901,grid_0901_n7_north_west_south_east_h3_open_t14,1,1,14,1209,4072,1,1,18,0,455,553,0,455,553,1,1,1,1,1,1
902,grid_0902_n7_north_west_south_east_h3_open_t16,1,1,14,1597,5600,1,1,18,0,497,628,0,497,628,1,1,1,1,1,1
903,grid_0903_n7_north_west_south_east_h3_open_t18,1,1,14,1985,7136,1,1,18,0,539,692,0,539,692,1,1,1,1,1,1
904,grid_0904_n7_north_west_south_east_h3_gate_t12,1,0,,588,1916,1,0,0,,,,,,,,,,,,
905,grid_0905_n7_north_west_south_east_h3_gate_t14,1,0,,860,2856,1,0,0,,,,,,,,,,,,
906,grid_0906_n7_north_west_south_east_h3_gate_t16,1,1,15,1191,4084,1,1,18,0,515,637,0,515,637,1,1,1,1,1,1
907,grid_0907_n7_north_west_south_east_h3_gate_t18,1,1,15,1531,5424,1,1,18,0,563,733,0,563,733,1,1,1,1,1,1
908,grid_0908_n7_north_west_south_east_h3_staggered_t12,1,0,,730,2320,1,0,0,,,,,,,,,,,,
909,grid_0909_n7_north_west_south_east_h3_staggered_t14,1,1,14,1058,3560,1,1,18,0,466,542,0,466,542,1,1,1,1,1,1
910,grid_0910_n7_north_west_south_east_h3_staggered_t16,1,1,14,1405,4912,1,1,18,0,512,613,0,512,613,1,1,1,1,1,1
911,grid_0911_n7_north_west_south_east_h3_staggered_t18,1,1,14,1753,6288,1,1,18,0,558,674,0,558,674,1,1,1,1,1,1
912,grid_0912_n7_north_west_east_middle_h0_open_t12,1,1,11,833,2652,1,1,18,0,420,435,0,420,435,1,1,1,1,1,1
913,grid_0913_n7_north_west_east_middle_h0_open_t14,1,1,11,1196,4024,1,1,18,0,468,498,0,468,498,1,1,1,1,1,1
914,grid_0914_n7_north_west_east_middle_h0_open_t16,1,1,11,1581,5508,1,1,18,0,516,554,0,516,554,1,1,1,1,1,1
915,grid_0915_n7_north_west_east_middle_h0_open_t18,1,1,11,1971,7040,1,1,18,0,564,608,0,564,608,1,1,1,1,1,1
916,grid_0916_n7_north_west_east_middle_h0_gate_t12,1,1,12,547,1796,1,1,18,0,429,435,0,429,435,1,1,1,1,1,1
917,grid_0917_n7_north_west_east_middle_h0_gate_t14,1,1,12,775,2608,1,1,18,0,483,510,0,483,510,1,1,1,1,1,1
918,grid_0918_n7_north_west_east_middle_h0_gate_t16,1,1,12,1063,3632,1,1,18,0,537,580,0,537,580,1,1,1,1,1,1
919,grid_0919_n7_north_west_east_middle_h0_gate_t18,1,1,12,1395,4872,1,1,18,0,591,650,0,591,650,1,1,1,1,1,1
920,grid_0920_n7_north_west_east_middle_h0_staggered_t12,1,1,11,686,2184,1,1,18,0,427,428,0,427,428,1,1,1,1,1,1
921,grid_0921_n7_north_west_east_middle_h0_staggered_t14,1,1,11,993,3320,1,1,18,0,477,489,0,477,489,1,1,1,1,1,1
922,grid_0922_n7_north_west_east_middle_h0_staggered_t16,1,1,11,1333,4600,1,1,18,0,527,543,0,527,543,1,1,1,1,1,1
923,grid_0923_n7_north_west_east_middle_h0_staggered_t18,1,1,11,1683,5968,1,1,18,0,575,599,0,575,599,1,1,1,1,1,1
924,grid_0924_n7_north_west_east_middle_h1_open_t12,1,1,10,1007,3304,1,1,18,0,385,455,0,385,455,1,1,1,1,1,1
925,grid_0925_n7_north_west_east_middle_h1_open_t14,1,1,10,1383,4740,1,1,18,0,433,521,0,433,521,1,1,1,1,1,1
926,grid_0926_n7_north_west_east_middle_h1_open_t16,1,1,10,1772,6256,1,1,18,0,481,584,0,481,584,1,1,1,1,1,1
927,grid_0927_n7_north_west_east_middle_h1_open_t18,1,1,10,2162,7792,1,1,18,0,529,646,0,529,646,1,1,1,1,1,1
928,grid_0928_n7_north_west_east_middle_h1_gate_t12,1,1,11,650,2168,1,1,18,0,414,444,0,414,444,1,1,1,1,1,1
929,grid_0929_n7_north_west_east_middle_h1_gate_t14,1,1,11,908,3072,1,1,18,0,470,520,0,470,520,1,1,1,1,1,1
930,grid_0930_n7_north_west_east_middle_h1_gate_t16,1,1,11,1222,4216,1,1,18,0,526,595,0,526,595,1,1,1,1,1,1
931,grid_0931_n7_north_west_east_middle_h1_gate_t18,1,1,11,1562,5520,1,1,18,0,582,669,0,582,669,1,1,1,1,1,1
932,grid_0932_n7_north_west_east_middle_h1_staggered_t12,1,1,10,831,2716,1,1,18,0,396,444,0,396,444,1,1,1,1,1,1
933,grid_0933_n7_north_west_east_middle_h1_staggered_t14,1,1,10,1156,3928,1,1,18,0,448,506,0,448,506,1,1,1,1,1,1
934,grid_0934_n7_north_west_east_middle_h1_staggered_t16,1,1,10,1504,5264,1,1,18,0,498,569,0,498,569,1,1,1,1,1,1
935,grid_0935_n7_north_west_east_middle_h1_staggered_t18,1,1,10,1854,6640,1,1,18,0,548,631,0,548,631,1,1,1,1,1,1
936,grid_0936_n7_north_west_east_middle_h2_open_t12,1,1,10,1011,3308,1,1,18,0,372,471,0,372,471,1,1,1,1,1,1
937,grid_0937_n7_north_west_east_middle_h2_open_t14,1,1,10,1395,4772,1,1,18,0,414,541,0,414,541,1,1,1,1,1,1
938,grid_0938_n7_north_west_east_middle_h2_open_t16,1,1,10,1785,6304,1,1,18,0,456,607,0,456,607,1,1,1,1,1,1
939,grid_0939_n7_north_west_east_middle_h2_open_t18,1,1,10,2175,7840,1,1,18,0,497,670,0,497,670,1,1,1,1,1,1
940,grid_0940_n7_north_west_east_middle_h2_gate_t12,1,1,10,703,2320,1,1,18,0,381,471,0,381,471,1,1,1,1,1,1
941,grid_0941_n7_north_west_east_middle_h2_gate_t14,1,1,10,991,3344,1,1,18,0,429,553,0,429,553,1,1,1,1,1,1
942,grid_0942_n7_north_west_east_middle_h2_gate_t16,1,1,10,1323,4584,1,1,18,0,477,631,0,477,631,1,1,1,1,1,1
943,grid_0943_n7_north_west_east_middle_h2_gate_t18,1,1,10,1665,5920,1,1,18,0,524,708,0,524,708,1,1,1,1,1,1
944,grid_0944_n7_north_west_east_middle_h2_staggered_t12,1,1,10,883,2888,1,1,18,0,382,461,0,382,461,1,1,1,1,1,1
945,grid_0945_n7_north_west_east_middle_h2_staggered_t14,1,1,10,1223,4168,1,1,18,0,428,527,0,428,527,1,1,1,1,1,1
946,grid_0946_n7_north_west_east_middle_h2_staggered_t16,1,1,10,1573,5536,1,1,18,0,474,589,0,474,589,1,1,1,1,1,1
947,grid_0947_n7_north_west_east_middle_h2_staggered_t18,1,1,10,1923,6912,1,1,18,0,519,648,0,519,648,1,1,1,1,1,1
948,grid_0948_n7_north_west_east_middle_h3_open_t12,1,1,11,834,2652,1,1,18,0,413,445,0,413,445,1,1,1,1,1,1
949,grid_0949_n7_north_west_east_middle_h3_open_t14,1,1,11,1205,4040,1,1,18,0,460,511,0,460,511,1,1,1,1,1,1
950,grid_0950_n7_north_west_east_middle_h3_open_t16,1,1,11,1594,5552,1,1,18,0,506,575,0,506,575,1,1,1,1,1,1
951,grid_0951_n7_north_west_east_middle_h3_open_t18,1,1,11,1984,7088,1,1,18,0,552,636,0,552,636,1,1,1,1,1,1
952,grid_0952_n7_north_west_east_middle_h3_gate_t12,1,1,11,586,1912,1,1,18,0,419,439,0,419,439,1,1,1,1,1,1
953,grid_0953_n7_north_west_east_middle_h3_gate_t14,1,1,11,844,2816,1,1,18,0,472,517,0,472,517,1,1,1,1,1,1
954,grid_0954_n7_north_west_east_middle_h3_gate_t16,1,1,11,1158,3960,1,1,18,0,524,595,0,524,595,1,1,1,1,1,1
955,grid_0955_n7_north_west_east_middle_h3_gate_t18,1,1,11,1498,5264,1,1,18,0,576,670,0,576,670,1,1,1,1,1,1
956,grid_0956_n7_north_west_east_middle_h3_staggered_t12,1,1,11,729,2316,1,1,18,0,421,437,0,421,437,1,1,1,1,1,1
957,grid_0957_n7_north_west_east_middle_h3_staggered_t14,1,1,11,1054,3528,1,1,18,0,471,501,0,471,501,1,1,1,1,1,1
958,grid_0958_n7_north_west_east_middle_h3_staggered_t16,1,1,11,1402,4864,1,1,18,0,521,563,0,521,563,1,1,1,1,1,1
959,grid_0959_n7_north_west_east_middle_h3_staggered_t18,1,1,11,1752,6240,1,1,18,0,571,621,0,571,621,1,1,1,1,1,1
960,grid_0960_n7_north_west_south_middle_h0_open_t12,1,1,11,834,2652,1,1,18,0,426,432,0,426,432,1,1,1,1,1,1
961,grid_0961_n7_north_west_south_middle_h0_open_t14,1,1,11,1205,4040,1,1,18,0,474,495,0,474,495,1,1,1,1,1,1
962,grid_0962_n7_north_west_south_middle_h0_open_t16,1,1,11,1594,5552,1,1,18,0,520,558,0,520,558,1,1,1,1,1,1
963,grid_0963_n7_north_west_south_middle_h0_open_t18,1,1,11,1984,7088,1,1,18,0,566,617,0,566,617,1,1,1,1,1,1
964,grid_0964_n7_north_west_south_middle_h0_gate_t12,1,1,12,548,1796,1,1,18,0,438,426,0,438,426,1,1,1,1,1,1
965,grid_0965_n7_north_west_south_middle_h0_gate_t14,1,1,12,785,2624,1,1,18,0,490,500,0,490,500,1,1,1,1,1,1
966,grid_0966_n7_north_west_south_middle_h0_gate_t16,1,1,12,1096,3712,1,1,18,0,540,576,0,540,576,1,1,1,1,1,1
967,grid_0967_n7_north_west_south_middle_h0_gate_t18,1,1,12,1442,5040,1,1,18,0,590,649,0,590,649,1,1,1,1,1,1
968,grid_0968_n7_north_west_south_middle_h0_staggered_t12,1,1,12,688,2188,1,1,18,0,445,419,0,445,419,1,1,1,1,1,1
969,grid_0969_n7_north_west_south_middle_h0_staggered_t14,1,1,12,999,3348,1,1,18,0,499,491,0,499,491,1,1,1,1,1,1
970,grid_0970_n7_north_west_south_middle_h0_staggered_t16,1,1,12,1333,4628,1,1,18,0,551,564,0,551,564,1,1,1,1,1,1
971,grid_0971_n7_north_west_south_middle_h0_staggered_t18,1,1,12,1678,5972,1,1,18,0,601,635,0,601,635,1,1,1,1,1,1
972,grid_0972_n7_north_west_south_middle_h1_open_t12,1,1,10,1011,3308,1,1,18,0,376,466,0,376,466,1,1,1,1,1,1
973,grid_0973_n7_north_west_south_middle_h1_open_t14,1,1,10,1395,4772,1,1,18,0,422,530,0,422,530,1,1,1,1,1,1
974,grid_0974_n7_north_west_south_middle_h1_open_t16,1,1,10,1785,6304,1,1,18,0,468,589,0,468,589,1,1,1,1,1,1
975,grid_0975_n7_north_west_south_middle_h1_open_t18,1,1,10,2175,7840,1,1,18,0,514,645,0,514,645,1,1,1,1,1,1
976,grid_0976_n7_north_west_south_middle_h1_gate_t12,1,1,11,654,2172,1,1,18,0,417,438,0,417,438,1,1,1,1,1,1
977,grid_0977_n7_north_west_south_middle_h1_gate_t14,1,1,11,928,3112,1,1,18,0,471,510,0,471,510,1,1,1,1,1,1
978,grid_0978_n7_north_west_south_middle_h1_gate_t16,1,1,11,1264,4344,1,1,18,0,525,582,0,525,582,1,1,1,1,1,1
979,grid_0979_n7_north_west_south_middle_h1_gate_t18,1,1,11,1612,5712,1,1,18,0,579,653,0,579,653,1,1,1,1,1,1
980,grid_0980_n7_north_west_south_middle_h1_staggered_t12,1,1,11,836,2732,1,1,18,0,409,446,0,409,446,1,1,1,1,1,1
981,grid_0981_n7_north_west_south_middle_h1_staggered_t14,1,1,11,1160,3960,1,1,18,0,467,513,0,467,513,1,1,1,1,1,1
982,grid_0982_n7_north_west_south_middle_h1_staggered_t16,1,1,11,1500,5280,1,1,18,0,523,581,0,523,581,1,1,1,1,1,1
983,grid_0983_n7_north_west_south_middle_h1_staggered_t18,1,1,11,1849,6640,1,1,18,0,579,647,0,579,647,1,1,1,1,1,1
984,grid_0984_n7_north_west_south_middle_h2_open_t12,1,1,10,1007,3304,1,1,18,0,379,461,0,379,461,1,1,1,1,1,1
985,grid_0985_n7_north_west_south_middle_h2_open_t14,1,1,10,1383,4740,1,1,18,0,425,528,0,425,528,1,1,1,1,1,1
986,grid_0986_n7_north_west_south_middle_h2_open_t16,1,1,10,1772,6256,1,1,18,0,470,594,0,470,594,1,1,1,1,1,1
987,grid_0987_n7_north_west_south_middle_h2_open_t18,1,1,10,2162,7792,1,1,18,0,513,658,0,513,658,1,1,1,1,1,1
988,grid_0988_n7_north_west_south_middle_h2_gate_t12,1,1,10,713,2336,1,1,18,0,391,455,0,391,455,1,1,1,1,1,1
989,grid_0989_n7_north_west_south_middle_h2_gate_t14,1,1,10,1024,3424,1,1,18,0,441,531,0,441,531,1,1,1,1,1,1
990,grid_0990_n7_north_west_south_middle_h2_gate_t16,1,1,10,1370,4752,1,1,18,0,490,607,0,490,607,1,1,1,1,1,1
991,grid_0991_n7_north_west_south_middle_h2_gate_t18,1,1,10,1718,6128,1,1,18,0,537,681,0,537,681,1,1,1,1,1,1
992,grid_0992_n7_north_west_south_middle_h2_staggered_t12,1,1,10,878,2884,1,1,18,0,401,445,0,401,445,1,1,1,1,1,1
993,grid_0993_n7_north_west_south_middle_h2_staggered_t14,1,1,10,1202,4120,1,1,18,0,455,516,0,455,516,1,1,1,1,1,1
994,grid_0994_n7_north_west_south_middle_h2_staggered_t16,1,1,10,1546,5444,1,1,18,0,508,587,0,508,587,1,1,1,1,1,1
995,grid_0995_n7_north_west_south_middle_h2_staggered_t18,1,1,10,1896,6816,1,1,18,0,559,658,0,559,658,1,1,1,1,1,1
996,grid_0996_n7_north_west_south_middle_h3_open_t12,1,1,11,833,2652,1,1,18,0,408,447,0,408,447,1,1,1,1,1,1
997,grid_0997_n7_north_west_south_middle_h3_open_t14,1,1,11,1196,4024,1,1,18,0,453,512,0,453,512,1,1,1,1,1,1
998,grid_0998_n7_north_west_south_middle_h3_open_t16,1,1,11,1581,5508,1,1,18,0,497,576,0,497,576,1,1,1,1,1,1
999,grid_0999_n7_north_west_south_middle_h3_open_t18,1,1,11,1971,7040,1,1,18,0,541,639,0,541,639,1,1,1,1,1,1
1000,grid_1000_n7_north_west_south_middle_h3_gate_t12,1,1,11,590,1916,1,1,18,0,418,437,0,418,437,1,1,1,1,1,1
1001,grid_1001_n7_north_west_south_middle_h3_gate_t14,1,1,11,864,2856,1,1,18,0,467,514,0,467,514,1,1,1,1,1,1
1002,grid_1002_n7_north_west_south_middle_h3_gate_t16,1,1,11,1200,4088,1,1,18,0,515,590,0,515,590,1,1,1,1,1,1
1003,grid_1003_n7_north_west_south_middle_h3_gate_t18,1,1,11,1548,5456,1,1,18,0,563,665,0,563,665,1,1,1,1,1,1
1004,grid_1004_n7_north_west_south_middle_h3_staggered_t12,1,1,11,728,2316,1,1,18,0,426,429,0,426,429,1,1,1,1,1,1
1005,grid_1005_n7_north_west_south_middle_h3_staggered_t14,1,1,11,1041,3508,1,1,18,0,478,503,0,478,503,1,1,1,1,1,1
1006,grid_1006_n7_north_west_south_middle_h3_staggered_t16,1,1,11,1376,4788,1,1,18,0,530,577,0,530,577,1,1,1,1,1,1
1007,grid_1007_n7_north_west_south_middle_h3_staggered_t18,1,1,11,1725,6144,1,1,18,0,582,649,0,582,649,1,1,1,1,1,1
1008,grid_1008_n7_north_east_south_east_h0_open_t12,1,1,8,826,2608,1,1,18,0,428,335,0,428,335,1,1,1,1,1,1
1009,grid_1009_n7_north_east_south_east_h0_open_t14,1,1,8,1196,3992,1,1,18,0,474,379,0,474,379,1,1,1,1,1,1
1010,grid_1010_n7_north_east_south_east_h0_open_t16,1,1,8,1583,5504,1,1,18,0,518,425,0,518,425,1,1,1,1,1,1
1011,grid_1011_n7_north_east_south_east_h0_open_t18,1,1,8,1971,7040,1,1,18,0,560,473,0,560,473,1,1,1,1,1,1
1012,grid_1012_n7_north_east_south_east_h0_gate_t12,1,1,8,538,1748,1,1,18,0,428,335,0,428,335,1,1,1,1,1,1
1013,grid_1013_n7_north_east_south_east_h0_gate_t14,1,1,8,769,2544,1,1,18,0,474,379,0,474,379,1,1,1,1,1,1
1014,grid_1014_n7_north_east_south_east_h0_gate_t16,1,1,8,1073,3600,1,1,18,0,518,425,0,518,425,1,1,1,1,1,1
1015,grid_1015_n7_north_east_south_east_h0_gate_t18,1,1,8,1411,4896,1,1,18,0,560,473,0,560,473,1,1,1,1,1,1
1016,grid_1016_n7_north_east_south_east_h0_staggered_t12,1,1,8,668,2124,1,1,18,0,428,335,0,428,335,1,1,1,1,1,1
1017,grid_1017_n7_north_east_south_east_h0_staggered_t14,1,1,8,971,3228,1,1,18,0,474,379,0,474,379,1,1,1,1,1,1
1018,grid_1018_n7_north_east_south_east_h0_staggered_t16,1,1,8,1309,4504,1,1,18,0,520,423,0,520,423,1,1,1,1,1,1
1019,grid_1019_n7_north_east_south_east_h0_staggered_t18,1,1,8,1657,5872,1,1,18,0,566,467,0,566,467,1,1,1,1,1,1
1020,grid_1020_n7_north_east_south_east_h1_open_t12,1,1,7,810,2560,1,1,18,0,384,347,0,384,347,1,1,1,1,1,1
1021,grid_1021_n7_north_east_south_east_h1_open_t14,1,1,7,1172,3912,1,1,18,0,424,397,0,424,397,1,1,1,1,1,1
1022,grid_1022_n7_north_east_south_east_h1_open_t16,1,1,7,1555,5396,1,1,18,0,464,447,0,464,447,1,1,1,1,1,1
1023,grid_1023_n7_north_east_south_east_h1_open_t18,1,1,7,1943,6928,1,1,18,0,504,497,0,504,497,1,1,1,1,1,1
1024,grid_1024_n7_north_east_south_east_h1_gate_t12,1,1,7,567,1824,1,1,18,0,384,347,0,384,347,1,1,1,1,1,1
1025,grid_1025_n7_north_east_south_east_h1_gate_t14,1,1,7,835,2728,1,1,18,0,424,397,0,424,397,1,1,1,1,1,1
1026,grid_1026_n7_north_east_south_east_h1_gate_t16,1,1,7,1163,3928,1,1,18,0,464,447,0,464,447,1,1,1,1,1,1
1027,grid_1027_n7_north_east_south_east_h1_gate_t18,1,1,7,1503,5264,1,1,18,0,504,497,0,504,497,1,1,1,1,1,1
1028,grid_1028_n7_north_east_south_east_h1_staggered_t12,1,1,7,702,2220,1,1,18,0,388,343,0,388,343,1,1,1,1,1,1
1029,grid_1029_n7_north_east_south_east_h1_staggered_t14,1,1,7,1014,3380,1,1,18,0,434,387,0,434,387,1,1,1,1,1,1
1030,grid_1030_n7_north_east_south_east_h1_staggered_t16,1,1,7,1355,4676,1,1,18,0,480,431,0,480,431,1,1,1,1,1,1
1031,grid_1031_n7_north_east_south_east_h1_staggered_t18,1,1,7,1703,6048,1,1,18,0,526,475,0,526,475,1,1,1,1,1,1
1032,grid_1032_n7_north_east_south_east_h2_open_t12,1,1,6,983,3196,1,1,18,0,229,218,0,229,218,1,1,1,1,1,1
1033,grid_1033_n7_north_east_south_east_h2_open_t14,1,1,6,1358,4628,1,1,18,0,229,218,0,229,218,1,1,1,1,1,1
1034,grid_1034_n7_north_east_south_east_h2_open_t16,1,1,6,1745,6144,1,1,18,0,229,218,0,229,218,1,1,1,1,1,1
1035,grid_1035_n7_north_east_south_east_h2_open_t18,1,1,6,2133,7680,1,1,18,0,229,218,0,229,218,1,1,1,1,1,1
1036,grid_1036_n7_north_east_south_east_h2_gate_t12,1,1,6,687,2224,1,1,18,0,229,218,0,229,218,1,1,1,1,1,1
1037,grid_1037_n7_north_east_south_east_h2_gate_t14,1,1,6,991,3280,1,1,18,0,229,218,0,229,218,1,1,1,1,1,1
1038,grid_1038_n7_north_east_south_east_h2_gate_t16,1,1,6,1329,4576,1,1,18,0,229,218,0,229,218,1,1,1,1,1,1
1039,grid_1039_n7_north_east_south_east_h2_gate_t18,1,1,6,1669,5920,1,1,18,0,229,218,0,229,218,1,1,1,1,1,1
1040,grid_1040_n7_north_east_south_east_h2_staggered_t12,1,1,6,850,2764,1,1,18,0,229,218,0,229,218,1,1,1,1,1,1
1041,grid_1041_n7_north_east_south_east_h2_staggered_t14,1,1,6,1178,3996,1,1,18,0,229,218,0,229,218,1,1,1,1,1,1
1042,grid_1042_n7_north_east_south_east_h2_staggered_t16,1,1,6,1525,5344,1,1,18,0,229,218,0,229,218,1,1,1,1,1,1
1043,grid_1043_n7_north_east_south_east_h2_staggered_t18,1,1,6,1873,6720,1,1,18,0,229,218,0,229,218,1,1,1,1,1,1
1044,grid_1044_n7_north_east_south_east_h3_open_t12,1,1,7,1003,3260,1,1,18,0,388,344,0,388,344,1,1,1,1,1,1
1045,grid_1045_n7_north_east_south_east_h3_open_t14,1,1,7,1385,4724,1,1,18,0,434,388,0,434,388,1,1,1,1,1,1
1046,grid_1046_n7_north_east_south_east_h3_open_t16,1,1,7,1773,6256,1,1,18,0,476,436,0,476,436,1,1,1,1,1,1
1047,grid_1047_n7_north_east_south_east_h3_open_t18,1,1,7,2161,7792,1,1,18,0,518,484,0,518,484,1,1,1,1,1,1
1048,grid_1048_n7_north_east_south_east_h3_gate_t12,1,1,7,641,2108,1,1,18,0,400,332,0,400,332,1,1,1,1,1,1
1049,grid_1049_n7_north_east_south_east_h3_gate_t14,1,1,7,909,3016,1,1,18,0,446,376,0,446,376,1,1,1,1,1,1
1050,grid_1050_n7_north_east_south_east_h3_gate_t16,1,1,7,1237,4216,1,1,18,0,488,424,0,488,424,1,1,1,1,1,1
1051,grid_1051_n7_north_east_south_east_h3_gate_t18,1,1,7,1577,5552,1,1,18,0,530,472,0,530,472,1,1,1,1,1,1
1052,grid_1052_n7_north_east_south_east_h3_staggered_t12,1,1,7,810,2636,1,1,18,0,388,344,0,388,344,1,1,1,1,1,1
1053,grid_1053_n7_north_east_south_east_h3_staggered_t14,1,1,7,1133,3832,1,1,18,0,434,388,0,434,388,1,1,1,1,1,1
1054,grid_1054_n7_north_east_south_east_h3_staggered_t16,1,1,7,1479,5168,1,1,18,0,480,432,0,480,432,1,1,1,1,1,1
1055,grid_1055_n7_north_east_south_east_h3_staggered_t18,1,1,7,1827,6544,1,1,18,0,526,476,0,526,476,1,1,1,1,1,1
1056,grid_1056_n7_north_east_east_middle_h0_open_t12,1,1,5,786,2420,1,1,18,0,400,279,0,400,279,1,1,1,1,1,1
1057,grid_1057_n7_north_east_east_middle_h0_open_t14,1,1,5,1158,3800,1,1,18,0,446,323,0,446,323,1,1,1,1,1,1
1058,grid_1058_n7_north_east_east_middle_h0_open_t16,1,1,5,1547,5312,1,1,18,0,490,369,0,490,369,1,1,1,1,1,1
1059,grid_1059_n7_north_east_east_middle_h0_open_t18,1,1,5,1937,6848,1,1,18,0,532,417,0,532,417,1,1,1,1,1,1
1060,grid_1060_n7_north_east_east_middle_h0_gate_t12,1,1,5,498,1560,1,1,18,0,400,279,0,400,279,1,1,1,1,1,1
1061,grid_1061_n7_north_east_east_middle_h0_gate_t14,1,1,5,731,2352,1,1,18,0,446,323,0,446,323,1,1,1,1,1,1
1062,grid_1062_n7_north_east_east_middle_h0_gate_t16,1,1,5,1037,3408,1,1,18,0,490,369,0,490,369,1,1,1,1,1,1
1063,grid_1063_n7_north_east_east_middle_h0_gate_t18,1,1,5,1377,4704,1,1,18,0,532,417,0,532,417,1,1,1,1,1,1
1064,grid_1064_n7_north_east_east_middle_h0_staggered_t12,1,1,5,595,1840,1,1,18,0,400,279,0,400,279,1,1,1,1,1,1
1065,grid_1065_n7_north_east_east_middle_h0_staggered_t14,1,1,5,895,2896,1,1,18,0,446,323,0,446,323,1,1,1,1,1,1
1066,grid_1066_n7_north_east_east_middle_h0_staggered_t16,1,1,5,1235,4168,1,1,18,0,492,367,0,492,367,1,1,1,1,1,1
1067,grid_1067_n7_north_east_east_middle_h0_staggered_t18,1,1,5,1585,5536,1,1,18,0,538,411,0,538,411,1,1,1,1,1,1
1068,grid_1068_n7_north_east_east_middle_h1_open_t12,1,1,4,687,2100,1,1,18,0,356,292,0,356,292,1,1,1,1,1,1
1069,grid_1069_n7_north_east_east_middle_h1_open_t14,1,1,4,1038,3356,1,1,18,0,396,342,0,396,342,1,1,1,1,1,1
1070,grid_1070_n7_north_east_east_middle_h1_open_t16,1,1,4,1422,4820,1,1,18,0,436,392,0,436,392,1,1,1,1,1,1
1071,grid_1071_n7_north_east_east_middle_h1_open_t18,1,1,4,1812,6352,1,1,18,0,476,442,0,476,442,1,1,1,1,1,1
1072,grid_1072_n7_north_east_east_middle_h1_gate_t12,1,1,4,440,1372,1,1,18,0,356,292,0,356,292,1,1,1,1,1,1
1073,grid_1073_n7_north_east_east_middle_h1_gate_t14,1,1,4,644,2076,1,1,18,0,396,342,0,396,342,1,1,1,1,1,1
1074,grid_1074_n7_north_east_east_middle_h1_gate_t16,1,1,4,914,2984,1,1,18,0,436,392,0,436,392,1,1,1,1,1,1
1075,grid_1075_n7_north_east_east_middle_h1_gate_t18,1,1,4,1244,4184,1,1,18,0,476,442,0,476,442,1,1,1,1,1,1
1076,grid_1076_n7_north_east_east_middle_h1_staggered_t12,1,1,4,591,1792,1,1,18,0,360,288,0,360,288,1,1,1,1,1,1
1077,grid_1077_n7_north_east_east_middle_h1_staggered_t14,1,1,4,899,2888,1,1,18,0,406,332,0,406,332,1,1,1,1,1,1
1078,grid_1078_n7_north_east_east_middle_h1_staggered_t16,1,1,4,1242,4180,1,1,18,0,452,376,0,452,376,1,1,1,1,1,1
1079,grid_1079_n7_north_east_east_middle_h1_staggered_t18,1,1,4,1592,5552,1,1,18,0,498,420,0,498,420,1,1,1,1,1,1
1080,grid_1080_n7_north_east_east_middle_h2_open_t12,1,1,3,852,2676,1,1,18,0,131,97,0,131,97,1,1,1,1,1,1
1081,grid_1081_n7_north_east_east_middle_h2_open_t14,1,1,3,1224,4056,1,1,18,0,131,97,0,131,97,1,1,1,1,1,1
1082,grid_1082_n7_north_east_east_middle_h2_open_t16,1,1,3,1613,5568,1,1,18,0,131,97,0,131,97,1,1,1,1,1,1
1083,grid_1083_n7_north_east_east_middle_h2_open_t18,1,1,3,2003,7104,1,1,18,0,131,97,0,131,97,1,1,1,1,1,1
1084,grid_1084_n7_north_east_east_middle_h2_gate_t12,1,1,3,532,1688,1,1,18,0,131,97,0,131,97,1,1,1,1,1,1
1085,grid_1085_n7_north_east_east_middle_h2_gate_t14,1,1,3,765,2480,1,1,18,0,131,97,0,131,97,1,1,1,1,1,1
1086,grid_1086_n7_north_east_east_middle_h2_gate_t16,1,1,3,1071,3536,1,1,18,0,131,97,0,131,97,1,1,1,1,1,1
1087,grid_1087_n7_north_east_east_middle_h2_gate_t18,1,1,3,1411,4832,1,1,18,0,131,97,0,131,97,1,1,1,1,1,1
1088,grid_1088_n7_north_east_east_middle_h2_staggered_t12,1,1,3,735,2292,1,1,18,0,131,97,0,131,97,1,1,1,1,1,1
1089,grid_1089_n7_north_east_east_middle_h2_staggered_t14,1,1,3,1064,3500,1,1,18,0,131,97,0,131,97,1,1,1,1,1,1
1090,grid_1090_n7_north_east_east_middle_h2_staggered_t16,1,1,3,1413,4848,1,1,18,0,131,97,0,131,97,1,1,1,1,1,1
1091,grid_1091_n7_north_east_east_middle_h2_staggered_t18,1,1,3,1763,6224,1,1,18,0,131,97,0,131,97,1,1,1,1,1,1
1092,grid_1092_n7_north_east_east_middle_h3_open_t12,1,1,4,964,3068,1,1,18,0,361,289,0,361,289,1,1,1,1,1,1
1093,grid_1093_n7_north_east_east_middle_h3_open_t14,1,1,4,1348,4532,1,1,18,0,407,333,0,407,333,1,1,1,1,1,1
1094,grid_1094_n7_north_east_east_middle_h3_open_t16,1,1,4,1738,6064,1,1,18,0,449,381,0,449,381,1,1,1,1,1,1
1095,grid_1095_n7_north_east_east_middle_h3_open_t18,1,1,4,2128,7600,1,1,18,0,491,429,0,491,429,1,1,1,1,1,1
1096,grid_1096_n7_north_east_east_middle_h3_gate_t12,1,1,4,602,1916,1,1,18,0,373,277,0,373,277,1,1,1,1,1,1
1097,grid_1097_n7_north_east_east_middle_h3_gate_t14,1,1,4,872,2824,1,1,18,0,419,321,0,419,321,1,1,1,1,1,1
1098,grid_1098_n7_north_east_east_middle_h3_gate_t16,1,1,4,1202,4024,1,1,18,0,461,369,0,461,369,1,1,1,1,1,1
1099,grid_1099_n7_north_east_east_middle_h3_gate_t18,1,1,4,1544,5360,1,1,18,0,503,417,0,503,417,1,1,1,1,1,1
1100,grid_1100_n7_north_east_east_middle_h3_staggered_t12,1,1,4,734,2320,1,1,18,0,361,289,0,361,289,1,1,1,1,1,1
1101,grid_1101_n7_north_east_east_middle_h3_staggered_t14,1,1,4,1058,3496,1,1,18,0,407,333,0,407,333,1,1,1,1,1,1
1102,grid_1102_n7_north_east_east_middle_h3_staggered_t16,1,1,4,1406,4832,1,1,18,0,453,377,0,453,377,1,1,1,1,1,1
1103,grid_1103_n7_north_east_east_middle_h3_staggered_t18,1,1,4,1756,6208,1,1,18,0,499,421,0,499,421,1,1,1,1,1,1
1104,grid_1104_n7_north_east_south_middle_h0_open_t12,1,1,11,834,2652,1,1,18,0,413,445,0,413,445,1,1,1,1,1,1
1105,grid_1105_n7_north_east_south_middle_h0_open_t14,1,1,11,1205,4040,1,1,18,0,461,510,0,461,510,1,1,1,1,1,1
1106,grid_1106_n7_north_east_south_middle_h0_open_t16,1,1,11,1594,5552,1,1,18,0,508,575,0,508,575,1,1,1,1,1,1
1107,grid_1107_n7_north_east_south_middle_h0_open_t18,1,1,11,1984,7088,1,1,18,0,552,641,0,552,641,1,1,1,1,1,1
1108,grid_1108_n7_north_east_south_middle_h0_gate_t12,1,1,12,548,1796,1,1,18,0,425,439,0,425,439,1,1,1,1,1,1
1109,grid_1109_n7_north_east_south_middle_h0_gate_t14,1,1,12,785,2624,1,1,18,0,477,512,0,477,512,1,1,1,1,1,1
1110,grid_1110_n7_north_east_south_middle_h0_gate_t16,1,1,12,1096,3712,1,1,18,0,527,586,0,527,586,1,1,1,1,1,1
1111,grid_1111_n7_north_east_south_middle_h0_gate_t18,1,1,12,1442,5040,1,1,18,0,575,662,0,575,662,1,1,1,1,1,1
1112,grid_1112_n7_north_east_south_middle_h0_staggered_t12,1,1,12,688,2188,1,1,18,0,430,434,0,430,434,1,1,1,1,1,1
1113,grid_1113_n7_north_east_south_middle_h0_staggered_t14,1,1,12,999,3348,1,1,18,0,484,506,0,484,506,1,1,1,1,1,1
1114,grid_1114_n7_north_east_south_middle_h0_staggered_t16,1,1,12,1333,4628,1,1,18,0,537,579,0,537,579,1,1,1,1,1,1
1115,grid_1115_n7_north_east_south_middle_h0_staggered_t18,1,1,12,1678,5972,1,1,18,0,589,653,0,589,653,1,1,1,1,1,1
1116,grid_1116_n7_north_east_south_middle_h1_open_t12,1,1,11,833,2652,1,1,18,0,408,447,0,408,447,1,1,1,1,1,1
1117,grid_1117_n7_north_east_south_middle_h1_open_t14,1,1,11,1196,4024,1,1,18,0,456,513,0,456,513,1,1,1,1,1,1
1118,grid_1118_n7_north_east_south_middle_h1_open_t16,1,1,11,1581,5508,1,1,18,0,503,580,0,503,580,1,1,1,1,1,1
1119,grid_1119_n7_north_east_south_middle_h1_open_t18,1,1,11,1971,7040,1,1,18,0,549,645,0,549,645,1,1,1,1,1,1
1120,grid_1120_n7_north_east_south_middle_h1_gate_t12,1,1,11,590,1916,1,1,18,0,418,437,0,418,437,1,1,1,1,1,1
1121,grid_1121_n7_north_east_south_middle_h1_gate_t14,1,1,11,864,2856,1,1,18,0,470,511,0,470,511,1,1,1,1,1,1
1122,grid_1122_n7_north_east_south_middle_h1_gate_t16,1,1,11,1200,4088,1,1,18,0,521,586,0,521,586,1,1,1,1,1,1
1123,grid_1123_n7_north_east_south_middle_h1_gate_t18,1,1,11,1548,5456,1,1,18,0,571,662,0,571,662,1,1,1,1,1,1
1124,grid_1124_n7_north_east_south_middle_h1_staggered_t12,1,1,11,728,2316,1,1,18,0,428,427,0,428,427,1,1,1,1,1,1
1125,grid_1125_n7_north_east_south_middle_h1_staggered_t14,1,1,11,1041,3508,1,1,18,0,484,497,0,484,497,1,1,1,1,1,1
1126,grid_1126_n7_north_east_south_middle_h1_staggered_t16,1,1,11,1376,4788,1,1,18,0,539,568,0,539,568,1,1,1,1,1,1
1127,grid_1127_n7_north_east_south_middle_h1_staggered_t18,1,1,11,1725,6144,1,1,18,0,592,639,0,592,639,1,1,1,1,1,1
1128,grid_1128_n7_north_east_south_middle_h2_open_t12,1,1,10,1007,3304,1,1,18,0,378,462,0,378,462,1,1,1,1,1,1
1129,grid_1129_n7_north_east_south_middle_h2_open_t14,1,1,10,1383,4740,1,1,18,0,424,528,0,424,528,1,1,1,1,1,1
1130,grid_1130_n7_north_east_south_middle_h2_open_t16,1,1,10,1772,6256,1,1,18,0,469,593,0,469,593,1,1,1,1,1,1
1131,grid_1131_n7_north_east_south_middle_h2_open_t18,1,1,10,2162,7792,1,1,18,0,513,658,0,513,658,1,1,1,1,1,1
1132,grid_1132_n7_north_east_south_middle_h2_gate_t12,1,1,10,713,2336,1,1,18,0,390,456,0,390,456,1,1,1,1,1,1
1133,grid_1133_n7_north_east_south_middle_h2_gate_t14,1,1,10,1024,3424,1,1,18,0,440,532,0,440,532,1,1,1,1,1,1
1134,grid_1134_n7_north_east_south_middle_h2_gate_t16,1,1,10,1370,4752,1,1,18,0,489,609,0,489,609,1,1,1,1,1,1
1135,grid_1135_n7_north_east_south_middle_h2_gate_t18,1,1,10,1718,6128,1,1,18,0,537,687,0,537,687,1,1,1,1,1,1
1136,grid_1136_n7_north_east_south_middle_h2_staggered_t12,1,1,10,878,2884,1,1,18,0,400,446,0,400,446,1,1,1,1,1,1
1137,grid_1137_n7_north_east_south_middle_h2_staggered_t14,1,1,10,1202,4120,1,1,18,0,454,516,0,454,516,1,1,1,1,1,1
1138,grid_1138_n7_north_east_south_middle_h2_staggered_t16,1,1,10,1546,5444,1,1,18,0,507,587,0,507,587,1,1,1,1,1,1
1139,grid_1139_n7_north_east_south_middle_h2_staggered_t18,1,1,10,1896,6816,1,1,18,0,559,659,0,559,659,1,1,1,1,1,1
1140,grid_1140_n7_north_east_south_middle_h3_open_t12,1,1,10,1011,3308,1,1,18,0,389,454,0,389,454,1,1,1,1,1,1
1141,grid_1141_n7_north_east_south_middle_h3_open_t14,1,1,10,1395,4772,1,1,18,0,432,524,0,432,524,1,1,1,1,1,1
1142,grid_1142_n7_north_east_south_middle_h3_open_t16,1,1,10,1785,6304,1,1,18,0,474,590,0,474,590,1,1,1,1,1,1
1143,grid_1143_n7_north_east_south_middle_h3_open_t18,1,1,10,2175,7840,1,1,18,0,516,656,0,516,656,1,1,1,1,1,1
1144,grid_1144_n7_north_east_south_middle_h3_gate_t12,1,1,11,654,2172,1,1,18,0,423,432,0,423,432,1,1,1,1,1,1
1145,grid_1145_n7_north_east_south_middle_h3_gate_t14,1,1,11,928,3112,1,1,18,0,476,504,0,476,504,1,1,1,1,1,1
1146,grid_1146_n7_north_east_south_middle_h3_gate_t16,1,1,11,1264,4344,1,1,18,0,528,574,0,528,574,1,1,1,1,1,1
1147,grid_1147_n7_north_east_south_middle_h3_gate_t18,1,1,11,1612,5712,1,1,18,0,580,644,0,580,644,1,1,1,1,1,1
1148,grid_1148_n7_north_east_south_middle_h3_staggered_t12,1,1,11,836,2732,1,1,18,0,403,452,0,403,452,1,1,1,1,1,1
1149,grid_1149_n7_north_east_south_middle_h3_staggered_t14,1,1,11,1160,3960,1,1,18,0,450,530,0,450,530,1,1,1,1,1,1
1150,grid_1150_n7_north_east_south_middle_h3_staggered_t16,1,1,11,1500,5280,1,1,18,0,496,606,0,496,606,1,1,1,1,1,1
1151,grid_1151_n7_north_east_south_middle_h3_staggered_t18,1,1,11,1849,6640,1,1,18,0,542,682,0,542,682,1,1,1,1,1,1
1152,grid_1152_n7_south_west_south_east_h0_open_t12,1,1,7,1003,3260,1,1,18,0,392,342,0,392,342,1,1,1,1,1,1
1153,grid_1153_n7_south_west_south_east_h0_open_t14,1,1,7,1385,4724,1,1,18,0,438,386,0,438,386,1,1,1,1,1,1
1154,grid_1154_n7_south_west_south_east_h0_open_t16,1,1,7,1773,6256,1,1,18,0,480,434,0,480,434,1,1,1,1,1,1
1155,grid_1155_n7_south_west_south_east_h0_open_t18,1,1,7,2161,7792,1,1,18,0,522,482,0,522,482,1,1,1,1,1,1
1156,grid_1156_n7_south_west_south_east_h0_gate_t12,1,0,,710,2336,1,0,0,,,,,,,,,,,,
1157,grid_1157_n7_south_west_south_east_h0_gate_t14,1,1,14,1018,3424,1,1,18,0,499,509,0,499,509,1,1,1,1,1,1
1158,grid_1158_n7_south_west_south_east_h0_gate_t16,1,1,14,1357,4736,1,1,18,0,559,593,0,559,593,1,1,1,1,1,1
1159,grid_1159_n7_south_west_south_east_h0_gate_t18,1,1,14,1697,6080,1,1,18,0,619,677,0,619,677,1,1,1,1,1,1
1160,grid_1160_n7_south_west_south_east_h0_staggered_t12,1,1,7,884,2876,1,1,18,0,392,342,0,392,342,1,1,1,1,1,1
1161,grid_1161_n7_south_west_south_east_h0_staggered_t14,1,1,7,1223,4168,1,1,18,0,438,386,0,438,386,1,1,1,1,1,1
1162,grid_1162_n7_south_west_south_east_h0_staggered_t16,1,1,7,1571,5536,1,1,18,0,480,434,0,480,434,1,1,1,1,1,1
1163,grid_1163_n7_south_west_south_east_h0_staggered_t18,1,1,7,1919,6912,1,1,18,0,522,482,0,522,482,1,1,1,1,1,1
1164,grid_1164_n7_south_west_south_east_h1_open_t12,1,1,6,983,3196,1,1,18,0,226,215,0,226,215,1,1,1,1,1,1
1165,grid_1165_n7_south_west_south_east_h1_open_t14,1,1,6,1358,4628,1,1,18,0,226,215,0,226,215,1,1,1,1,1,1
1166,grid_1166_n7_south_west_south_east_h1_open_t16,1,1,6,1745,6144,1,1,18,0,226,215,0,226,215,1,1,1,1,1,1
1167,grid_1167_n7_south_west_south_east_h1_open_t18,1,1,6,2133,7680,1,1,18,0,226,215,0,226,215,1,1,1,1,1,1
1168,grid_1168_n7_south_west_south_east_h1_gate_t12,1,0,,652,2172,1,0,0,,,,,,,,,,,,
1169,grid_1169_n7_south_west_south_east_h1_gate_t14,1,0,,924,3112,1,0,0,,,,,,,,,,,,
1170,grid_1170_n7_south_west_south_east_h1_gate_t16,1,1,15,1255,4340,1,1,18,0,581,571,0,581,571,1,1,1,1,1,1
1171,grid_1171_n7_south_west_south_east_h1_gate_t18,1,1,15,1595,5680,1,1,18,0,651,645,0,651,645,1,1,1,1,1,1
1172,grid_1172_n7_south_west_south_east_h1_staggered_t12,1,1,6,836,2712,1,1,18,0,226,215,0,226,215,1,1,1,1,1,1
1173,grid_1173_n7_south_west_south_east_h1_staggered_t14,1,1,6,1163,3940,1,1,18,0,226,215,0,226,215,1,1,1,1,1,1
1174,grid_1174_n7_south_west_south_east_h1_staggered_t16,1,1,6,1509,5280,1,1,18,0,226,215,0,226,215,1,1,1,1,1,1
1175,grid_1175_n7_south_west_south_east_h1_staggered_t18,1,1,6,1857,6656,1,1,18,0,226,215,0,226,215,1,1,1,1,1,1
1176,grid_1176_n7_south_west_south_east_h2_open_t12,1,1,7,810,2560,1,1,18,0,388,349,0,388,349,1,1,1,1,1,1
1177,grid_1177_n7_south_west_south_east_h2_open_t14,1,1,7,1172,3912,1,1,18,0,430,397,0,430,397,1,1,1,1,1,1
1178,grid_1178_n7_south_west_south_east_h2_open_t16,1,1,7,1555,5396,1,1,18,0,472,445,0,472,445,1,1,1,1,1,1
1179,grid_1179_n7_south_west_south_east_h2_open_t18,1,1,7,1943,6928,1,1,18,0,513,494,0,513,494,1,1,1,1,1,1
1180,grid_1180_n7_south_west_south_east_h2_gate_t12,1,0,,547,1796,1,0,0,,,,,,,,,,,,
1181,grid_1181_n7_south_west_south_east_h2_gate_t14,1,0,,782,2624,1,0,0,,,,,,,,,,,,
1182,grid_1182_n7_south_west_south_east_h2_gate_t16,1,1,16,1090,3712,1,1,18,0,550,602,0,550,602,1,1,1,1,1,1
1183,grid_1183_n7_south_west_south_east_h2_gate_t18,1,1,16,1429,5024,1,1,18,0,609,687,0,609,687,1,1,1,1,1,1
1184,grid_1184_n7_south_west_south_east_h2_staggered_t12,1,1,7,689,2180,1,1,18,0,388,349,0,388,349,1,1,1,1,1,1
1185,grid_1185_n7_south_west_south_east_h2_staggered_t14,1,1,7,1000,3324,1,1,18,0,430,397,0,430,397,1,1,1,1,1,1
1186,grid_1186_n7_south_west_south_east_h2_staggered_t16,1,1,7,1339,4616,1,1,18,0,472,445,0,472,445,1,1,1,1,1,1
1187,grid_1187_n7_south_west_south_east_h2_staggered_t18,1,1,7,1687,5984,1,1,18,0,513,494,0,513,494,1,1,1,1,1,1
1188,grid_1188_n7_south_west_south_east_h3_open_t12,1,1,8,826,2608,1,1,18,0,417,341,0,417,341,1,1,1,1,1,1
1189,grid_1189_n7_south_west_south_east_h3_open_t14,1,1,8,1196,3992,1,1,18,0,463,385,0,463,385,1,1,1,1,1,1
1190,grid_1190_n7_south_west_south_east_h3_open_t16,1,1,8,1583,5504,1,1,18,0,507,431,0,507,431,1,1,1,1,1,1
1191,grid_1191_n7_south_west_south_east_h3_open_t18,1,1,8,1971,7040,1,1,18,0,549,479,0,549,479,1,1,1,1,1,1
1192,grid_1192_n7_south_west_south_east_h3_gate_t12,1,0,,588,1916,1,0,0,,,,,,,,,,,,
1193,grid_1193_n7_south_west_south_east_h3_gate_t14,1,0,,860,2856,1,0,0,,,,,,,,,,,,
1194,grid_1194_n7_south_west_south_east_h3_gate_t16,1,1,15,1191,4084,1,1,18,0,578,574,0,578,574,1,1,1,1,1,1
1195,grid_1195_n7_south_west_south_east_h3_gate_t18,1,1,15,1531,5424,1,1,18,0,638,658,0,638,658,1,1,1,1,1,1
1196,grid_1196_n7_south_west_south_east_h3_staggered_t12,1,1,8,728,2304,1,1,18,0,417,341,0,417,341,1,1,1,1,1,1
1197,grid_1197_n7_south_west_south_east_h3_staggered_t14,1,1,8,1055,3524,1,1,18,0,463,385,0,463,385,1,1,1,1,1,1
1198,grid_1198_n7_south_west_south_east_h3_staggered_t16,1,1,8,1401,4864,1,1,18,0,507,431,0,507,431,1,1,1,1,1,1
1199,grid_1199_n7_south_west_south_east_h3_staggered_t18,1,1,8,1749,6240,1,1,18,0,549,479,0,549,479,1,1,1,1,1,1
1200,grid_1200_n7_south_west_east_middle_h0_open_t12,1,1,10,1011,3308,1,1,18,0,372,470,0,372,470,1,1,1,1,1,1
1201,grid_1201_n7_south_west_east_middle_h0_open_t14,1,1,10,1395,4772,1,1,18,0,414,540,0,414,540,1,1,1,1,1,1
1202,grid_1202_n7_south_west_east_middle_h0_open_t16,1,1,10,1785,6304,1,1,18,0,456,609,0,456,609,1,1,1,1,1,1
1203,grid_1203_n7_south_west_east_middle_h0_open_t18,1,1,10,2175,7840,1,1,18,0,498,676,0,498,676,1,1,1,1,1,1
1204,grid_1204_n7_south_west_east_middle_h0_gate_t12,1,1,10,703,2320,1,1,18,0,381,470,0,381,470,1,1,1,1,1,1
1205,grid_1205_n7_south_west_east_middle_h0_gate_t14,1,1,10,991,3344,1,1,18,0,429,552,0,429,552,1,1,1,1,1,1
1206,grid_1206_n7_south_west_east_middle_h0_gate_t16,1,1,10,1323,4584,1,1,18,0,477,634,0,477,634,1,1,1,1,1,1
1207,grid_1207_n7_south_west_east_middle_h0_gate_t18,1,1,10,1665,5920,1,1,18,0,525,713,0,525,713,1,1,1,1,1,1
1208,grid_1208_n7_south_west_east_middle_h0_staggered_t12,1,1,10,898,2940,1,1,18,0,372,470,0,372,470,1,1,1,1,1,1
1209,grid_1209_n7_south_west_east_middle_h0_staggered_t14,1,1,10,1239,4232,1,1,18,0,414,540,0,414,540,1,1,1,1,1,1
1210,grid_1210_n7_south_west_east_middle_h0_staggered_t16,1,1,10,1589,5600,1,1,18,0,456,610,0,456,610,1,1,1,1,1,1
1211,grid_1211_n7_south_west_east_middle_h0_staggered_t18,1,1,10,1939,6976,1,1,18,0,498,679,0,498,679,1,1,1,1,1,1
1212,grid_1212_n7_south_west_east_middle_h1_open_t12,1,1,10,1007,3304,1,1,18,0,377,463,0,377,463,1,1,1,1,1,1
1213,grid_1213_n7_south_west_east_middle_h1_open_t14,1,1,10,1383,4740,1,1,18,0,424,528,0,424,528,1,1,1,1,1,1
1214,grid_1214_n7_south_west_east_middle_h1_open_t16,1,1,10,1772,6256,1,1,18,0,470,591,0,470,591,1,1,1,1,1,1
1215,grid_1215_n7_south_west_east_middle_h1_open_t18,1,1,10,2162,7792,1,1,18,0,516,652,0,516,652,1,1,1,1,1,1
1216,grid_1216_n7_south_west_east_middle_h1_gate_t12,1,1,11,650,2168,1,1,18,0,406,452,0,406,452,1,1,1,1,1,1
1217,grid_1217_n7_south_west_east_middle_h1_gate_t14,1,1,11,908,3072,1,1,18,0,461,528,0,461,528,1,1,1,1,1,1
1218,grid_1218_n7_south_west_east_middle_h1_gate_t16,1,1,11,1222,4216,1,1,18,0,515,601,0,515,601,1,1,1,1,1,1
1219,grid_1219_n7_south_west_east_middle_h1_gate_t18,1,1,11,1562,5520,1,1,18,0,569,673,0,569,673,1,1,1,1,1,1
1220,grid_1220_n7_south_west_east_middle_h1_staggered_t12,1,1,10,860,2820,1,1,18,0,377,463,0,377,463,1,1,1,1,1,1
1221,grid_1221_n7_south_west_east_middle_h1_staggered_t14,1,1,10,1188,4052,1,1,18,0,424,528,0,424,528,1,1,1,1,1,1
1222,grid_1222_n7_south_west_east_middle_h1_staggered_t16,1,1,10,1536,5392,1,1,18,0,470,591,0,470,591,1,1,1,1,1,1
1223,grid_1223_n7_south_west_east_middle_h1_staggered_t18,1,1,10,1886,6768,1,1,18,0,516,652,0,516,652,1,1,1,1,1,1
1224,grid_1224_n7_south_west_east_middle_h2_open_t12,1,1,11,833,2652,1,1,18,0,405,450,0,405,450,1,1,1,1,1,1
1225,grid_1225_n7_south_west_east_middle_h2_open_t14,1,1,11,1196,4024,1,1,18,0,452,514,0,452,514,1,1,1,1,1,1
1226,grid_1226_n7_south_west_east_middle_h2_open_t16,1,1,11,1581,5508,1,1,18,0,498,574,0,498,574,1,1,1,1,1,1
1227,grid_1227_n7_south_west_east_middle_h2_open_t18,1,1,11,1971,7040,1,1,18,0,542,634,0,542,634,1,1,1,1,1,1
1228,grid_1228_n7_south_west_east_middle_h2_gate_t12,1,1,12,547,1796,1,1,18,0,414,450,0,414,450,1,1,1,1,1,1
1229,grid_1229_n7_south_west_east_middle_h2_gate_t14,1,1,12,775,2608,1,1,18,0,467,526,0,467,526,1,1,1,1,1,1
1230,grid_1230_n7_south_west_east_middle_h2_gate_t16,1,1,12,1063,3632,1,1,18,0,519,598,0,519,598,1,1,1,1,1,1
1231,grid_1231_n7_south_west_east_middle_h2_gate_t18,1,1,12,1395,4872,1,1,18,0,569,672,0,569,672,1,1,1,1,1,1
1232,grid_1232_n7_south_west_east_middle_h2_staggered_t12,1,1,11,712,2272,1,1,18,0,405,450,0,405,450,1,1,1,1,1,1
1233,grid_1233_n7_south_west_east_middle_h2_staggered_t14,1,1,11,1024,3436,1,1,18,0,452,514,0,452,514,1,1,1,1,1,1
1234,grid_1234_n7_south_west_east_middle_h2_staggered_t16,1,1,11,1365,4728,1,1,18,0,498,574,0,498,574,1,1,1,1,1,1
1235,grid_1235_n7_south_west_east_middle_h2_staggered_t18,1,1,11,1715,6096,1,1,18,0,542,635,0,542,635,1,1,1,1,1,1
1236,grid_1236_n7_south_west_east_middle_h3_open_t12,1,1,11,834,2652,1,1,18,0,407,451,0,407,451,1,1,1,1,1,1
1237,grid_1237_n7_south_west_east_middle_h3_open_t14,1,1,11,1205,4040,1,1,18,0,455,516,0,455,516,1,1,1,1,1,1
1238,grid_1238_n7_south_west_east_middle_h3_open_t16,1,1,11,1594,5552,1,1,18,0,501,576,0,501,576,1,1,1,1,1,1
1239,grid_1239_n7_south_west_east_middle_h3_open_t18,1,1,11,1984,7088,1,1,18,0,545,638,0,545,638,1,1,1,1,1,1
1240,grid_1240_n7_south_west_east_middle_h3_gate_t12,1,1,11,586,1912,1,1,18,0,413,445,0,413,445,1,1,1,1,1,1
1241,grid_1241_n7_south_west_east_middle_h3_gate_t14,1,1,11,844,2816,1,1,18,0,467,522,0,467,522,1,1,1,1,1,1
1242,grid_1242_n7_south_west_east_middle_h3_gate_t16,1,1,11,1158,3960,1,1,18,0,519,594,0,519,594,1,1,1,1,1,1
1243,grid_1243_n7_south_west_east_middle_h3_gate_t18,1,1,11,1498,5264,1,1,18,0,569,668,0,569,668,1,1,1,1,1,1
1244,grid_1244_n7_south_west_east_middle_h3_staggered_t12,1,1,11,742,2360,1,1,18,0,407,451,0,407,451,1,1,1,1,1,1
1245,grid_1245_n7_south_west_east_middle_h3_staggered_t14,1,1,11,1070,3588,1,1,18,0,455,516,0,455,516,1,1,1,1,1,1
1246,grid_1246_n7_south_west_east_middle_h3_staggered_t16,1,1,11,1418,4928,1,1,18,0,501,576,0,501,576,1,1,1,1,1,1
1247,grid_1247_n7_south_west_east_middle_h3_staggered_t18,1,1,11,1768,6304,1,1,18,0,547,636,0,547,636,1,1,1,1,1,1
1248,grid_1248_n7_south_west_south_middle_h0_open_t12,1,1,4,964,3068,1,1,18,0,365,288,0,365,288,1,1,1,1,1,1
1249,grid_1249_n7_south_west_south_middle_h0_open_t14,1,1,4,1348,4532,1,1,18,0,411,332,0,411,332,1,1,1,1,1,1
1250,grid_1250_n7_south_west_south_middle_h0_open_t16,1,1,4,1738,6064,1,1,18,0,453,380,0,453,380,1,1,1,1,1,1
1251,grid_1251_n7_south_west_south_middle_h0_open_t18,1,1,4,2128,7600,1,1,18,0,495,428,0,495,428,1,1,1,1,1,1
1252,grid_1252_n7_south_west_south_middle_h0_gate_t12,1,1,4,719,2336,1,1,18,0,365,288,0,365,288,1,1,1,1,1,1
1253,grid_1253_n7_south_west_south_middle_h0_gate_t14,1,1,4,1030,3424,1,1,18,0,411,332,0,411,332,1,1,1,1,1,1
1254,grid_1254_n7_south_west_south_middle_h0_gate_t16,1,1,4,1376,4752,1,1,18,0,453,380,0,453,380,1,1,1,1,1,1
1255,grid_1255_n7_south_west_south_middle_h0_gate_t18,1,1,4,1724,6128,1,1,18,0,495,428,0,495,428,1,1,1,1,1,1
1256,grid_1256_n7_south_west_south_middle_h0_staggered_t12,1,1,4,791,2516,1,1,18,0,365,288,0,365,288,1,1,1,1,1,1
1257,grid_1257_n7_south_west_south_middle_h0_staggered_t14,1,1,4,1126,3756,1,1,18,0,411,332,0,411,332,1,1,1,1,1,1
1258,grid_1258_n7_south_west_south_middle_h0_staggered_t16,1,1,4,1476,5120,1,1,18,0,453,380,0,453,380,1,1,1,1,1,1
1259,grid_1259_n7_south_west_south_middle_h0_staggered_t18,1,1,4,1826,6496,1,1,18,0,495,428,0,495,428,1,1,1,1,1,1
1260,grid_1260_n7_south_west_south_middle_h1_open_t12,1,1,3,852,2676,1,1,18,0,129,94,0,129,94,1,1,1,1,1,1
1261,grid_1261_n7_south_west_south_middle_h1_open_t14,1,1,3,1224,4056,1,1,18,0,129,94,0,129,94,1,1,1,1,1,1
1262,grid_1262_n7_south_west_south_middle_h1_open_t16,1,1,3,1613,5568,1,1,18,0,129,94,0,129,94,1,1,1,1,1,1
1263,grid_1263_n7_south_west_south_middle_h1_open_t18,1,1,3,2003,7104,1,1,18,0,129,94,0,129,94,1,1,1,1,1,1
1264,grid_1264_n7_south_west_south_middle_h1_gate_t12,1,1,3,662,2172,1,1,18,0,129,94,0,129,94,1,1,1,1,1,1
1265,grid_1265_n7_south_west_south_middle_h1_gate_t14,1,1,3,936,3112,1,1,18,0,129,94,0,129,94,1,1,1,1,1,1
1266,grid_1266_n7_south_west_south_middle_h1_gate_t16,1,1,3,1272,4344,1,1,18,0,129,94,0,129,94,1,1,1,1,1,1
1267,grid_1267_n7_south_west_south_middle_h1_gate_t18,1,1,3,1620,5712,1,1,18,0,129,94,0,129,94,1,1,1,1,1,1
1268,grid_1268_n7_south_west_south_middle_h1_staggered_t12,1,1,3,678,2128,1,1,18,0,129,94,0,129,94,1,1,1,1,1,1
1269,grid_1269_n7_south_west_south_middle_h1_staggered_t14,1,1,3,992,3256,1,1,18,0,129,94,0,129,94,1,1,1,1,1,1
1270,grid_1270_n7_south_west_south_middle_h1_staggered_t16,1,1,3,1339,4576,1,1,18,0,129,94,0,129,94,1,1,1,1,1,1
1271,grid_1271_n7_south_west_south_middle_h1_staggered_t18,1,1,3,1689,5952,1,1,18,0,129,94,0,129,94,1,1,1,1,1,1
1272,grid_1272_n7_south_west_south_middle_h2_open_t12,1,1,4,687,2100,1,1,18,0,359,292,0,359,292,1,1,1,1,1,1
1273,grid_1273_n7_south_west_south_middle_h2_open_t14,1,1,4,1038,3356,1,1,18,0,401,340,0,401,340,1,1,1,1,1,1
1274,grid_1274_n7_south_west_south_middle_h2_open_t16,1,1,4,1422,4820,1,1,18,0,443,388,0,443,388,1,1,1,1,1,1
1275,grid_1275_n7_south_west_south_middle_h2_open_t18,1,1,4,1812,6352,1,1,18,0,484,437,0,484,437,1,1,1,1,1,1
1276,grid_1276_n7_south_west_south_middle_h2_gate_t12,1,1,4,556,1796,1,1,18,0,359,292,0,359,292,1,1,1,1,1,1
1277,grid_1277_n7_south_west_south_middle_h2_gate_t14,1,1,4,793,2624,1,1,18,0,401,340,0,401,340,1,1,1,1,1,1
1278,grid_1278_n7_south_west_south_middle_h2_gate_t16,1,1,4,1104,3712,1,1,18,0,443,388,0,443,388,1,1,1,1,1,1
1279,grid_1279_n7_south_west_south_middle_h2_gate_t18,1,1,4,1450,5040,1,1,18,0,484,437,0,484,437,1,1,1,1,1,1
1280,grid_1280_n7_south_west_south_middle_h2_staggered_t12,1,1,4,547,1684,1,1,18,0,359,292,0,359,292,1,1,1,1,1,1
1281,grid_1281_n7_south_west_south_middle_h2_staggered_t14,1,1,4,833,2676,1,1,18,0,401,340,0,401,340,1,1,1,1,1,1
1282,grid_1282_n7_south_west_south_middle_h2_staggered_t16,1,1,4,1168,3916,1,1,18,0,443,388,0,443,388,1,1,1,1,1,1
1283,grid_1283_n7_south_west_south_middle_h2_staggered_t18,1,1,4,1518,5280,1,1,18,0,484,437,0,484,437,1,1,1,1,1,1
1284,grid_1284_n7_south_west_south_middle_h3_open_t12,1,1,5,786,2420,1,1,18,0,390,287,0,390,287,1,1,1,1,1,1
1285,grid_1285_n7_south_west_south_middle_h3_open_t14,1,1,5,1158,3800,1,1,18,0,436,331,0,436,331,1,1,1,1,1,1
1286,grid_1286_n7_south_west_south_middle_h3_open_t16,1,1,5,1547,5312,1,1,18,0,480,377,0,480,377,1,1,1,1,1,1
1287,grid_1287_n7_south_west_south_middle_h3_open_t18,1,1,5,1937,6848,1,1,18,0,522,425,0,522,425,1,1,1,1,1,1
1288,grid_1288_n7_south_west_south_middle_h3_gate_t12,1,1,5,596,1916,1,1,18,0,390,287,0,390,287,1,1,1,1,1,1
1289,grid_1289_n7_south_west_south_middle_h3_gate_t14,1,1,5,870,2856,1,1,18,0,436,331,0,436,331,1,1,1,1,1,1
1290,grid_1290_n7_south_west_south_middle_h3_gate_t16,1,1,5,1206,4088,1,1,18,0,480,377,0,480,377,1,1,1,1,1,1
1291,grid_1291_n7_south_west_south_middle_h3_gate_t18,1,1,5,1554,5456,1,1,18,0,522,425,0,522,425,1,1,1,1,1,1
1292,grid_1292_n7_south_west_south_middle_h3_staggered_t12,1,1,5,644,2000,1,1,18,0,390,287,0,390,287,1,1,1,1,1,1
1293,grid_1293_n7_south_west_south_middle_h3_staggered_t14,1,1,5,958,3128,1,1,18,0,436,331,0,436,331,1,1,1,1,1,1
1294,grid_1294_n7_south_west_south_middle_h3_staggered_t16,1,1,5,1305,4448,1,1,18,0,480,377,0,480,377,1,1,1,1,1,1
1295,grid_1295_n7_south_west_south_middle_h3_staggered_t18,1,1,5,1655,5824,1,1,18,0,522,425,0,522,425,1,1,1,1,1,1
