job_id,study,case,repeat,order_index,method,workers,kernel_count,kernel_selection,presentation_count,presentation_set,elapsed_s,worker_slot_s,peak_process_tree_rss_mb,digest,valid_kernels,candidates,frontier,suite_size,graph_builds,graph_states,graph_transitions,observation_calls,policy_calls,transition_calls,prefix_groups,completed_at
gate-k100-p2-flat-w1,correctness_gate,100k_2p,0,0,flat,1,100,stratified_midpoint,2,view_04_exact_hidden_d0|view_13_hidden_exact_d1,0.08110779999969964,0.08110779999969964,46.6171875,5a22a63bd7e0f77007cc7631cef2e411f42a0a2350f0bcb390a278225416c8bf,51,102,1,1,200,7866,8716,1886,1886,1886,0,2026-07-23T23:38:06.157401+08:00
gate-k100-p2-kernel_memo-w1,correctness_gate,100k_2p,0,1,kernel_memo,1,100,stratified_midpoint,2,view_04_exact_hidden_d0|view_13_hidden_exact_d1,0.049286100000244915,0.049286100000244915,46.6875,5a22a63bd7e0f77007cc7631cef2e411f42a0a2350f0bcb390a278225416c8bf,51,102,1,1,100,3933,4358,1886,1886,1886,0,2026-07-23T23:38:06.374277+08:00
gate-k100-p2-kernel_memo_parallel-w8,correctness_gate,100k_2p,0,2,kernel_memo_parallel,8,100,stratified_midpoint,2,view_04_exact_hidden_d0|view_13_hidden_exact_d1,0.42850989999988087,3.428079199999047,244.37109375,5a22a63bd7e0f77007cc7631cef2e411f42a0a2350f0bcb390a278225416c8bf,51,102,1,1,100,3933,4358,1886,1886,1886,0,2026-07-23T23:38:06.979930+08:00
gate-k100-p2-factorized-w1,correctness_gate,100k_2p,0,3,factorized,1,100,stratified_midpoint,2,view_04_exact_hidden_d0|view_13_hidden_exact_d1,0.05541940000057366,0.05541940000057366,46.6953125,5a22a63bd7e0f77007cc7631cef2e411f42a0a2350f0bcb390a278225416c8bf,51,102,1,1,100,3933,4358,1886,1886,1886,1886,2026-07-23T23:38:07.219793+08:00
gate-k100-p2-factorized-w2,correctness_gate,100k_2p,0,4,factorized,2,100,stratified_midpoint,2,view_04_exact_hidden_d0|view_13_hidden_exact_d1,0.35904110000046785,0.7180822000009357,95.9296875,5a22a63bd7e0f77007cc7631cef2e411f42a0a2350f0bcb390a278225416c8bf,51,102,1,1,100,3933,4358,1886,1886,1886,1886,2026-07-23T23:38:07.755485+08:00
gate-k100-p2-factorized-w4,correctness_gate,100k_2p,0,5,factorized,4,100,stratified_midpoint,2,view_04_exact_hidden_d0|view_13_hidden_exact_d1,0.3574319999997897,1.4297279999991588,138.8828125,5a22a63bd7e0f77007cc7631cef2e411f42a0a2350f0bcb390a278225416c8bf,51,102,1,1,100,3933,4358,1886,1886,1886,1886,2026-07-23T23:38:08.313167+08:00
gate-k100-p2-factorized-w6,correctness_gate,100k_2p,0,6,factorized,6,100,stratified_midpoint,2,view_04_exact_hidden_d0|view_13_hidden_exact_d1,0.3849763999996867,2.30985839999812,187.4453125,5a22a63bd7e0f77007cc7631cef2e411f42a0a2350f0bcb390a278225416c8bf,51,102,1,1,100,3933,4358,1886,1886,1886,1886,2026-07-23T23:38:08.858868+08:00
gate-k100-p2-factorized-w8,correctness_gate,100k_2p,0,7,factorized,8,100,stratified_midpoint,2,view_04_exact_hidden_d0|view_13_hidden_exact_d1,0.4433877000001303,3.5471016000010422,240.76171875,5a22a63bd7e0f77007cc7631cef2e411f42a0a2350f0bcb390a278225416c8bf,51,102,1,1,100,3933,4358,1886,1886,1886,1886,2026-07-23T23:38:09.456528+08:00
gate-k100-p2-factorized-w12,correctness_gate,100k_2p,0,8,factorized,12,100,stratified_midpoint,2,view_04_exact_hidden_d0|view_13_hidden_exact_d1,0.45355120000022,5.44261440000264,326.85546875,5a22a63bd7e0f77007cc7631cef2e411f42a0a2350f0bcb390a278225416c8bf,51,102,1,1,100,3933,4358,1886,1886,1886,1886,2026-07-23T23:38:10.068284+08:00
gate-k100-p2-factorized-w16,correctness_gate,100k_2p,0,9,factorized,16,100,stratified_midpoint,2,view_04_exact_hidden_d0|view_13_hidden_exact_d1,0.6614216999996643,10.582747199994628,441.68359375,5a22a63bd7e0f77007cc7631cef2e411f42a0a2350f0bcb390a278225416c8bf,51,102,1,1,100,3933,4358,1886,1886,1886,1886,2026-07-23T23:38:10.882940+08:00
gate-k100-p8-flat-w1,correctness_gate,100k_8p,0,0,flat,1,100,stratified_midpoint,8,view_01_exact_exact_d1|view_03_exact_coarse_d1|view_05_exact_hidden_d1|view_07_coarse_exact_d1|view_10_coarse_hidden_d0|view_12_hidden_exact_d0|view_14_hidden_coarse_d0|view_16_hidden_hidden_d0,0.3273578999996971,0.3273578999996971,46.640625,8dbc4a5a9a8b031cdf925bf216e3b58df016d74740a49e0a5e8ce600f8384e58,51,408,1,1,800,31464,34864,7259,7259,7259,0,2026-07-23T23:38:11.369369+08:00
gate-k100-p8-kernel_memo-w1,correctness_gate,100k_8p,0,1,kernel_memo,1,100,stratified_midpoint,8,view_01_exact_exact_d1|view_03_exact_coarse_d1|view_05_exact_hidden_d1|view_07_coarse_exact_d1|view_10_coarse_hidden_d0|view_12_hidden_exact_d0|view_14_hidden_coarse_d0|view_16_hidden_hidden_d0,0.1412648999994417,0.1412648999994417,46.89453125,8dbc4a5a9a8b031cdf925bf216e3b58df016d74740a49e0a5e8ce600f8384e58,51,408,1,1,100,3933,4358,7259,7259,7259,0,2026-07-23T23:38:11.673867+08:00
gate-k100-p8-kernel_memo_parallel-w8,correctness_gate,100k_8p,0,2,kernel_memo_parallel,8,100,stratified_midpoint,8,view_01_exact_exact_d1|view_03_exact_coarse_d1|view_05_exact_hidden_d1|view_07_coarse_exact_d1|view_10_coarse_hidden_d0|view_12_hidden_exact_d0|view_14_hidden_coarse_d0|view_16_hidden_hidden_d0,0.42336819999945874,3.38694559999567,244.51171875,8dbc4a5a9a8b031cdf925bf216e3b58df016d74740a49e0a5e8ce600f8384e58,51,408,1,1,100,3933,4358,7259,7259,7259,0,2026-07-23T23:38:12.262556+08:00
gate-k100-p8-factorized-w1,correctness_gate,100k_8p,0,3,factorized,1,100,stratified_midpoint,8,view_01_exact_exact_d1|view_03_exact_coarse_d1|view_05_exact_hidden_d1|view_07_coarse_exact_d1|view_10_coarse_hidden_d0|view_12_hidden_exact_d0|view_14_hidden_coarse_d0|view_16_hidden_hidden_d0,0.1588326999999481,0.1588326999999481,46.90625,8dbc4a5a9a8b031cdf925bf216e3b58df016d74740a49e0a5e8ce600f8384e58,51,408,1,1,100,3933,4358,7259,5832,5832,5832,2026-07-23T23:38:12.572380+08:00
gate-k100-p8-factorized-w2,correctness_gate,100k_8p,0,4,factorized,2,100,stratified_midpoint,8,view_01_exact_exact_d1|view_03_exact_coarse_d1|view_05_exact_hidden_d1|view_07_coarse_exact_d1|view_10_coarse_hidden_d0|view_12_hidden_exact_d0|view_14_hidden_coarse_d0|view_16_hidden_hidden_d0,0.37823260000004666,0.7564652000000933,96.48828125,8dbc4a5a9a8b031cdf925bf216e3b58df016d74740a49e0a5e8ce600f8384e58,51,408,1,1,100,3933,4358,7259,5832,5832,5832,2026-07-23T23:38:13.113951+08:00
gate-k100-p8-factorized-w4,correctness_gate,100k_8p,0,5,factorized,4,100,stratified_midpoint,8,view_01_exact_exact_d1|view_03_exact_coarse_d1|view_05_exact_hidden_d1|view_07_coarse_exact_d1|view_10_coarse_hidden_d0|view_12_hidden_exact_d0|view_14_hidden_coarse_d0|view_16_hidden_hidden_d0,0.365289300000768,1.461157200003072,145.02734375,8dbc4a5a9a8b031cdf925bf216e3b58df016d74740a49e0a5e8ce600f8384e58,51,408,1,1,100,3933,4358,7259,5832,5832,5832,2026-07-23T23:38:13.634652+08:00
gate-k100-p8-factorized-w6,correctness_gate,100k_8p,0,6,factorized,6,100,stratified_midpoint,8,view_01_exact_exact_d1|view_03_exact_coarse_d1|view_05_exact_hidden_d1|view_07_coarse_exact_d1|view_10_coarse_hidden_d0|view_12_hidden_exact_d0|view_14_hidden_coarse_d0|view_16_hidden_hidden_d0,0.3721630999998524,2.2329785999991145,194.15234375,8dbc4a5a9a8b031cdf925bf216e3b58df016d74740a49e0a5e8ce600f8384e58,51,408,1,1,100,3933,4358,7259,5832,5832,5832,2026-07-23T23:38:14.164349+08:00
gate-k100-p8-factorized-w8,correctness_gate,100k_8p,0,7,factorized,8,100,stratified_midpoint,8,view_01_exact_exact_d1|view_03_exact_coarse_d1|view_05_exact_hidden_d1|view_07_coarse_exact_d1|view_10_coarse_hidden_d0|view_12_hidden_exact_d0|view_14_hidden_coarse_d0|view_16_hidden_hidden_d0,0.45096170000033453,3.6076936000026762,244.16796875,8dbc4a5a9a8b031cdf925bf216e3b58df016d74740a49e0a5e8ce600f8384e58,51,408,1,1,100,3933,4358,7259,5832,5832,5832,2026-07-23T23:38:14.772001+08:00
gate-k100-p8-factorized-w12,correctness_gate,100k_8p,0,8,factorized,12,100,stratified_midpoint,8,view_01_exact_exact_d1|view_03_exact_coarse_d1|view_05_exact_hidden_d1|view_07_coarse_exact_d1|view_10_coarse_hidden_d0|view_12_hidden_exact_d0|view_14_hidden_coarse_d0|view_16_hidden_hidden_d0,0.5083261999998285,6.099914399997942,344.16015625,8dbc4a5a9a8b031cdf925bf216e3b58df016d74740a49e0a5e8ce600f8384e58,51,408,1,1,100,3933,4358,7259,5832,5832,5832,2026-07-23T23:38:15.447764+08:00
gate-k100-p8-factorized-w16,correctness_gate,100k_8p,0,9,factorized,16,100,stratified_midpoint,8,view_01_exact_exact_d1|view_03_exact_coarse_d1|view_05_exact_hidden_d1|view_07_coarse_exact_d1|view_10_coarse_hidden_d0|view_12_hidden_exact_d0|view_14_hidden_coarse_d0|view_16_hidden_hidden_d0,0.7634053000001586,12.214484800002538,442.45703125,8dbc4a5a9a8b031cdf925bf216e3b58df016d74740a49e0a5e8ce600f8384e58,51,408,1,1,100,3933,4358,7259,5832,5832,5832,2026-07-23T23:38:16.372275+08:00
gate-k100-p18-flat-w1,correctness_gate,100k_18p,0,0,flat,1,100,stratified_midpoint,18,view_00_exact_exact_d0|view_01_exact_exact_d1|view_02_exact_coarse_d0|view_03_exact_coarse_d1|view_04_exact_hidden_d0|view_05_exact_hidden_d1|view_06_coarse_exact_d0|view_07_coarse_exact_d1|view_08_coarse_coarse_d0|view_09_coarse_coarse_d1|view_10_coarse_hidden_d0|view_11_coarse_hidden_d1|view_12_hidden_exact_d0|view_13_hidden_exact_d1|view_14_hidden_coarse_d0|view_15_hidden_coarse_d1|view_16_hidden_hidden_d0|view_17_hidden_hidden_d1,0.7659880999999586,0.7659880999999586,47.109375,691fef199cc4b737c5bcff14d2fc2870d1737e1730593f18352388395702de57,51,918,1,1,1800,70794,78444,16755,16755,16755,0,2026-07-23T23:38:17.306654+08:00
gate-k100-p18-kernel_memo-w1,correctness_gate,100k_18p,0,1,kernel_memo,1,100,stratified_midpoint,18,view_00_exact_exact_d0|view_01_exact_exact_d1|view_02_exact_coarse_d0|view_03_exact_coarse_d1|view_04_exact_hidden_d0|view_05_exact_hidden_d1|view_06_coarse_exact_d0|view_07_coarse_exact_d1|view_08_coarse_coarse_d0|view_09_coarse_coarse_d1|view_10_coarse_hidden_d0|view_11_coarse_hidden_d1|view_12_hidden_exact_d0|view_13_hidden_exact_d1|view_14_hidden_coarse_d0|view_15_hidden_coarse_d1|view_16_hidden_hidden_d0|view_17_hidden_hidden_d1,0.29542810000020836,0.29542810000020836,46.91796875,691fef199cc4b737c5bcff14d2fc2870d1737e1730593f18352388395702de57,51,918,1,1,100,3933,4358,16755,16755,16755,0,2026-07-23T23:38:17.771387+08:00
gate-k100-p18-kernel_memo_parallel-w8,correctness_gate,100k_18p,0,2,kernel_memo_parallel,8,100,stratified_midpoint,18,view_00_exact_exact_d0|view_01_exact_exact_d1|view_02_exact_coarse_d0|view_03_exact_coarse_d1|view_04_exact_hidden_d0|view_05_exact_hidden_d1|view_06_coarse_exact_d0|view_07_coarse_exact_d1|view_08_coarse_coarse_d0|view_09_coarse_coarse_d1|view_10_coarse_hidden_d0|view_11_coarse_hidden_d1|view_12_hidden_exact_d0|view_13_hidden_exact_d1|view_14_hidden_coarse_d0|view_15_hidden_coarse_d1|view_16_hidden_hidden_d0|view_17_hidden_hidden_d1,0.4664937999996255,3.731950399997004,244.76171875,691fef199cc4b737c5bcff14d2fc2870d1737e1730593f18352388395702de57,51,918,1,1,100,3933,4358,16755,16755,16755,0,2026-07-23T23:38:18.397156+08:00
gate-k100-p18-factorized-w1,correctness_gate,100k_18p,0,3,factorized,1,100,stratified_midpoint,18,view_00_exact_exact_d0|view_01_exact_exact_d1|view_02_exact_coarse_d0|view_03_exact_coarse_d1|view_04_exact_hidden_d0|view_05_exact_hidden_d1|view_06_coarse_exact_d0|view_07_coarse_exact_d1|view_08_coarse_coarse_d0|view_09_coarse_coarse_d1|view_10_coarse_hidden_d0|view_11_coarse_hidden_d1|view_12_hidden_exact_d0|view_13_hidden_exact_d1|view_14_hidden_coarse_d0|view_15_hidden_coarse_d1|view_16_hidden_hidden_d0|view_17_hidden_hidden_d1,0.29939029999968625,0.29939029999968625,46.9453125,691fef199cc4b737c5bcff14d2fc2870d1737e1730593f18352388395702de57,51,918,1,1,100,3933,4358,16755,11380,11380,11380,2026-07-23T23:38:18.866886+08:00
gate-k100-p18-factorized-w2,correctness_gate,100k_18p,0,4,factorized,2,100,stratified_midpoint,18,view_00_exact_exact_d0|view_01_exact_exact_d1|view_02_exact_coarse_d0|view_03_exact_coarse_d1|view_04_exact_hidden_d0|view_05_exact_hidden_d1|view_06_coarse_exact_d0|view_07_coarse_exact_d1|view_08_coarse_coarse_d0|view_09_coarse_coarse_d1|view_10_coarse_hidden_d0|view_11_coarse_hidden_d1|view_12_hidden_exact_d0|view_13_hidden_exact_d1|view_14_hidden_coarse_d0|view_15_hidden_coarse_d1|view_16_hidden_hidden_d0|view_17_hidden_hidden_d1,0.4316897999997309,0.8633795999994618,96.9921875,691fef199cc4b737c5bcff14d2fc2870d1737e1730593f18352388395702de57,51,918,1,1,100,3933,4358,16755,11380,11380,11380,2026-07-23T23:38:19.453554+08:00
gate-k100-p18-factorized-w4,correctness_gate,100k_18p,0,5,factorized,4,100,stratified_midpoint,18,view_00_exact_exact_d0|view_01_exact_exact_d1|view_02_exact_coarse_d0|view_03_exact_coarse_d1|view_04_exact_hidden_d0|view_05_exact_hidden_d1|view_06_coarse_exact_d0|view_07_coarse_exact_d1|view_08_coarse_coarse_d0|view_09_coarse_coarse_d1|view_10_coarse_hidden_d0|view_11_coarse_hidden_d1|view_12_hidden_exact_d0|view_13_hidden_exact_d1|view_14_hidden_coarse_d0|view_15_hidden_coarse_d1|view_16_hidden_hidden_d0|view_17_hidden_hidden_d1,0.39006440000048315,1.5602576000019326,146.3515625,691fef199cc4b737c5bcff14d2fc2870d1737e1730593f18352388395702de57,51,918,1,1,100,3933,4358,16755,11380,11380,11380,2026-07-23T23:38:19.993247+08:00
gate-k100-p18-factorized-w6,correctness_gate,100k_18p,0,6,factorized,6,100,stratified_midpoint,18,view_00_exact_exact_d0|view_01_exact_exact_d1|view_02_exact_coarse_d0|view_03_exact_coarse_d1|view_04_exact_hidden_d0|view_05_exact_hidden_d1|view_06_coarse_exact_d0|view_07_coarse_exact_d1|view_08_coarse_coarse_d0|view_09_coarse_coarse_d1|view_10_coarse_hidden_d0|view_11_coarse_hidden_d1|view_12_hidden_exact_d0|view_13_hidden_exact_d1|view_14_hidden_coarse_d0|view_15_hidden_coarse_d1|view_16_hidden_hidden_d0|view_17_hidden_hidden_d1,0.3864657000003717,2.3187942000022304,196.3671875,691fef199cc4b737c5bcff14d2fc2870d1737e1730593f18352388395702de57,51,918,1,1,100,3933,4358,16755,11380,11380,11380,2026-07-23T23:38:20.534934+08:00
gate-k100-p18-factorized-w8,correctness_gate,100k_18p,0,7,factorized,8,100,stratified_midpoint,18,view_00_exact_exact_d0|view_01_exact_exact_d1|view_02_exact_coarse_d0|view_03_exact_coarse_d1|view_04_exact_hidden_d0|view_05_exact_hidden_d1|view_06_coarse_exact_d0|view_07_coarse_exact_d1|view_08_coarse_coarse_d0|view_09_coarse_coarse_d1|view_10_coarse_hidden_d0|view_11_coarse_hidden_d1|view_12_hidden_exact_d0|view_13_hidden_exact_d1|view_14_hidden_coarse_d0|view_15_hidden_coarse_d1|view_16_hidden_hidden_d0|view_17_hidden_hidden_d1,0.4920788999997967,3.9366311999983736,244.4921875,691fef199cc4b737c5bcff14d2fc2870d1737e1730593f18352388395702de57,51,918,1,1,100,3933,4358,16755,11380,11380,11380,2026-07-23T23:38:21.186786+08:00
gate-k100-p18-factorized-w12,correctness_gate,100k_18p,0,8,factorized,12,100,stratified_midpoint,18,view_00_exact_exact_d0|view_01_exact_exact_d1|view_02_exact_coarse_d0|view_03_exact_coarse_d1|view_04_exact_hidden_d0|view_05_exact_hidden_d1|view_06_coarse_exact_d0|view_07_coarse_exact_d1|view_08_coarse_coarse_d0|view_09_coarse_coarse_d1|view_10_coarse_hidden_d0|view_11_coarse_hidden_d1|view_12_hidden_exact_d0|view_13_hidden_exact_d1|view_14_hidden_coarse_d0|view_15_hidden_coarse_d1|view_16_hidden_hidden_d0|view_17_hidden_hidden_d1,0.6100882999999158,7.321059599998989,345.18359375,691fef199cc4b737c5bcff14d2fc2870d1737e1730593f18352388395702de57,51,918,1,1,100,3933,4358,16755,11380,11380,11380,2026-07-23T23:38:21.953854+08:00
gate-k100-p18-factorized-w16,correctness_gate,100k_18p,0,9,factorized,16,100,stratified_midpoint,18,view_00_exact_exact_d0|view_01_exact_exact_d1|view_02_exact_coarse_d0|view_03_exact_coarse_d1|view_04_exact_hidden_d0|view_05_exact_hidden_d1|view_06_coarse_exact_d0|view_07_coarse_exact_d1|view_08_coarse_coarse_d0|view_09_coarse_coarse_d1|view_10_coarse_hidden_d0|view_11_coarse_hidden_d1|view_12_hidden_exact_d0|view_13_hidden_exact_d1|view_14_hidden_coarse_d0|view_15_hidden_coarse_d1|view_16_hidden_hidden_d0|view_17_hidden_hidden_d1,0.8644710999997187,13.8315375999955,439.6328125,691fef199cc4b737c5bcff14d2fc2870d1737e1730593f18352388395702de57,51,918,1,1,100,3933,4358,16755,11380,11380,11380,2026-07-23T23:38:22.987038+08:00
gate-k500-p2-flat-w1,correctness_gate,500k_2p,0,0,flat,1,500,stratified_midpoint,2,view_04_exact_hidden_d0|view_13_hidden_exact_d1,0.36900169999989885,0.36900169999989885,47.2421875,fc0becea382a29634274a0dc998c5d60f04124d097575d9e2e8de3e0a9230137,212,424,1,1,1000,35440,39236,7839,7839,7839,0,2026-07-23T23:38:23.525632+08:00
gate-k500-p2-kernel_memo-w1,correctness_gate,500k_2p,0,1,kernel_memo,1,500,stratified_midpoint,2,view_04_exact_hidden_d0|view_13_hidden_exact_d1,0.2504109999999855,0.2504109999999855,47.25,fc0becea382a29634274a0dc998c5d60f04124d097575d9e2e8de3e0a9230137,212,424,1,1,500,17720,19618,7839,7839,7839,0,2026-07-23T23:38:23.943271+08:00
gate-k500-p2-kernel_memo_parallel-w8,correctness_gate,500k_2p,0,2,kernel_memo_parallel,8,500,stratified_midpoint,2,view_04_exact_hidden_d0|view_13_hidden_exact_d1,0.47647890000007465,3.811831200000597,245.16796875,fc0becea382a29634274a0dc998c5d60f04124d097575d9e2e8de3e0a9230137,212,424,1,1,500,17720,19618,7839,7839,7839,0,2026-07-23T23:38:24.588900+08:00
gate-k500-p2-factorized-w1,correctness_gate,500k_2p,0,3,factorized,1,500,stratified_midpoint,2,view_04_exact_hidden_d0|view_13_hidden_exact_d1,0.27982149999934336,0.27982149999934336,46.94921875,fc0becea382a29634274a0dc998c5d60f04124d097575d9e2e8de3e0a9230137,212,424,1,1,500,17720,19618,7839,7839,7839,7839,2026-07-23T23:38:25.027649+08:00
gate-k500-p2-factorized-w2,correctness_gate,500k_2p,0,4,factorized,2,500,stratified_midpoint,2,view_04_exact_hidden_d0|view_13_hidden_exact_d1,0.45445789999939734,0.9089157999987947,97.08203125,fc0becea382a29634274a0dc998c5d60f04124d097575d9e2e8de3e0a9230137,212,424,1,1,500,17720,19618,7839,7839,7839,7839,2026-07-23T23:38:25.640298+08:00
gate-k500-p2-factorized-w4,correctness_gate,500k_2p,0,5,factorized,4,500,stratified_midpoint,2,view_04_exact_hidden_d0|view_13_hidden_exact_d1,0.3697398999993311,1.4789595999973244,146.87109375,fc0becea382a29634274a0dc998c5d60f04124d097575d9e2e8de3e0a9230137,212,424,1,1,500,17720,19618,7839,7839,7839,7839,2026-07-23T23:38:26.172994+08:00
gate-k500-p2-factorized-w6,correctness_gate,500k_2p,0,6,factorized,6,500,stratified_midpoint,2,view_04_exact_hidden_d0|view_13_hidden_exact_d1,0.39906729999984236,2.394403799999054,195.73828125,fc0becea382a29634274a0dc998c5d60f04124d097575d9e2e8de3e0a9230137,212,424,1,1,500,17720,19618,7839,7839,7839,7839,2026-07-23T23:38:26.729673+08:00
gate-k500-p2-factorized-w8,correctness_gate,500k_2p,0,7,factorized,8,500,stratified_midpoint,2,view_04_exact_hidden_d0|view_13_hidden_exact_d1,0.4298718000000008,3.4389744000000064,245.12890625,fc0becea382a29634274a0dc998c5d60f04124d097575d9e2e8de3e0a9230137,212,424,1,1,500,17720,19618,7839,7839,7839,7839,2026-07-23T23:38:27.325295+08:00
gate-k500-p2-factorized-w12,correctness_gate,500k_2p,0,8,factorized,12,500,stratified_midpoint,2,view_04_exact_hidden_d0|view_13_hidden_exact_d1,0.4989079999995738,5.986895999994886,345.28515625,fc0becea382a29634274a0dc998c5d60f04124d097575d9e2e8de3e0a9230137,212,424,1,1,500,17720,19618,7839,7839,7839,7839,2026-07-23T23:38:27.978921+08:00
gate-k500-p2-factorized-w16,correctness_gate,500k_2p,0,9,factorized,16,500,stratified_midpoint,2,view_04_exact_hidden_d0|view_13_hidden_exact_d1,0.9808048000004419,15.69287680000707,440.29296875,fc0becea382a29634274a0dc998c5d60f04124d097575d9e2e8de3e0a9230137,212,424,1,1,500,17720,19618,7839,7839,7839,7839,2026-07-23T23:38:29.133775+08:00
gate-k500-p8-flat-w1,correctness_gate,500k_8p,0,0,flat,1,500,stratified_midpoint,8,view_01_exact_exact_d1|view_03_exact_coarse_d1|view_05_exact_hidden_d1|view_07_coarse_exact_d1|view_10_coarse_hidden_d0|view_12_hidden_exact_d0|view_14_hidden_coarse_d0|view_16_hidden_hidden_d0,1.4692299999996976,1.4692299999996976,46.7734375,81450b4028a63baedda1d5795b1a1a9f59f88155838a521545c50da45d385f49,212,1696,1,1,4000,141760,156944,30097,30097,30097,0,2026-07-23T23:38:30.769460+08:00
gate-k500-p8-kernel_memo-w1,correctness_gate,500k_8p,0,1,kernel_memo,1,500,stratified_midpoint,8,view_01_exact_exact_d1|view_03_exact_coarse_d1|view_05_exact_hidden_d1|view_07_coarse_exact_d1|view_10_coarse_hidden_d0|view_12_hidden_exact_d0|view_14_hidden_coarse_d0|view_16_hidden_hidden_d0,0.5849029999999402,0.5849029999999402,47.9609375,81450b4028a63baedda1d5795b1a1a9f59f88155838a521545c50da45d385f49,212,1696,1,1,500,17720,19618,30097,30097,30097,0,2026-07-23T23:38:31.515035+08:00
gate-k500-p8-kernel_memo_parallel-w8,correctness_gate,500k_8p,0,2,kernel_memo_parallel,8,500,stratified_midpoint,8,view_01_exact_exact_d1|view_03_exact_coarse_d1|view_05_exact_hidden_d1|view_07_coarse_exact_d1|view_10_coarse_hidden_d0|view_12_hidden_exact_d0|view_14_hidden_coarse_d0|view_16_hidden_hidden_d0,0.49918720000005123,3.99349760000041,246.14453125,81450b4028a63baedda1d5795b1a1a9f59f88155838a521545c50da45d385f49,212,1696,1,1,500,17720,19618,30097,30097,30097,0,2026-07-23T23:38:32.172657+08:00
gate-k500-p8-factorized-w1,correctness_gate,500k_8p,0,3,factorized,1,500,stratified_midpoint,8,view_01_exact_exact_d1|view_03_exact_coarse_d1|view_05_exact_hidden_d1|view_07_coarse_exact_d1|view_10_coarse_hidden_d0|view_12_hidden_exact_d0|view_14_hidden_coarse_d0|view_16_hidden_hidden_d0,0.6679781000002549,0.6679781000002549,47.7734375,81450b4028a63baedda1d5795b1a1a9f59f88155838a521545c50da45d385f49,212,1696,1,1,500,17720,19618,30097,24008,24008,24008,2026-07-23T23:38:33.027276+08:00
gate-k500-p8-factorized-w2,correctness_gate,500k_8p,0,4,factorized,2,500,stratified_midpoint,8,view_01_exact_exact_d1|view_03_exact_coarse_d1|view_05_exact_hidden_d1|view_07_coarse_exact_d1|view_10_coarse_hidden_d0|view_12_hidden_exact_d0|view_14_hidden_coarse_d0|view_16_hidden_hidden_d0,0.6456560999995418,1.2913121999990835,97.6796875,81450b4028a63baedda1d5795b1a1a9f59f88155838a521545c50da45d385f49,212,1696,1,1,500,17720,19618,30097,24008,24008,24008,2026-07-23T23:38:33.842809+08:00
gate-k500-p8-factorized-w4,correctness_gate,500k_8p,0,5,factorized,4,500,stratified_midpoint,8,view_01_exact_exact_d1|view_03_exact_coarse_d1|view_05_exact_hidden_d1|view_07_coarse_exact_d1|view_10_coarse_hidden_d0|view_12_hidden_exact_d0|view_14_hidden_coarse_d0|view_16_hidden_hidden_d0,0.5316333000000668,2.1265332000002672,147.0703125,81450b4028a63baedda1d5795b1a1a9f59f88155838a521545c50da45d385f49,212,1696,1,1,500,17720,19618,30097,24008,24008,24008,2026-07-23T23:38:34.543833+08:00
gate-k500-p8-factorized-w6,correctness_gate,500k_8p,0,6,factorized,6,500,stratified_midpoint,8,view_01_exact_exact_d1|view_03_exact_coarse_d1|view_05_exact_hidden_d1|view_07_coarse_exact_d1|view_10_coarse_hidden_d0|view_12_hidden_exact_d0|view_14_hidden_coarse_d0|view_16_hidden_hidden_d0,0.49957089999952586,2.997425399997155,196.5703125,81450b4028a63baedda1d5795b1a1a9f59f88155838a521545c50da45d385f49,212,1696,1,1,500,17720,19618,30097,24008,24008,24008,2026-07-23T23:38:35.219445+08:00
gate-k500-p8-factorized-w8,correctness_gate,500k_8p,0,7,factorized,8,500,stratified_midpoint,8,view_01_exact_exact_d1|view_03_exact_coarse_d1|view_05_exact_hidden_d1|view_07_coarse_exact_d1|view_10_coarse_hidden_d0|view_12_hidden_exact_d0|view_14_hidden_coarse_d0|view_16_hidden_hidden_d0,0.5581108999995195,4.464887199996156,246.82421875,81450b4028a63baedda1d5795b1a1a9f59f88155838a521545c50da45d385f49,212,1696,1,1,500,17720,19618,30097,24008,24008,24008,2026-07-23T23:38:35.940529+08:00
gate-k500-p8-factorized-w12,correctness_gate,500k_8p,0,8,factorized,12,500,stratified_midpoint,8,view_01_exact_exact_d1|view_03_exact_coarse_d1|view_05_exact_hidden_d1|view_07_coarse_exact_d1|view_10_coarse_hidden_d0|view_12_hidden_exact_d0|view_14_hidden_coarse_d0|view_16_hidden_hidden_d0,0.6178986000004443,7.414783200005331,345.2421875,81450b4028a63baedda1d5795b1a1a9f59f88155838a521545c50da45d385f49,212,1696,1,1,500,17720,19618,30097,24008,24008,24008,2026-07-23T23:38:36.721082+08:00
gate-k500-p8-factorized-w16,correctness_gate,500k_8p,0,9,factorized,16,500,stratified_midpoint,8,view_01_exact_exact_d1|view_03_exact_coarse_d1|view_05_exact_hidden_d1|view_07_coarse_exact_d1|view_10_coarse_hidden_d0|view_12_hidden_exact_d0|view_14_hidden_coarse_d0|view_16_hidden_hidden_d0,0.8452250000000276,13.523600000000442,443.56640625,81450b4028a63baedda1d5795b1a1a9f59f88155838a521545c50da45d385f49,212,1696,1,1,500,17720,19618,30097,24008,24008,24008,2026-07-23T23:38:37.733553+08:00
gate-k500-p18-flat-w1,correctness_gate,500k_18p,0,0,flat,1,500,stratified_midpoint,18,view_00_exact_exact_d0|view_01_exact_exact_d1|view_02_exact_coarse_d0|view_03_exact_coarse_d1|view_04_exact_hidden_d0|view_05_exact_hidden_d1|view_06_coarse_exact_d0|view_07_coarse_exact_d1|view_08_coarse_coarse_d0|view_09_coarse_coarse_d1|view_10_coarse_hidden_d0|view_11_coarse_hidden_d1|view_12_hidden_exact_d0|view_13_hidden_exact_d1|view_14_hidden_coarse_d0|view_15_hidden_coarse_d1|view_16_hidden_hidden_d0|view_17_hidden_hidden_d1,3.342340900000636,3.342340900000636,48.23828125,3d0bd4c8dc25e1edf5b1bb5eb3aa790e92721cbb72850db418aa34c73c78e638,212,3816,1,1,9000,318960,353124,69572,69572,69572,0,2026-07-23T23:38:41.265428+08:00
gate-k500-p18-kernel_memo-w1,correctness_gate,500k_18p,0,1,kernel_memo,1,500,stratified_midpoint,18,view_00_exact_exact_d0|view_01_exact_exact_d1|view_02_exact_coarse_d0|view_03_exact_coarse_d1|view_04_exact_hidden_d0|view_05_exact_hidden_d1|view_06_coarse_exact_d0|view_07_coarse_exact_d1|view_08_coarse_coarse_d0|view_09_coarse_coarse_d1|view_10_coarse_hidden_d0|view_11_coarse_hidden_d1|view_12_hidden_exact_d0|view_13_hidden_exact_d1|view_14_hidden_coarse_d0|view_15_hidden_coarse_d1|view_16_hidden_hidden_d0|view_17_hidden_hidden_d1,1.3017859000001408,1.3017859000001408,48.3984375,3d0bd4c8dc25e1edf5b1bb5eb3aa790e92721cbb72850db418aa34c73c78e638,212,3816,1,1,500,17720,19618,69572,69572,69572,0,2026-07-23T23:38:42.727700+08:00
gate-k500-p18-kernel_memo_parallel-w8,correctness_gate,500k_18p,0,2,kernel_memo_parallel,8,500,stratified_midpoint,18,view_00_exact_exact_d0|view_01_exact_exact_d1|view_02_exact_coarse_d0|view_03_exact_coarse_d1|view_04_exact_hidden_d0|view_05_exact_hidden_d1|view_06_coarse_exact_d0|view_07_coarse_exact_d1|view_08_coarse_coarse_d0|view_09_coarse_coarse_d1|view_10_coarse_hidden_d0|view_11_coarse_hidden_d1|view_12_hidden_exact_d0|view_13_hidden_exact_d1|view_14_hidden_coarse_d0|view_15_hidden_coarse_d1|view_16_hidden_hidden_d0|view_17_hidden_hidden_d1,0.6024782000004052,4.819825600003242,246.29296875,3d0bd4c8dc25e1edf5b1bb5eb3aa790e92721cbb72850db418aa34c73c78e638,212,3816,1,1,500,17720,19618,69572,69572,69572,0,2026-07-23T23:38:43.490263+08:00
gate-k500-p18-factorized-w1,correctness_gate,500k_18p,0,3,factorized,1,500,stratified_midpoint,18,view_00_exact_exact_d0|view_01_exact_exact_d1|view_02_exact_coarse_d0|view_03_exact_coarse_d1|view_04_exact_hidden_d0|view_05_exact_hidden_d1|view_06_coarse_exact_d0|view_07_coarse_exact_d1|view_08_coarse_coarse_d0|view_09_coarse_coarse_d1|view_10_coarse_hidden_d0|view_11_coarse_hidden_d1|view_12_hidden_exact_d0|view_13_hidden_exact_d1|view_14_hidden_coarse_d0|view_15_hidden_coarse_d1|view_16_hidden_hidden_d0|view_17_hidden_hidden_d1,1.26262990000032,1.26262990000032,48.4609375,3d0bd4c8dc25e1edf5b1bb5eb3aa790e92721cbb72850db418aa34c73c78e638,212,3816,1,1,500,17720,19618,69572,46862,46862,46862,2026-07-23T23:38:44.916015+08:00
gate-k500-p18-factorized-w2,correctness_gate,500k_18p,0,4,factorized,2,500,stratified_midpoint,18,view_00_exact_exact_d0|view_01_exact_exact_d1|view_02_exact_coarse_d0|view_03_exact_coarse_d1|view_04_exact_hidden_d0|view_05_exact_hidden_d1|view_06_coarse_exact_d0|view_07_coarse_exact_d1|view_08_coarse_coarse_d0|view_09_coarse_coarse_d1|view_10_coarse_hidden_d0|view_11_coarse_hidden_d1|view_12_hidden_exact_d0|view_13_hidden_exact_d1|view_14_hidden_coarse_d0|view_15_hidden_coarse_d1|view_16_hidden_hidden_d0|view_17_hidden_hidden_d1,0.8903749999999491,1.7807499999998981,98.90625,3d0bd4c8dc25e1edf5b1bb5eb3aa790e92721cbb72850db418aa34c73c78e638,212,3816,1,1,500,17720,19618,69572,46862,46862,46862,2026-07-23T23:38:45.957417+08:00
gate-k500-p18-factorized-w4,correctness_gate,500k_18p,0,5,factorized,4,500,stratified_midpoint,18,view_00_exact_exact_d0|view_01_exact_exact_d1|view_02_exact_coarse_d0|view_03_exact_coarse_d1|view_04_exact_hidden_d0|view_05_exact_hidden_d1|view_06_coarse_exact_d0|view_07_coarse_exact_d1|view_08_coarse_coarse_d0|view_09_coarse_coarse_d1|view_10_coarse_hidden_d0|view_11_coarse_hidden_d1|view_12_hidden_exact_d0|view_13_hidden_exact_d1|view_14_hidden_coarse_d0|view_15_hidden_coarse_d1|view_16_hidden_hidden_d0|view_17_hidden_hidden_d1,0.6615547999999762,2.646219199999905,148.60546875,3d0bd4c8dc25e1edf5b1bb5eb3aa790e92721cbb72850db418aa34c73c78e638,212,3816,1,1,500,17720,19618,69572,46862,46862,46862,2026-07-23T23:38:46.781355+08:00
gate-k500-p18-factorized-w6,correctness_gate,500k_18p,0,6,factorized,6,500,stratified_midpoint,18,view_00_exact_exact_d0|view_01_exact_exact_d1|view_02_exact_coarse_d0|view_03_exact_coarse_d1|view_04_exact_hidden_d0|view_05_exact_hidden_d1|view_06_coarse_exact_d0|view_07_coarse_exact_d1|view_08_coarse_coarse_d0|view_09_coarse_coarse_d1|view_10_coarse_hidden_d0|view_11_coarse_hidden_d1|view_12_hidden_exact_d0|view_13_hidden_exact_d1|view_14_hidden_coarse_d0|view_15_hidden_coarse_d1|view_16_hidden_hidden_d0|view_17_hidden_hidden_d1,0.6239792000005764,3.7438752000034583,198.2578125,3d0bd4c8dc25e1edf5b1bb5eb3aa790e92721cbb72850db418aa34c73c78e638,212,3816,1,1,500,17720,19618,69572,46862,46862,46862,2026-07-23T23:38:47.561908+08:00
gate-k500-p18-factorized-w8,correctness_gate,500k_18p,0,7,factorized,8,500,stratified_midpoint,18,view_00_exact_exact_d0|view_01_exact_exact_d1|view_02_exact_coarse_d0|view_03_exact_coarse_d1|view_04_exact_hidden_d0|view_05_exact_hidden_d1|view_06_coarse_exact_d0|view_07_coarse_exact_d1|view_08_coarse_coarse_d0|view_09_coarse_coarse_d1|view_10_coarse_hidden_d0|view_11_coarse_hidden_d1|view_12_hidden_exact_d0|view_13_hidden_exact_d1|view_14_hidden_coarse_d0|view_15_hidden_coarse_d1|view_16_hidden_hidden_d0|view_17_hidden_hidden_d1,0.6478306999997585,5.182645599998068,247.921875,3d0bd4c8dc25e1edf5b1bb5eb3aa790e92721cbb72850db418aa34c73c78e638,212,3816,1,1,500,17720,19618,69572,46862,46862,46862,2026-07-23T23:38:48.372241+08:00
gate-k500-p18-factorized-w12,correctness_gate,500k_18p,0,8,factorized,12,500,stratified_midpoint,18,view_00_exact_exact_d0|view_01_exact_exact_d1|view_02_exact_coarse_d0|view_03_exact_coarse_d1|view_04_exact_hidden_d0|view_05_exact_hidden_d1|view_06_coarse_exact_d0|view_07_coarse_exact_d1|view_08_coarse_coarse_d0|view_09_coarse_coarse_d1|view_10_coarse_hidden_d0|view_11_coarse_hidden_d1|view_12_hidden_exact_d0|view_13_hidden_exact_d1|view_14_hidden_coarse_d0|view_15_hidden_coarse_d1|view_16_hidden_hidden_d0|view_17_hidden_hidden_d1,0.6298813000003065,7.558575600003678,346.29296875,3d0bd4c8dc25e1edf5b1bb5eb3aa790e92721cbb72850db418aa34c73c78e638,212,3816,1,1,500,17720,19618,69572,46862,46862,46862,2026-07-23T23:38:49.181776+08:00
gate-k500-p18-factorized-w16,correctness_gate,500k_18p,0,9,factorized,16,500,stratified_midpoint,18,view_00_exact_exact_d0|view_01_exact_exact_d1|view_02_exact_coarse_d0|view_03_exact_coarse_d1|view_04_exact_hidden_d0|view_05_exact_hidden_d1|view_06_coarse_exact_d0|view_07_coarse_exact_d1|view_08_coarse_coarse_d0|view_09_coarse_coarse_d1|view_10_coarse_hidden_d0|view_11_coarse_hidden_d1|view_12_hidden_exact_d0|view_13_hidden_exact_d1|view_14_hidden_coarse_d0|view_15_hidden_coarse_d1|view_16_hidden_hidden_d0|view_17_hidden_hidden_d1,0.8348034000000553,13.356854400000884,445.04296875,3d0bd4c8dc25e1edf5b1bb5eb3aa790e92721cbb72850db418aa34c73c78e638,212,3816,1,1,500,17720,19618,69572,46862,46862,46862,2026-07-23T23:38:50.186395+08:00
gate-k1200-p2-flat-w1,correctness_gate,1200k_2p,0,0,flat,1,1200,stratified_midpoint,2,view_04_exact_hidden_d0|view_13_hidden_exact_d1,0.878583300000173,0.878583300000173,48.27734375,7c27e9fb5fd68c1b9dee78ec0c6c87afab6a61cf0473e68d7bf6e3d8f23d708c,514,1028,1,1,2400,84502,93952,18534,18534,18534,0,2026-07-23T23:38:51.221002+08:00
gate-k1200-p2-kernel_memo-w1,correctness_gate,1200k_2p,0,1,kernel_memo,1,1200,stratified_midpoint,2,view_04_exact_hidden_d0|view_13_hidden_exact_d1,0.608162600000469,0.608162600000469,48.34375,7c27e9fb5fd68c1b9dee78ec0c6c87afab6a61cf0473e68d7bf6e3d8f23d708c,514,1028,1,1,1200,42251,46976,18534,18534,18534,0,2026-07-23T23:38:52.004910+08:00
gate-k1200-p2-kernel_memo_parallel-w8,correctness_gate,1200k_2p,0,2,kernel_memo_parallel,8,1200,stratified_midpoint,2,view_04_exact_hidden_d0|view_13_hidden_exact_d1,0.5452098000005208,4.361678400004166,246.76953125,7c27e9fb5fd68c1b9dee78ec0c6c87afab6a61cf0473e68d7bf6e3d8f23d708c,514,1028,1,1,1200,42251,46976,18534,18534,18534,0,2026-07-23T23:38:52.723883+08:00
gate-k1200-p2-factorized-w1,correctness_gate,1200k_2p,0,3,factorized,1,1200,stratified_midpoint,2,view_04_exact_hidden_d0|view_13_hidden_exact_d1,0.6683843000000707,0.6683843000000707,48.390625,7c27e9fb5fd68c1b9dee78ec0c6c87afab6a61cf0473e68d7bf6e3d8f23d708c,514,1028,1,1,1200,42251,46976,18534,18534,18534,18534,2026-07-23T23:38:53.557861+08:00
gate-k1200-p2-factorized-w2,correctness_gate,1200k_2p,0,4,factorized,2,1200,stratified_midpoint,2,view_04_exact_hidden_d0|view_13_hidden_exact_d1,0.6939590000001772,1.3879180000003544,98.6484375,7c27e9fb5fd68c1b9dee78ec0c6c87afab6a61cf0473e68d7bf6e3d8f23d708c,514,1028,1,1,1200,42251,46976,18534,18534,18534,18534,2026-07-23T23:38:54.422497+08:00
gate-k1200-p2-factorized-w4,correctness_gate,1200k_2p,0,5,factorized,4,1200,stratified_midpoint,2,view_04_exact_hidden_d0|view_13_hidden_exact_d1,0.4903089999997974,1.9612359999991895,148.3984375,7c27e9fb5fd68c1b9dee78ec0c6c87afab6a61cf0473e68d7bf6e3d8f23d708c,514,1028,1,1,1200,42251,46976,18534,18534,18534,18534,2026-07-23T23:38:55.127094+08:00
gate-k1200-p2-factorized-w6,correctness_gate,1200k_2p,0,6,factorized,6,1200,stratified_midpoint,2,view_04_exact_hidden_d0|view_13_hidden_exact_d1,0.499282900000253,2.995697400001518,197.203125,7c27e9fb5fd68c1b9dee78ec0c6c87afab6a61cf0473e68d7bf6e3d8f23d708c,514,1028,1,1,1200,42251,46976,18534,18534,18534,18534,2026-07-23T23:38:55.778720+08:00
gate-k1200-p2-factorized-w8,correctness_gate,1200k_2p,0,7,factorized,8,1200,stratified_midpoint,2,view_04_exact_hidden_d0|view_13_hidden_exact_d1,0.5273323999999775,4.21865919999982,246.4140625,7c27e9fb5fd68c1b9dee78ec0c6c87afab6a61cf0473e68d7bf6e3d8f23d708c,514,1028,1,1,1200,42251,46976,18534,18534,18534,18534,2026-07-23T23:38:56.473324+08:00
gate-k1200-p2-factorized-w12,correctness_gate,1200k_2p,0,8,factorized,12,1200,stratified_midpoint,2,view_04_exact_hidden_d0|view_13_hidden_exact_d1,0.6662628000003679,7.995153600004414,345.8203125,7c27e9fb5fd68c1b9dee78ec0c6c87afab6a61cf0473e68d7bf6e3d8f23d708c,514,1028,1,1,1200,42251,46976,18534,18534,18534,18534,2026-07-23T23:38:57.310609+08:00
gate-k1200-p2-factorized-w16,correctness_gate,1200k_2p,0,9,factorized,16,1200,stratified_midpoint,2,view_04_exact_hidden_d0|view_13_hidden_exact_d1,0.8305951000002096,13.289521600003354,443.0859375,7c27e9fb5fd68c1b9dee78ec0c6c87afab6a61cf0473e68d7bf6e3d8f23d708c,514,1028,1,1,1200,42251,46976,18534,18534,18534,18534,2026-07-23T23:38:58.314106+08:00
gate-k1200-p8-flat-w1,correctness_gate,1200k_8p,0,0,flat,1,1200,stratified_midpoint,8,view_01_exact_exact_d1|view_03_exact_coarse_d1|view_05_exact_hidden_d1|view_07_coarse_exact_d1|view_10_coarse_hidden_d0|view_12_hidden_exact_d0|view_14_hidden_coarse_d0|view_16_hidden_hidden_d0,3.4523921999998493,3.4523921999998493,48.453125,222b47a19c8a9b523912a2ee33ad8b49c9086d107ab7b381c2e51af5463f3a81,514,4112,1,1,9600,338008,375808,71527,71527,71527,0,2026-07-23T23:39:01.940092+08:00
gate-k1200-p8-kernel_memo-w1,correctness_gate,1200k_8p,0,1,kernel_memo,1,1200,stratified_midpoint,8,view_01_exact_exact_d1|view_03_exact_coarse_d1|view_05_exact_hidden_d1|view_07_coarse_exact_d1|view_10_coarse_hidden_d0|view_12_hidden_exact_d0|view_14_hidden_coarse_d0|view_16_hidden_hidden_d0,1.494775999999547,1.494775999999547,48.67578125,222b47a19c8a9b523912a2ee33ad8b49c9086d107ab7b381c2e51af5463f3a81,514,4112,1,1,1200,42251,46976,71527,71527,71527,0,2026-07-23T23:39:03.618421+08:00
gate-k1200-p8-kernel_memo_parallel-w8,correctness_gate,1200k_8p,0,2,kernel_memo_parallel,8,1200,stratified_midpoint,8,view_01_exact_exact_d1|view_03_exact_coarse_d1|view_05_exact_hidden_d1|view_07_coarse_exact_d1|view_10_coarse_hidden_d0|view_12_hidden_exact_d0|view_14_hidden_coarse_d0|view_16_hidden_hidden_d0,0.6883583999997427,5.5068671999979415,247.796875,222b47a19c8a9b523912a2ee33ad8b49c9086d107ab7b381c2e51af5463f3a81,514,4112,1,1,1200,42251,46976,71527,71527,71527,0,2026-07-23T23:39:04.484510+08:00
gate-k1200-p8-factorized-w1,correctness_gate,1200k_8p,0,3,factorized,1,1200,stratified_midpoint,8,view_01_exact_exact_d1|view_03_exact_coarse_d1|view_05_exact_hidden_d1|view_07_coarse_exact_d1|view_10_coarse_hidden_d0|view_12_hidden_exact_d0|view_14_hidden_coarse_d0|view_16_hidden_hidden_d0,1.5342091000002256,1.5342091000002256,48.33984375,222b47a19c8a9b523912a2ee33ad8b49c9086d107ab7b381c2e51af5463f3a81,514,4112,1,1,1200,42251,46976,71527,57172,57172,57172,2026-07-23T23:39:06.190617+08:00
gate-k1200-p8-factorized-w2,correctness_gate,1200k_8p,0,4,factorized,2,1200,stratified_midpoint,8,view_01_exact_exact_d1|view_03_exact_coarse_d1|view_05_exact_hidden_d1|view_07_coarse_exact_d1|view_10_coarse_hidden_d0|view_12_hidden_exact_d0|view_14_hidden_coarse_d0|view_16_hidden_hidden_d0,1.1051417999997284,2.210283599999457,99.02734375,222b47a19c8a9b523912a2ee33ad8b49c9086d107ab7b381c2e51af5463f3a81,514,4112,1,1,1200,42251,46976,71527,57172,57172,57172,2026-07-23T23:39:07.477543+08:00
gate-k1200-p8-factorized-w4,correctness_gate,1200k_8p,0,5,factorized,4,1200,stratified_midpoint,8,view_01_exact_exact_d1|view_03_exact_coarse_d1|view_05_exact_hidden_d1|view_07_coarse_exact_d1|view_10_coarse_hidden_d0|view_12_hidden_exact_d0|view_14_hidden_coarse_d0|view_16_hidden_hidden_d0,0.8307274999997389,3.3229099999989558,148.38671875,222b47a19c8a9b523912a2ee33ad8b49c9086d107ab7b381c2e51af5463f3a81,514,4112,1,1,1200,42251,46976,71527,57172,57172,57172,2026-07-23T23:39:08.471514+08:00
gate-k1200-p8-factorized-w6,correctness_gate,1200k_8p,0,6,factorized,6,1200,stratified_midpoint,8,view_01_exact_exact_d1|view_03_exact_coarse_d1|view_05_exact_hidden_d1|view_07_coarse_exact_d1|view_10_coarse_hidden_d0|view_12_hidden_exact_d0|view_14_hidden_coarse_d0|view_16_hidden_hidden_d0,0.7390380999995614,4.434228599997368,197.40234375,222b47a19c8a9b523912a2ee33ad8b49c9086d107ab7b381c2e51af5463f3a81,514,4112,1,1,1200,42251,46976,71527,57172,57172,57172,2026-07-23T23:39:09.377991+08:00
gate-k1200-p8-factorized-w8,correctness_gate,1200k_8p,0,7,factorized,8,1200,stratified_midpoint,8,view_01_exact_exact_d1|view_03_exact_coarse_d1|view_05_exact_hidden_d1|view_07_coarse_exact_d1|view_10_coarse_hidden_d0|view_12_hidden_exact_d0|view_14_hidden_coarse_d0|view_16_hidden_hidden_d0,0.7515198000000964,6.0121584000007715,247.078125,222b47a19c8a9b523912a2ee33ad8b49c9086d107ab7b381c2e51af5463f3a81,514,4112,1,1,1200,42251,46976,71527,57172,57172,57172,2026-07-23T23:39:10.317912+08:00
gate-k1200-p8-factorized-w12,correctness_gate,1200k_8p,0,8,factorized,12,1200,stratified_midpoint,8,view_01_exact_exact_d1|view_03_exact_coarse_d1|view_05_exact_hidden_d1|view_07_coarse_exact_d1|view_10_coarse_hidden_d0|view_12_hidden_exact_d0|view_14_hidden_coarse_d0|view_16_hidden_hidden_d0,0.829458700000032,9.953504400000384,346.51171875,222b47a19c8a9b523912a2ee33ad8b49c9086d107ab7b381c2e51af5463f3a81,514,4112,1,1,1200,42251,46976,71527,57172,57172,57172,2026-07-23T23:39:11.349851+08:00
gate-k1200-p8-factorized-w16,correctness_gate,1200k_8p,0,9,factorized,16,1200,stratified_midpoint,8,view_01_exact_exact_d1|view_03_exact_coarse_d1|view_05_exact_hidden_d1|view_07_coarse_exact_d1|view_10_coarse_hidden_d0|view_12_hidden_exact_d0|view_14_hidden_coarse_d0|view_16_hidden_hidden_d0,1.3125970000000962,21.00155200000154,445.0703125,222b47a19c8a9b523912a2ee33ad8b49c9086d107ab7b381c2e51af5463f3a81,514,4112,1,1,1200,42251,46976,71527,57172,57172,57172,2026-07-23T23:39:12.965722+08:00
gate-k1200-p18-flat-w1,correctness_gate,1200k_18p,0,0,flat,1,1200,stratified_midpoint,18,view_00_exact_exact_d0|view_01_exact_exact_d1|view_02_exact_coarse_d0|view_03_exact_coarse_d1|view_04_exact_hidden_d0|view_05_exact_hidden_d1|view_06_coarse_exact_d0|view_07_coarse_exact_d1|view_08_coarse_coarse_d0|view_09_coarse_coarse_d1|view_10_coarse_hidden_d0|view_11_coarse_hidden_d1|view_12_hidden_exact_d0|view_13_hidden_exact_d1|view_14_hidden_coarse_d0|view_15_hidden_coarse_d1|view_16_hidden_hidden_d0|view_17_hidden_hidden_d1,8.069869299999482,8.069869299999482,48.6328125,5851fee8982c2b10f5242eac43abdcd15b8bb9f5b668386034ec37d6e74d0b0b,514,9252,1,1,21600,760518,845568,165055,165055,165055,0,2026-07-23T23:39:21.313335+08:00
gate-k1200-p18-kernel_memo-w1,correctness_gate,1200k_18p,0,1,kernel_memo,1,1200,stratified_midpoint,18,view_00_exact_exact_d0|view_01_exact_exact_d1|view_02_exact_coarse_d0|view_03_exact_coarse_d1|view_04_exact_hidden_d0|view_05_exact_hidden_d1|view_06_coarse_exact_d0|view_07_coarse_exact_d1|view_08_coarse_coarse_d0|view_09_coarse_coarse_d1|view_10_coarse_hidden_d0|view_11_coarse_hidden_d1|view_12_hidden_exact_d0|view_13_hidden_exact_d1|view_14_hidden_coarse_d0|view_15_hidden_coarse_d1|view_16_hidden_hidden_d0|view_17_hidden_hidden_d1,3.0437504999999874,3.0437504999999874,48.59375,5851fee8982c2b10f5242eac43abdcd15b8bb9f5b668386034ec37d6e74d0b0b,514,9252,1,1,1200,42251,46976,165055,165055,165055,0,2026-07-23T23:39:24.532165+08:00
gate-k1200-p18-kernel_memo_parallel-w8,correctness_gate,1200k_18p,0,2,kernel_memo_parallel,8,1200,stratified_midpoint,18,view_00_exact_exact_d0|view_01_exact_exact_d1|view_02_exact_coarse_d0|view_03_exact_coarse_d1|view_04_exact_hidden_d0|view_05_exact_hidden_d1|view_06_coarse_exact_d0|view_07_coarse_exact_d1|view_08_coarse_coarse_d0|view_09_coarse_coarse_d1|view_10_coarse_hidden_d0|view_11_coarse_hidden_d1|view_12_hidden_exact_d0|view_13_hidden_exact_d1|view_14_hidden_coarse_d0|view_15_hidden_coarse_d1|view_16_hidden_hidden_d0|view_17_hidden_hidden_d1,0.9772840999994514,7.818272799995611,247.671875,5851fee8982c2b10f5242eac43abdcd15b8bb9f5b668386034ec37d6e74d0b0b,514,9252,1,1,1200,42251,46976,165055,165055,165055,0,2026-07-23T23:39:25.688503+08:00
gate-k1200-p18-factorized-w1,correctness_gate,1200k_18p,0,3,factorized,1,1200,stratified_midpoint,18,view_00_exact_exact_d0|view_01_exact_exact_d1|view_02_exact_coarse_d0|view_03_exact_coarse_d1|view_04_exact_hidden_d0|view_05_exact_hidden_d1|view_06_coarse_exact_d0|view_07_coarse_exact_d1|view_08_coarse_coarse_d0|view_09_coarse_coarse_d1|view_10_coarse_hidden_d0|view_11_coarse_hidden_d1|view_12_hidden_exact_d0|view_13_hidden_exact_d1|view_14_hidden_coarse_d0|view_15_hidden_coarse_d1|view_16_hidden_hidden_d0|view_17_hidden_hidden_d1,2.9269083999997747,2.9269083999997747,49.046875,5851fee8982c2b10f5242eac43abdcd15b8bb9f5b668386034ec37d6e74d0b0b,514,9252,1,1,1200,42251,46976,165055,111697,111697,111697,2026-07-23T23:39:28.782344+08:00
gate-k1200-p18-factorized-w2,correctness_gate,1200k_18p,0,4,factorized,2,1200,stratified_midpoint,18,view_00_exact_exact_d0|view_01_exact_exact_d1|view_02_exact_coarse_d0|view_03_exact_coarse_d1|view_04_exact_hidden_d0|view_05_exact_hidden_d1|view_06_coarse_exact_d0|view_07_coarse_exact_d1|view_08_coarse_coarse_d0|view_09_coarse_coarse_d1|view_10_coarse_hidden_d0|view_11_coarse_hidden_d1|view_12_hidden_exact_d0|view_13_hidden_exact_d1|view_14_hidden_coarse_d0|view_15_hidden_coarse_d1|view_16_hidden_hidden_d0|view_17_hidden_hidden_d1,1.768102999999428,3.536205999998856,100.2109375,5851fee8982c2b10f5242eac43abdcd15b8bb9f5b668386034ec37d6e74d0b0b,514,9252,1,1,1200,42251,46976,165055,111697,111697,111697,2026-07-23T23:39:30.737561+08:00
gate-k1200-p18-factorized-w4,correctness_gate,1200k_18p,0,5,factorized,4,1200,stratified_midpoint,18,view_00_exact_exact_d0|view_01_exact_exact_d1|view_02_exact_coarse_d0|view_03_exact_coarse_d1|view_04_exact_hidden_d0|view_05_exact_hidden_d1|view_06_coarse_exact_d0|view_07_coarse_exact_d1|view_08_coarse_coarse_d0|view_09_coarse_coarse_d1|view_10_coarse_hidden_d0|view_11_coarse_hidden_d1|view_12_hidden_exact_d0|view_13_hidden_exact_d1|view_14_hidden_coarse_d0|view_15_hidden_coarse_d1|view_16_hidden_hidden_d0|view_17_hidden_hidden_d1,1.1295571999999083,4.518228799999633,149.578125,5851fee8982c2b10f5242eac43abdcd15b8bb9f5b668386034ec37d6e74d0b0b,514,9252,1,1,1200,42251,46976,165055,111697,111697,111697,2026-07-23T23:39:32.135759+08:00
gate-k1200-p18-factorized-w6,correctness_gate,1200k_18p,0,6,factorized,6,1200,stratified_midpoint,18,view_00_exact_exact_d0|view_01_exact_exact_d1|view_02_exact_coarse_d0|view_03_exact_coarse_d1|view_04_exact_hidden_d0|view_05_exact_hidden_d1|view_06_coarse_exact_d0|view_07_coarse_exact_d1|view_08_coarse_coarse_d0|view_09_coarse_coarse_d1|view_10_coarse_hidden_d0|view_11_coarse_hidden_d1|view_12_hidden_exact_d0|view_13_hidden_exact_d1|view_14_hidden_coarse_d0|view_15_hidden_coarse_d1|view_16_hidden_hidden_d0|view_17_hidden_hidden_d1,1.0303735999996206,6.182241599997724,198.3828125,5851fee8982c2b10f5242eac43abdcd15b8bb9f5b668386034ec37d6e74d0b0b,514,9252,1,1,1200,42251,46976,165055,111697,111697,111697,2026-07-23T23:39:33.386535+08:00
gate-k1200-p18-factorized-w8,correctness_gate,1200k_18p,0,7,factorized,8,1200,stratified_midpoint,18,view_00_exact_exact_d0|view_01_exact_exact_d1|view_02_exact_coarse_d0|view_03_exact_coarse_d1|view_04_exact_hidden_d0|view_05_exact_hidden_d1|view_06_coarse_exact_d0|view_07_coarse_exact_d1|view_08_coarse_coarse_d0|view_09_coarse_coarse_d1|view_10_coarse_hidden_d0|view_11_coarse_hidden_d1|view_12_hidden_exact_d0|view_13_hidden_exact_d1|view_14_hidden_coarse_d0|view_15_hidden_coarse_d1|view_16_hidden_hidden_d0|view_17_hidden_hidden_d1,0.9608709000003728,7.686967200002982,249.23046875,5851fee8982c2b10f5242eac43abdcd15b8bb9f5b668386034ec37d6e74d0b0b,514,9252,1,1,1200,42251,46976,165055,111697,111697,111697,2026-07-23T23:39:34.565434+08:00
gate-k1200-p18-factorized-w12,correctness_gate,1200k_18p,0,8,factorized,12,1200,stratified_midpoint,18,view_00_exact_exact_d0|view_01_exact_exact_d1|view_02_exact_coarse_d0|view_03_exact_coarse_d1|view_04_exact_hidden_d0|view_05_exact_hidden_d1|view_06_coarse_exact_d0|view_07_coarse_exact_d1|view_08_coarse_coarse_d0|view_09_coarse_coarse_d1|view_10_coarse_hidden_d0|view_11_coarse_hidden_d1|view_12_hidden_exact_d0|view_13_hidden_exact_d1|view_14_hidden_coarse_d0|view_15_hidden_coarse_d1|view_16_hidden_hidden_d0|view_17_hidden_hidden_d1,0.9536670999996204,11.444005199995445,348.24609375,5851fee8982c2b10f5242eac43abdcd15b8bb9f5b668386034ec37d6e74d0b0b,514,9252,1,1,1200,42251,46976,165055,111697,111697,111697,2026-07-23T23:39:35.721255+08:00
gate-k1200-p18-factorized-w16,correctness_gate,1200k_18p,0,9,factorized,16,1200,stratified_midpoint,18,view_00_exact_exact_d0|view_01_exact_exact_d1|view_02_exact_coarse_d0|view_03_exact_coarse_d1|view_04_exact_hidden_d0|view_05_exact_hidden_d1|view_06_coarse_exact_d0|view_07_coarse_exact_d1|view_08_coarse_coarse_d0|view_09_coarse_coarse_d1|view_10_coarse_hidden_d0|view_11_coarse_hidden_d1|view_12_hidden_exact_d0|view_13_hidden_exact_d1|view_14_hidden_coarse_d0|view_15_hidden_coarse_d1|view_16_hidden_hidden_d0|view_17_hidden_hidden_d1,1.0074537000000419,16.11925920000067,447.58203125,5851fee8982c2b10f5242eac43abdcd15b8bb9f5b668386034ec37d6e74d0b0b,514,9252,1,1,1200,42251,46976,165055,111697,111697,111697,2026-07-23T23:39:36.904760+08:00
methods-k24624-p18-r0-flat-w1,method_ladder,24624k_18p,0,0,flat,1,24624,complete_grid,18,view_00_exact_exact_d0|view_01_exact_exact_d1|view_02_exact_coarse_d0|view_03_exact_coarse_d1|view_04_exact_hidden_d0|view_05_exact_hidden_d1|view_06_coarse_exact_d0|view_07_coarse_exact_d1|view_08_coarse_coarse_d0|view_09_coarse_coarse_d1|view_10_coarse_hidden_d0|view_11_coarse_hidden_d1|view_12_hidden_exact_d0|view_13_hidden_exact_d1|view_14_hidden_coarse_d0|view_15_hidden_coarse_d1|view_16_hidden_hidden_d0|view_17_hidden_hidden_d1,164.7235025,164.7235025,90.37890625,a171500c18441ecbe3f8e05125a928ca5b88d5b874ee80a16d3d8e88b67fa411,10544,189792,1,1,443232,15669990,17419104,3382177,3382177,3382177,0,2026-07-23T23:42:21.991904+08:00
methods-k24624-p18-r0-kernel_memo-w1,method_ladder,24624k_18p,0,1,kernel_memo,1,24624,complete_grid,18,view_00_exact_exact_d0|view_01_exact_exact_d1|view_02_exact_coarse_d0|view_03_exact_coarse_d1|view_04_exact_hidden_d0|view_05_exact_hidden_d1|view_06_coarse_exact_d0|view_07_coarse_exact_d1|view_08_coarse_coarse_d0|view_09_coarse_coarse_d1|view_10_coarse_hidden_d0|view_11_coarse_hidden_d1|view_12_hidden_exact_d0|view_13_hidden_exact_d1|view_14_hidden_coarse_d0|view_15_hidden_coarse_d1|view_16_hidden_hidden_d0|view_17_hidden_hidden_d1,63.51708670000062,63.51708670000062,89.9375,a171500c18441ecbe3f8e05125a928ca5b88d5b874ee80a16d3d8e88b67fa411,10544,189792,1,1,24624,870555,967728,3382177,3382177,3382177,0,2026-07-23T23:43:25.868724+08:00
methods-k24624-p18-r0-factorized-w1,method_ladder,24624k_18p,0,2,factorized,1,24624,complete_grid,18,view_00_exact_exact_d0|view_01_exact_exact_d1|view_02_exact_coarse_d0|view_03_exact_coarse_d1|view_04_exact_hidden_d0|view_05_exact_hidden_d1|view_06_coarse_exact_d0|view_07_coarse_exact_d1|view_08_coarse_coarse_d0|view_09_coarse_coarse_d1|view_10_coarse_hidden_d0|view_11_coarse_hidden_d1|view_12_hidden_exact_d0|view_13_hidden_exact_d1|view_14_hidden_coarse_d0|view_15_hidden_coarse_d1|view_16_hidden_hidden_d0|view_17_hidden_hidden_d1,62.42095530000006,62.42095530000006,102.69921875,a171500c18441ecbe3f8e05125a928ca5b88d5b874ee80a16d3d8e88b67fa411,10544,189792,1,1,24624,870555,967728,3382177,2288074,2288074,2288074,2026-07-23T23:44:28.669971+08:00
methods-k24624-p18-r0-kernel_memo_parallel-w8,method_ladder,24624k_18p,0,3,kernel_memo_parallel,8,24624,complete_grid,18,view_00_exact_exact_d0|view_01_exact_exact_d1|view_02_exact_coarse_d0|view_03_exact_coarse_d1|view_04_exact_hidden_d0|view_05_exact_hidden_d1|view_06_coarse_exact_d0|view_07_coarse_exact_d1|view_08_coarse_coarse_d0|view_09_coarse_coarse_d1|view_10_coarse_hidden_d0|view_11_coarse_hidden_d1|view_12_hidden_exact_d0|view_13_hidden_exact_d1|view_14_hidden_coarse_d0|view_15_hidden_coarse_d1|view_16_hidden_hidden_d0|view_17_hidden_hidden_d1,10.91918429999987,87.35347439999896,287.3359375,a171500c18441ecbe3f8e05125a928ca5b88d5b874ee80a16d3d8e88b67fa411,10544,189792,1,1,24624,870555,967728,3382177,3382177,3382177,0,2026-07-23T23:44:39.944023+08:00
methods-k24624-p18-r0-factorized-w8,method_ladder,24624k_18p,0,4,factorized,8,24624,complete_grid,18,view_00_exact_exact_d0|view_01_exact_exact_d1|view_02_exact_coarse_d0|view_03_exact_coarse_d1|view_04_exact_hidden_d0|view_05_exact_hidden_d1|view_06_coarse_exact_d0|view_07_coarse_exact_d1|view_08_coarse_coarse_d0|view_09_coarse_coarse_d1|view_10_coarse_hidden_d0|view_11_coarse_hidden_d1|view_12_hidden_exact_d0|view_13_hidden_exact_d1|view_14_hidden_coarse_d0|view_15_hidden_coarse_d1|view_16_hidden_hidden_d0|view_17_hidden_hidden_d1,10.670699399999648,85.36559519999719,288.5390625,a171500c18441ecbe3f8e05125a928ca5b88d5b874ee80a16d3d8e88b67fa411,10544,189792,1,1,24624,870555,967728,3382177,2288074,2288074,2288074,2026-07-23T23:44:50.975883+08:00
methods-k24624-p18-r1-kernel_memo-w1,method_ladder,24624k_18p,1,0,kernel_memo,1,24624,complete_grid,18,view_00_exact_exact_d0|view_01_exact_exact_d1|view_02_exact_coarse_d0|view_03_exact_coarse_d1|view_04_exact_hidden_d0|view_05_exact_hidden_d1|view_06_coarse_exact_d0|view_07_coarse_exact_d1|view_08_coarse_coarse_d0|view_09_coarse_coarse_d1|view_10_coarse_hidden_d0|view_11_coarse_hidden_d1|view_12_hidden_exact_d0|view_13_hidden_exact_d1|view_14_hidden_coarse_d0|view_15_hidden_coarse_d1|view_16_hidden_hidden_d0|view_17_hidden_hidden_d1,64.00802350000049,64.00802350000049,90.08984375,a171500c18441ecbe3f8e05125a928ca5b88d5b874ee80a16d3d8e88b67fa411,10544,189792,1,1,24624,870555,967728,3382177,3382177,3382177,0,2026-07-23T23:45:55.374318+08:00
methods-k24624-p18-r1-factorized-w1,method_ladder,24624k_18p,1,1,factorized,1,24624,complete_grid,18,view_00_exact_exact_d0|view_01_exact_exact_d1|view_02_exact_coarse_d0|view_03_exact_coarse_d1|view_04_exact_hidden_d0|view_05_exact_hidden_d1|view_06_coarse_exact_d0|view_07_coarse_exact_d1|view_08_coarse_coarse_d0|view_09_coarse_coarse_d1|view_10_coarse_hidden_d0|view_11_coarse_hidden_d1|view_12_hidden_exact_d0|view_13_hidden_exact_d1|view_14_hidden_coarse_d0|view_15_hidden_coarse_d1|view_16_hidden_hidden_d0|view_17_hidden_hidden_d1,63.02008190000015,63.02008190000015,102.62109375,a171500c18441ecbe3f8e05125a928ca5b88d5b874ee80a16d3d8e88b67fa411,10544,189792,1,1,24624,870555,967728,3382177,2288074,2288074,2288074,2026-07-23T23:46:58.776113+08:00
methods-k24624-p18-r1-kernel_memo_parallel-w8,method_ladder,24624k_18p,1,2,kernel_memo_parallel,8,24624,complete_grid,18,view_00_exact_exact_d0|view_01_exact_exact_d1|view_02_exact_coarse_d0|view_03_exact_coarse_d1|view_04_exact_hidden_d0|view_05_exact_hidden_d1|view_06_coarse_exact_d0|view_07_coarse_exact_d1|view_08_coarse_coarse_d0|view_09_coarse_coarse_d1|view_10_coarse_hidden_d0|view_11_coarse_hidden_d1|view_12_hidden_exact_d0|view_13_hidden_exact_d1|view_14_hidden_coarse_d0|view_15_hidden_coarse_d1|view_16_hidden_hidden_d0|view_17_hidden_hidden_d1,11.784951300000102,94.27961040000082,287.69921875,a171500c18441ecbe3f8e05125a928ca5b88d5b874ee80a16d3d8e88b67fa411,10544,189792,1,1,24624,870555,967728,3382177,3382177,3382177,0,2026-07-23T23:47:10.935205+08:00
methods-k24624-p18-r1-factorized-w8,method_ladder,24624k_18p,1,3,factorized,8,24624,complete_grid,18,view_00_exact_exact_d0|view_01_exact_exact_d1|view_02_exact_coarse_d0|view_03_exact_coarse_d1|view_04_exact_hidden_d0|view_05_exact_hidden_d1|view_06_coarse_exact_d0|view_07_coarse_exact_d1|view_08_coarse_coarse_d0|view_09_coarse_coarse_d1|view_10_coarse_hidden_d0|view_11_coarse_hidden_d1|view_12_hidden_exact_d0|view_13_hidden_exact_d1|view_14_hidden_coarse_d0|view_15_hidden_coarse_d1|view_16_hidden_hidden_d0|view_17_hidden_hidden_d1,11.502532999999858,92.02026399999886,288.18359375,a171500c18441ecbe3f8e05125a928ca5b88d5b874ee80a16d3d8e88b67fa411,10544,189792,1,1,24624,870555,967728,3382177,2288074,2288074,2288074,2026-07-23T23:47:22.830230+08:00
methods-k24624-p18-r1-flat-w1,method_ladder,24624k_18p,1,4,flat,1,24624,complete_grid,18,view_00_exact_exact_d0|view_01_exact_exact_d1|view_02_exact_coarse_d0|view_03_exact_coarse_d1|view_04_exact_hidden_d0|view_05_exact_hidden_d1|view_06_coarse_exact_d0|view_07_coarse_exact_d1|view_08_coarse_coarse_d0|view_09_coarse_coarse_d1|view_10_coarse_hidden_d0|view_11_coarse_hidden_d1|view_12_hidden_exact_d0|view_13_hidden_exact_d1|view_14_hidden_coarse_d0|view_15_hidden_coarse_d1|view_16_hidden_hidden_d0|view_17_hidden_hidden_d1,168.54666070000076,168.54666070000076,92.04296875,a171500c18441ecbe3f8e05125a928ca5b88d5b874ee80a16d3d8e88b67fa411,10544,189792,1,1,443232,15669990,17419104,3382177,3382177,3382177,0,2026-07-23T23:50:11.742179+08:00
methods-k24624-p18-r2-factorized-w1,method_ladder,24624k_18p,2,0,factorized,1,24624,complete_grid,18,view_00_exact_exact_d0|view_01_exact_exact_d1|view_02_exact_coarse_d0|view_03_exact_coarse_d1|view_04_exact_hidden_d0|view_05_exact_hidden_d1|view_06_coarse_exact_d0|view_07_coarse_exact_d1|view_08_coarse_coarse_d0|view_09_coarse_coarse_d1|view_10_coarse_hidden_d0|view_11_coarse_hidden_d1|view_12_hidden_exact_d0|view_13_hidden_exact_d1|view_14_hidden_coarse_d0|view_15_hidden_coarse_d1|view_16_hidden_hidden_d0|view_17_hidden_hidden_d1,62.4817008,62.4817008,103.2265625,a171500c18441ecbe3f8e05125a928ca5b88d5b874ee80a16d3d8e88b67fa411,10544,189792,1,1,24624,870555,967728,3382177,2288074,2288074,2288074,2026-07-23T23:51:14.605252+08:00
methods-k24624-p18-r2-kernel_memo_parallel-w8,method_ladder,24624k_18p,2,1,kernel_memo_parallel,8,24624,complete_grid,18,view_00_exact_exact_d0|view_01_exact_exact_d1|view_02_exact_coarse_d0|view_03_exact_coarse_d1|view_04_exact_hidden_d0|view_05_exact_hidden_d1|view_06_coarse_exact_d0|view_07_coarse_exact_d1|view_08_coarse_coarse_d0|view_09_coarse_coarse_d1|view_10_coarse_hidden_d0|view_11_coarse_hidden_d1|view_12_hidden_exact_d0|view_13_hidden_exact_d1|view_14_hidden_coarse_d0|view_15_hidden_coarse_d1|view_16_hidden_hidden_d0|view_17_hidden_hidden_d1,10.65805999999975,85.264479999998,288.73828125,a171500c18441ecbe3f8e05125a928ca5b88d5b874ee80a16d3d8e88b67fa411,10544,189792,1,1,24624,870555,967728,3382177,3382177,3382177,0,2026-07-23T23:51:25.638039+08:00
methods-k24624-p18-r2-factorized-w8,method_ladder,24624k_18p,2,2,factorized,8,24624,complete_grid,18,view_00_exact_exact_d0|view_01_exact_exact_d1|view_02_exact_coarse_d0|view_03_exact_coarse_d1|view_04_exact_hidden_d0|view_05_exact_hidden_d1|view_06_coarse_exact_d0|view_07_coarse_exact_d1|view_08_coarse_coarse_d0|view_09_coarse_coarse_d1|view_10_coarse_hidden_d0|view_11_coarse_hidden_d1|view_12_hidden_exact_d0|view_13_hidden_exact_d1|view_14_hidden_coarse_d0|view_15_hidden_coarse_d1|view_16_hidden_hidden_d0|view_17_hidden_hidden_d1,10.790117999999893,86.32094399999914,290.20703125,a171500c18441ecbe3f8e05125a928ca5b88d5b874ee80a16d3d8e88b67fa411,10544,189792,1,1,24624,870555,967728,3382177,2288074,2288074,2288074,2026-07-23T23:51:36.797037+08:00
methods-k24624-p18-r2-flat-w1,method_ladder,24624k_18p,2,3,flat,1,24624,complete_grid,18,view_00_exact_exact_d0|view_01_exact_exact_d1|view_02_exact_coarse_d0|view_03_exact_coarse_d1|view_04_exact_hidden_d0|view_05_exact_hidden_d1|view_06_coarse_exact_d0|view_07_coarse_exact_d1|view_08_coarse_coarse_d0|view_09_coarse_coarse_d1|view_10_coarse_hidden_d0|view_11_coarse_hidden_d1|view_12_hidden_exact_d0|view_13_hidden_exact_d1|view_14_hidden_coarse_d0|view_15_hidden_coarse_d1|view_16_hidden_hidden_d0|view_17_hidden_hidden_d1,168.13237060000029,168.13237060000029,94.9453125,a171500c18441ecbe3f8e05125a928ca5b88d5b874ee80a16d3d8e88b67fa411,10544,189792,1,1,443232,15669990,17419104,3382177,3382177,3382177,0,2026-07-23T23:54:25.326214+08:00
methods-k24624-p18-r2-kernel_memo-w1,method_ladder,24624k_18p,2,4,kernel_memo,1,24624,complete_grid,18,view_00_exact_exact_d0|view_01_exact_exact_d1|view_02_exact_coarse_d0|view_03_exact_coarse_d1|view_04_exact_hidden_d0|view_05_exact_hidden_d1|view_06_coarse_exact_d0|view_07_coarse_exact_d1|view_08_coarse_coarse_d0|view_09_coarse_coarse_d1|view_10_coarse_hidden_d0|view_11_coarse_hidden_d1|view_12_hidden_exact_d0|view_13_hidden_exact_d1|view_14_hidden_coarse_d0|view_15_hidden_coarse_d1|view_16_hidden_hidden_d0|view_17_hidden_hidden_d1,64.45496479999929,64.45496479999929,93.75390625,a171500c18441ecbe3f8e05125a928ca5b88d5b874ee80a16d3d8e88b67fa411,10544,189792,1,1,24624,870555,967728,3382177,3382177,3382177,0,2026-07-23T23:55:30.166027+08:00
methods-k24624-p18-r3-kernel_memo_parallel-w8,method_ladder,24624k_18p,3,0,kernel_memo_parallel,8,24624,complete_grid,18,view_00_exact_exact_d0|view_01_exact_exact_d1|view_02_exact_coarse_d0|view_03_exact_coarse_d1|view_04_exact_hidden_d0|view_05_exact_hidden_d1|view_06_coarse_exact_d0|view_07_coarse_exact_d1|view_08_coarse_coarse_d0|view_09_coarse_coarse_d1|view_10_coarse_hidden_d0|view_11_coarse_hidden_d1|view_12_hidden_exact_d0|view_13_hidden_exact_d1|view_14_hidden_coarse_d0|view_15_hidden_coarse_d1|view_16_hidden_hidden_d0|view_17_hidden_hidden_d1,10.808725599999889,86.46980479999911,291.35546875,a171500c18441ecbe3f8e05125a928ca5b88d5b874ee80a16d3d8e88b67fa411,10544,189792,1,1,24624,870555,967728,3382177,3382177,3382177,0,2026-07-23T23:55:41.350996+08:00
methods-k24624-p18-r3-factorized-w8,method_ladder,24624k_18p,3,1,factorized,8,24624,complete_grid,18,view_00_exact_exact_d0|view_01_exact_exact_d1|view_02_exact_coarse_d0|view_03_exact_coarse_d1|view_04_exact_hidden_d0|view_05_exact_hidden_d1|view_06_coarse_exact_d0|view_07_coarse_exact_d1|view_08_coarse_coarse_d0|view_09_coarse_coarse_d1|view_10_coarse_hidden_d0|view_11_coarse_hidden_d1|view_12_hidden_exact_d0|view_13_hidden_exact_d1|view_14_hidden_coarse_d0|view_15_hidden_coarse_d1|view_16_hidden_hidden_d0|view_17_hidden_hidden_d1,10.816879899999549,86.53503919999639,291.85546875,a171500c18441ecbe3f8e05125a928ca5b88d5b874ee80a16d3d8e88b67fa411,10544,189792,1,1,24624,870555,967728,3382177,2288074,2288074,2288074,2026-07-23T23:55:52.564187+08:00
methods-k24624-p18-r3-flat-w1,method_ladder,24624k_18p,3,2,flat,1,24624,complete_grid,18,view_00_exact_exact_d0|view_01_exact_exact_d1|view_02_exact_coarse_d0|view_03_exact_coarse_d1|view_04_exact_hidden_d0|view_05_exact_hidden_d1|view_06_coarse_exact_d0|view_07_coarse_exact_d1|view_08_coarse_coarse_d0|view_09_coarse_coarse_d1|view_10_coarse_hidden_d0|view_11_coarse_hidden_d1|view_12_hidden_exact_d0|view_13_hidden_exact_d1|view_14_hidden_coarse_d0|view_15_hidden_coarse_d1|view_16_hidden_hidden_d0|view_17_hidden_hidden_d1,164.59151850000035,164.59151850000035,94.78125,a171500c18441ecbe3f8e05125a928ca5b88d5b874ee80a16d3d8e88b67fa411,10544,189792,1,1,443232,15669990,17419104,3382177,3382177,3382177,0,2026-07-23T23:58:37.564129+08:00
methods-k24624-p18-r3-kernel_memo-w1,method_ladder,24624k_18p,3,3,kernel_memo,1,24624,complete_grid,18,view_00_exact_exact_d0|view_01_exact_exact_d1|view_02_exact_coarse_d0|view_03_exact_coarse_d1|view_04_exact_hidden_d0|view_05_exact_hidden_d1|view_06_coarse_exact_d0|view_07_coarse_exact_d1|view_08_coarse_coarse_d0|view_09_coarse_coarse_d1|view_10_coarse_hidden_d0|view_11_coarse_hidden_d1|view_12_hidden_exact_d0|view_13_hidden_exact_d1|view_14_hidden_coarse_d0|view_15_hidden_coarse_d1|view_16_hidden_hidden_d0|view_17_hidden_hidden_d1,65.52707089999967,65.52707089999967,93.50390625,a171500c18441ecbe3f8e05125a928ca5b88d5b874ee80a16d3d8e88b67fa411,10544,189792,1,1,24624,870555,967728,3382177,3382177,3382177,0,2026-07-23T23:59:43.468366+08:00
methods-k24624-p18-r3-factorized-w1,method_ladder,24624k_18p,3,4,factorized,1,24624,complete_grid,18,view_00_exact_exact_d0|view_01_exact_exact_d1|view_02_exact_coarse_d0|view_03_exact_coarse_d1|view_04_exact_hidden_d0|view_05_exact_hidden_d1|view_06_coarse_exact_d0|view_07_coarse_exact_d1|view_08_coarse_coarse_d0|view_09_coarse_coarse_d1|view_10_coarse_hidden_d0|view_11_coarse_hidden_d1|view_12_hidden_exact_d0|view_13_hidden_exact_d1|view_14_hidden_coarse_d0|view_15_hidden_coarse_d1|view_16_hidden_hidden_d0|view_17_hidden_hidden_d1,63.25994149999951,63.25994149999951,102.94921875,a171500c18441ecbe3f8e05125a928ca5b88d5b874ee80a16d3d8e88b67fa411,10544,189792,1,1,24624,870555,967728,3382177,2288074,2288074,2288074,2026-07-24T00:00:47.140113+08:00
methods-k24624-p18-r4-factorized-w8,method_ladder,24624k_18p,4,0,factorized,8,24624,complete_grid,18,view_00_exact_exact_d0|view_01_exact_exact_d1|view_02_exact_coarse_d0|view_03_exact_coarse_d1|view_04_exact_hidden_d0|view_05_exact_hidden_d1|view_06_coarse_exact_d0|view_07_coarse_exact_d1|view_08_coarse_coarse_d0|view_09_coarse_coarse_d1|view_10_coarse_hidden_d0|view_11_coarse_hidden_d1|view_12_hidden_exact_d0|view_13_hidden_exact_d1|view_14_hidden_coarse_d0|view_15_hidden_coarse_d1|view_16_hidden_hidden_d0|view_17_hidden_hidden_d1,10.948952599999757,87.59162079999805,290.125,a171500c18441ecbe3f8e05125a928ca5b88d5b874ee80a16d3d8e88b67fa411,10544,189792,1,1,24624,870555,967728,3382177,2288074,2288074,2288074,2026-07-24T00:00:58.485383+08:00
methods-k24624-p18-r4-flat-w1,method_ladder,24624k_18p,4,1,flat,1,24624,complete_grid,18,view_00_exact_exact_d0|view_01_exact_exact_d1|view_02_exact_coarse_d0|view_03_exact_coarse_d1|view_04_exact_hidden_d0|view_05_exact_hidden_d1|view_06_coarse_exact_d0|view_07_coarse_exact_d1|view_08_coarse_coarse_d0|view_09_coarse_coarse_d1|view_10_coarse_hidden_d0|view_11_coarse_hidden_d1|view_12_hidden_exact_d0|view_13_hidden_exact_d1|view_14_hidden_coarse_d0|view_15_hidden_coarse_d1|view_16_hidden_hidden_d0|view_17_hidden_hidden_d1,165.64020849999997,165.64020849999997,92.8046875,a171500c18441ecbe3f8e05125a928ca5b88d5b874ee80a16d3d8e88b67fa411,10544,189792,1,1,443232,15669990,17419104,3382177,3382177,3382177,0,2026-07-24T00:03:44.511409+08:00
methods-k24624-p18-r4-kernel_memo-w1,method_ladder,24624k_18p,4,2,kernel_memo,1,24624,complete_grid,18,view_00_exact_exact_d0|view_01_exact_exact_d1|view_02_exact_coarse_d0|view_03_exact_coarse_d1|view_04_exact_hidden_d0|view_05_exact_hidden_d1|view_06_coarse_exact_d0|view_07_coarse_exact_d1|view_08_coarse_coarse_d0|view_09_coarse_coarse_d1|view_10_coarse_hidden_d0|view_11_coarse_hidden_d1|view_12_hidden_exact_d0|view_13_hidden_exact_d1|view_14_hidden_coarse_d0|view_15_hidden_coarse_d1|view_16_hidden_hidden_d0|view_17_hidden_hidden_d1,63.49543100000028,63.49543100000028,92.28515625,a171500c18441ecbe3f8e05125a928ca5b88d5b874ee80a16d3d8e88b67fa411,10544,189792,1,1,24624,870555,967728,3382177,3382177,3382177,0,2026-07-24T00:04:48.393885+08:00
methods-k24624-p18-r4-factorized-w1,method_ladder,24624k_18p,4,3,factorized,1,24624,complete_grid,18,view_00_exact_exact_d0|view_01_exact_exact_d1|view_02_exact_coarse_d0|view_03_exact_coarse_d1|view_04_exact_hidden_d0|view_05_exact_hidden_d1|view_06_coarse_exact_d0|view_07_coarse_exact_d1|view_08_coarse_coarse_d0|view_09_coarse_coarse_d1|view_10_coarse_hidden_d0|view_11_coarse_hidden_d1|view_12_hidden_exact_d0|view_13_hidden_exact_d1|view_14_hidden_coarse_d0|view_15_hidden_coarse_d1|view_16_hidden_hidden_d0|view_17_hidden_hidden_d1,62.002138199999536,62.002138199999536,102.68359375,a171500c18441ecbe3f8e05125a928ca5b88d5b874ee80a16d3d8e88b67fa411,10544,189792,1,1,24624,870555,967728,3382177,2288074,2288074,2288074,2026-07-24T00:05:50.756943+08:00
methods-k24624-p18-r4-kernel_memo_parallel-w8,method_ladder,24624k_18p,4,4,kernel_memo_parallel,8,24624,complete_grid,18,view_00_exact_exact_d0|view_01_exact_exact_d1|view_02_exact_coarse_d0|view_03_exact_coarse_d1|view_04_exact_hidden_d0|view_05_exact_hidden_d1|view_06_coarse_exact_d0|view_07_coarse_exact_d1|view_08_coarse_coarse_d0|view_09_coarse_coarse_d1|view_10_coarse_hidden_d0|view_11_coarse_hidden_d1|view_12_hidden_exact_d0|view_13_hidden_exact_d1|view_14_hidden_coarse_d0|view_15_hidden_coarse_d1|view_16_hidden_hidden_d0|view_17_hidden_hidden_d1,10.931384100000287,87.4510728000023,289.30078125,a171500c18441ecbe3f8e05125a928ca5b88d5b874ee80a16d3d8e88b67fa411,10544,189792,1,1,24624,870555,967728,3382177,3382177,3382177,0,2026-07-24T00:06:02.148541+08:00
methods-k24624-p18-r5-flat-w1,method_ladder,24624k_18p,5,0,flat,1,24624,complete_grid,18,view_00_exact_exact_d0|view_01_exact_exact_d1|view_02_exact_coarse_d0|view_03_exact_coarse_d1|view_04_exact_hidden_d0|view_05_exact_hidden_d1|view_06_coarse_exact_d0|view_07_coarse_exact_d1|view_08_coarse_coarse_d0|view_09_coarse_coarse_d1|view_10_coarse_hidden_d0|view_11_coarse_hidden_d1|view_12_hidden_exact_d0|view_13_hidden_exact_d1|view_14_hidden_coarse_d0|view_15_hidden_coarse_d1|view_16_hidden_hidden_d0|view_17_hidden_hidden_d1,164.69726309999987,164.69726309999987,93.90625,a171500c18441ecbe3f8e05125a928ca5b88d5b874ee80a16d3d8e88b67fa411,10544,189792,1,1,443232,15669990,17419104,3382177,3382177,3382177,0,2026-07-24T00:08:47.211196+08:00
methods-k24624-p18-r5-kernel_memo-w1,method_ladder,24624k_18p,5,1,kernel_memo,1,24624,complete_grid,18,view_00_exact_exact_d0|view_01_exact_exact_d1|view_02_exact_coarse_d0|view_03_exact_coarse_d1|view_04_exact_hidden_d0|view_05_exact_hidden_d1|view_06_coarse_exact_d0|view_07_coarse_exact_d1|view_08_coarse_coarse_d0|view_09_coarse_coarse_d1|view_10_coarse_hidden_d0|view_11_coarse_hidden_d1|view_12_hidden_exact_d0|view_13_hidden_exact_d1|view_14_hidden_coarse_d0|view_15_hidden_coarse_d1|view_16_hidden_hidden_d0|view_17_hidden_hidden_d1,64.3427372999995,64.3427372999995,93.984375,a171500c18441ecbe3f8e05125a928ca5b88d5b874ee80a16d3d8e88b67fa411,10544,189792,1,1,24624,870555,967728,3382177,3382177,3382177,0,2026-07-24T00:09:51.928447+08:00
methods-k24624-p18-r5-factorized-w1,method_ladder,24624k_18p,5,2,factorized,1,24624,complete_grid,18,view_00_exact_exact_d0|view_01_exact_exact_d1|view_02_exact_coarse_d0|view_03_exact_coarse_d1|view_04_exact_hidden_d0|view_05_exact_hidden_d1|view_06_coarse_exact_d0|view_07_coarse_exact_d1|view_08_coarse_coarse_d0|view_09_coarse_coarse_d1|view_10_coarse_hidden_d0|view_11_coarse_hidden_d1|view_12_hidden_exact_d0|view_13_hidden_exact_d1|view_14_hidden_coarse_d0|view_15_hidden_coarse_d1|view_16_hidden_hidden_d0|view_17_hidden_hidden_d1,62.01011819999985,62.01011819999985,102.78515625,a171500c18441ecbe3f8e05125a928ca5b88d5b874ee80a16d3d8e88b67fa411,10544,189792,1,1,24624,870555,967728,3382177,2288074,2288074,2288074,2026-07-24T00:10:54.321076+08:00
methods-k24624-p18-r5-kernel_memo_parallel-w8,method_ladder,24624k_18p,5,3,kernel_memo_parallel,8,24624,complete_grid,18,view_00_exact_exact_d0|view_01_exact_exact_d1|view_02_exact_coarse_d0|view_03_exact_coarse_d1|view_04_exact_hidden_d0|view_05_exact_hidden_d1|view_06_coarse_exact_d0|view_07_coarse_exact_d1|view_08_coarse_coarse_d0|view_09_coarse_coarse_d1|view_10_coarse_hidden_d0|view_11_coarse_hidden_d1|view_12_hidden_exact_d0|view_13_hidden_exact_d1|view_14_hidden_coarse_d0|view_15_hidden_coarse_d1|view_16_hidden_hidden_d0|view_17_hidden_hidden_d1,10.61183020000044,84.89464160000352,290.03515625,a171500c18441ecbe3f8e05125a928ca5b88d5b874ee80a16d3d8e88b67fa411,10544,189792,1,1,24624,870555,967728,3382177,3382177,3382177,0,2026-07-24T00:11:05.297801+08:00
methods-k24624-p18-r5-factorized-w8,method_ladder,24624k_18p,5,4,factorized,8,24624,complete_grid,18,view_00_exact_exact_d0|view_01_exact_exact_d1|view_02_exact_coarse_d0|view_03_exact_coarse_d1|view_04_exact_hidden_d0|view_05_exact_hidden_d1|view_06_coarse_exact_d0|view_07_coarse_exact_d1|view_08_coarse_coarse_d0|view_09_coarse_coarse_d1|view_10_coarse_hidden_d0|view_11_coarse_hidden_d1|view_12_hidden_exact_d0|view_13_hidden_exact_d1|view_14_hidden_coarse_d0|view_15_hidden_coarse_d1|view_16_hidden_hidden_d0|view_17_hidden_hidden_d1,10.477858000000197,83.82286400000157,290.0078125,a171500c18441ecbe3f8e05125a928ca5b88d5b874ee80a16d3d8e88b67fa411,10544,189792,1,1,24624,870555,967728,3382177,2288074,2288074,2288074,2026-07-24T00:11:16.176740+08:00
methods-k24624-p18-r6-kernel_memo_parallel-w8,method_ladder,24624k_18p,6,0,kernel_memo_parallel,8,24624,complete_grid,18,view_00_exact_exact_d0|view_01_exact_exact_d1|view_02_exact_coarse_d0|view_03_exact_coarse_d1|view_04_exact_hidden_d0|view_05_exact_hidden_d1|view_06_coarse_exact_d0|view_07_coarse_exact_d1|view_08_coarse_coarse_d0|view_09_coarse_coarse_d1|view_10_coarse_hidden_d0|view_11_coarse_hidden_d1|view_12_hidden_exact_d0|view_13_hidden_exact_d1|view_14_hidden_coarse_d0|view_15_hidden_coarse_d1|view_16_hidden_hidden_d0|view_17_hidden_hidden_d1,10.713046799999574,85.7043743999966,287.96875,a171500c18441ecbe3f8e05125a928ca5b88d5b874ee80a16d3d8e88b67fa411,10544,189792,1,1,24624,870555,967728,3382177,3382177,3382177,0,2026-07-24T00:11:27.283096+08:00
methods-k24624-p18-r6-factorized-w8,method_ladder,24624k_18p,6,1,factorized,8,24624,complete_grid,18,view_00_exact_exact_d0|view_01_exact_exact_d1|view_02_exact_coarse_d0|view_03_exact_coarse_d1|view_04_exact_hidden_d0|view_05_exact_hidden_d1|view_06_coarse_exact_d0|view_07_coarse_exact_d1|view_08_coarse_coarse_d0|view_09_coarse_coarse_d1|view_10_coarse_hidden_d0|view_11_coarse_hidden_d1|view_12_hidden_exact_d0|view_13_hidden_exact_d1|view_14_hidden_coarse_d0|view_15_hidden_coarse_d1|view_16_hidden_hidden_d0|view_17_hidden_hidden_d1,10.458815799999684,83.67052639999747,289.10546875,a171500c18441ecbe3f8e05125a928ca5b88d5b874ee80a16d3d8e88b67fa411,10544,189792,1,1,24624,870555,967728,3382177,2288074,2288074,2288074,2026-07-24T00:11:38.138978+08:00
methods-k24624-p18-r6-kernel_memo-w1,method_ladder,24624k_18p,6,2,kernel_memo,1,24624,complete_grid,18,view_00_exact_exact_d0|view_01_exact_exact_d1|view_02_exact_coarse_d0|view_03_exact_coarse_d1|view_04_exact_hidden_d0|view_05_exact_hidden_d1|view_06_coarse_exact_d0|view_07_coarse_exact_d1|view_08_coarse_coarse_d0|view_09_coarse_coarse_d1|view_10_coarse_hidden_d0|view_11_coarse_hidden_d1|view_12_hidden_exact_d0|view_13_hidden_exact_d1|view_14_hidden_coarse_d0|view_15_hidden_coarse_d1|view_16_hidden_hidden_d0|view_17_hidden_hidden_d1,63.42142889999923,63.42142889999923,92.68359375,a171500c18441ecbe3f8e05125a928ca5b88d5b874ee80a16d3d8e88b67fa411,10544,189792,1,1,24624,870555,967728,3382177,3382177,3382177,0,2026-07-24T00:12:41.957065+08:00
methods-k24624-p18-r6-factorized-w1,method_ladder,24624k_18p,6,3,factorized,1,24624,complete_grid,18,view_00_exact_exact_d0|view_01_exact_exact_d1|view_02_exact_coarse_d0|view_03_exact_coarse_d1|view_04_exact_hidden_d0|view_05_exact_hidden_d1|view_06_coarse_exact_d0|view_07_coarse_exact_d1|view_08_coarse_coarse_d0|view_09_coarse_coarse_d1|view_10_coarse_hidden_d0|view_11_coarse_hidden_d1|view_12_hidden_exact_d0|view_13_hidden_exact_d1|view_14_hidden_coarse_d0|view_15_hidden_coarse_d1|view_16_hidden_hidden_d0|view_17_hidden_hidden_d1,62.39564259999952,62.39564259999952,102.54296875,a171500c18441ecbe3f8e05125a928ca5b88d5b874ee80a16d3d8e88b67fa411,10544,189792,1,1,24624,870555,967728,3382177,2288074,2288074,2288074,2026-07-24T00:13:44.769516+08:00
methods-k24624-p18-r7-factorized-w1,method_ladder,24624k_18p,7,0,factorized,1,24624,complete_grid,18,view_00_exact_exact_d0|view_01_exact_exact_d1|view_02_exact_coarse_d0|view_03_exact_coarse_d1|view_04_exact_hidden_d0|view_05_exact_hidden_d1|view_06_coarse_exact_d0|view_07_coarse_exact_d1|view_08_coarse_coarse_d0|view_09_coarse_coarse_d1|view_10_coarse_hidden_d0|view_11_coarse_hidden_d1|view_12_hidden_exact_d0|view_13_hidden_exact_d1|view_14_hidden_coarse_d0|view_15_hidden_coarse_d1|view_16_hidden_hidden_d0|view_17_hidden_hidden_d1,63.41886530000011,63.41886530000011,93.64453125,a171500c18441ecbe3f8e05125a928ca5b88d5b874ee80a16d3d8e88b67fa411,10544,189792,1,1,24624,870555,967728,3382177,2288074,2288074,2288074,2026-07-24T00:14:48.586347+08:00
methods-k24624-p18-r7-kernel_memo-w1,method_ladder,24624k_18p,7,1,kernel_memo,1,24624,complete_grid,18,view_00_exact_exact_d0|view_01_exact_exact_d1|view_02_exact_coarse_d0|view_03_exact_coarse_d1|view_04_exact_hidden_d0|view_05_exact_hidden_d1|view_06_coarse_exact_d0|view_07_coarse_exact_d1|view_08_coarse_coarse_d0|view_09_coarse_coarse_d1|view_10_coarse_hidden_d0|view_11_coarse_hidden_d1|view_12_hidden_exact_d0|view_13_hidden_exact_d1|view_14_hidden_coarse_d0|view_15_hidden_coarse_d1|view_16_hidden_hidden_d0|view_17_hidden_hidden_d1,63.97977400000036,63.97977400000036,92.8203125,a171500c18441ecbe3f8e05125a928ca5b88d5b874ee80a16d3d8e88b67fa411,10544,189792,1,1,24624,870555,967728,3382177,3382177,3382177,0,2026-07-24T00:15:52.962643+08:00
methods-k24624-p18-r8-kernel_memo-w1,method_ladder,24624k_18p,8,0,kernel_memo,1,24624,complete_grid,18,view_00_exact_exact_d0|view_01_exact_exact_d1|view_02_exact_coarse_d0|view_03_exact_coarse_d1|view_04_exact_hidden_d0|view_05_exact_hidden_d1|view_06_coarse_exact_d0|view_07_coarse_exact_d1|view_08_coarse_coarse_d0|view_09_coarse_coarse_d1|view_10_coarse_hidden_d0|view_11_coarse_hidden_d1|view_12_hidden_exact_d0|view_13_hidden_exact_d1|view_14_hidden_coarse_d0|view_15_hidden_coarse_d1|view_16_hidden_hidden_d0|view_17_hidden_hidden_d1,63.754639299999326,63.754639299999326,94.66796875,a171500c18441ecbe3f8e05125a928ca5b88d5b874ee80a16d3d8e88b67fa411,10544,189792,1,1,24624,870555,967728,3382177,3382177,3382177,0,2026-07-24T00:16:57.108734+08:00
methods-k24624-p18-r8-factorized-w1,method_ladder,24624k_18p,8,1,factorized,1,24624,complete_grid,18,view_00_exact_exact_d0|view_01_exact_exact_d1|view_02_exact_coarse_d0|view_03_exact_coarse_d1|view_04_exact_hidden_d0|view_05_exact_hidden_d1|view_06_coarse_exact_d0|view_07_coarse_exact_d1|view_08_coarse_coarse_d0|view_09_coarse_coarse_d1|view_10_coarse_hidden_d0|view_11_coarse_hidden_d1|view_12_hidden_exact_d0|view_13_hidden_exact_d1|view_14_hidden_coarse_d0|view_15_hidden_coarse_d1|view_16_hidden_hidden_d0|view_17_hidden_hidden_d1,63.491443799999615,63.491443799999615,101.86328125,a171500c18441ecbe3f8e05125a928ca5b88d5b874ee80a16d3d8e88b67fa411,10544,189792,1,1,24624,870555,967728,3382177,2288074,2288074,2288074,2026-07-24T00:18:00.979248+08:00
methods-k24624-p18-r9-factorized-w1,method_ladder,24624k_18p,9,0,factorized,1,24624,complete_grid,18,view_00_exact_exact_d0|view_01_exact_exact_d1|view_02_exact_coarse_d0|view_03_exact_coarse_d1|view_04_exact_hidden_d0|view_05_exact_hidden_d1|view_06_coarse_exact_d0|view_07_coarse_exact_d1|view_08_coarse_coarse_d0|view_09_coarse_coarse_d1|view_10_coarse_hidden_d0|view_11_coarse_hidden_d1|view_12_hidden_exact_d0|view_13_hidden_exact_d1|view_14_hidden_coarse_d0|view_15_hidden_coarse_d1|view_16_hidden_hidden_d0|view_17_hidden_hidden_d1,63.2374006,63.2374006,102.4453125,a171500c18441ecbe3f8e05125a928ca5b88d5b874ee80a16d3d8e88b67fa411,10544,189792,1,1,24624,870555,967728,3382177,2288074,2288074,2288074,2026-07-24T00:19:04.619052+08:00
methods-k24624-p18-r9-kernel_memo-w1,method_ladder,24624k_18p,9,1,kernel_memo,1,24624,complete_grid,18,view_00_exact_exact_d0|view_01_exact_exact_d1|view_02_exact_coarse_d0|view_03_exact_coarse_d1|view_04_exact_hidden_d0|view_05_exact_hidden_d1|view_06_coarse_exact_d0|view_07_coarse_exact_d1|view_08_coarse_coarse_d0|view_09_coarse_coarse_d1|view_10_coarse_hidden_d0|view_11_coarse_hidden_d1|view_12_hidden_exact_d0|view_13_hidden_exact_d1|view_14_hidden_coarse_d0|view_15_hidden_coarse_d1|view_16_hidden_hidden_d0|view_17_hidden_hidden_d1,64.09574669999984,64.09574669999984,93.3203125,a171500c18441ecbe3f8e05125a928ca5b88d5b874ee80a16d3d8e88b67fa411,10544,189792,1,1,24624,870555,967728,3382177,3382177,3382177,0,2026-07-24T00:20:09.086626+08:00
methods-k24624-p18-r10-kernel_memo-w1,method_ladder,24624k_18p,10,0,kernel_memo,1,24624,complete_grid,18,view_00_exact_exact_d0|view_01_exact_exact_d1|view_02_exact_coarse_d0|view_03_exact_coarse_d1|view_04_exact_hidden_d0|view_05_exact_hidden_d1|view_06_coarse_exact_d0|view_07_coarse_exact_d1|view_08_coarse_coarse_d0|view_09_coarse_coarse_d1|view_10_coarse_hidden_d0|view_11_coarse_hidden_d1|view_12_hidden_exact_d0|view_13_hidden_exact_d1|view_14_hidden_coarse_d0|view_15_hidden_coarse_d1|view_16_hidden_hidden_d0|view_17_hidden_hidden_d1,64.9871020999999,64.9871020999999,95.18359375,a171500c18441ecbe3f8e05125a928ca5b88d5b874ee80a16d3d8e88b67fa411,10544,189792,1,1,24624,870555,967728,3382177,3382177,3382177,0,2026-07-24T00:21:14.482199+08:00
methods-k24624-p18-r10-factorized-w1,method_ladder,24624k_18p,10,1,factorized,1,24624,complete_grid,18,view_00_exact_exact_d0|view_01_exact_exact_d1|view_02_exact_coarse_d0|view_03_exact_coarse_d1|view_04_exact_hidden_d0|view_05_exact_hidden_d1|view_06_coarse_exact_d0|view_07_coarse_exact_d1|view_08_coarse_coarse_d0|view_09_coarse_coarse_d1|view_10_coarse_hidden_d0|view_11_coarse_hidden_d1|view_12_hidden_exact_d0|view_13_hidden_exact_d1|view_14_hidden_coarse_d0|view_15_hidden_coarse_d1|view_16_hidden_hidden_d0|view_17_hidden_hidden_d1,61.9441182999999,61.9441182999999,103.00390625,a171500c18441ecbe3f8e05125a928ca5b88d5b874ee80a16d3d8e88b67fa411,10544,189792,1,1,24624,870555,967728,3382177,2288074,2288074,2288074,2026-07-24T00:22:16.804651+08:00
scaling-k24624-p18-r0-w1,parallel_scaling,24624k_18p,0,0,factorized,1,24624,complete_grid,18,view_00_exact_exact_d0|view_01_exact_exact_d1|view_02_exact_coarse_d0|view_03_exact_coarse_d1|view_04_exact_hidden_d0|view_05_exact_hidden_d1|view_06_coarse_exact_d0|view_07_coarse_exact_d1|view_08_coarse_coarse_d0|view_09_coarse_coarse_d1|view_10_coarse_hidden_d0|view_11_coarse_hidden_d1|view_12_hidden_exact_d0|view_13_hidden_exact_d1|view_14_hidden_coarse_d0|view_15_hidden_coarse_d1|view_16_hidden_hidden_d0|view_17_hidden_hidden_d1,63.94087870000021,63.94087870000021,103.30078125,a171500c18441ecbe3f8e05125a928ca5b88d5b874ee80a16d3d8e88b67fa411,10544,189792,1,1,24624,870555,967728,3382177,2288074,2288074,2288074,2026-07-24T00:23:21.124569+08:00
scaling-k24624-p18-r0-w2,parallel_scaling,24624k_18p,0,1,factorized,2,24624,complete_grid,18,view_00_exact_exact_d0|view_01_exact_exact_d1|view_02_exact_coarse_d0|view_03_exact_coarse_d1|view_04_exact_hidden_d0|view_05_exact_hidden_d1|view_06_coarse_exact_d0|view_07_coarse_exact_d1|view_08_coarse_coarse_d0|view_09_coarse_coarse_d1|view_10_coarse_hidden_d0|view_11_coarse_hidden_d1|view_12_hidden_exact_d0|view_13_hidden_exact_d1|view_14_hidden_coarse_d0|view_15_hidden_coarse_d1|view_16_hidden_hidden_d0|view_17_hidden_hidden_d1,30.794602199999645,61.58920439999929,141.03125,a171500c18441ecbe3f8e05125a928ca5b88d5b874ee80a16d3d8e88b67fa411,10544,189792,1,1,24624,870555,967728,3382177,2288074,2288074,2288074,2026-07-24T00:23:52.308462+08:00
scaling-k24624-p18-r0-w4,parallel_scaling,24624k_18p,0,2,factorized,4,24624,complete_grid,18,view_00_exact_exact_d0|view_01_exact_exact_d1|view_02_exact_coarse_d0|view_03_exact_coarse_d1|view_04_exact_hidden_d0|view_05_exact_hidden_d1|view_06_coarse_exact_d0|view_07_coarse_exact_d1|view_08_coarse_coarse_d0|view_09_coarse_coarse_d1|view_10_coarse_hidden_d0|view_11_coarse_hidden_d1|view_12_hidden_exact_d0|view_13_hidden_exact_d1|view_14_hidden_coarse_d0|view_15_hidden_coarse_d1|view_16_hidden_hidden_d0|view_17_hidden_hidden_d1,18.67343239999991,74.69372959999964,190.5859375,a171500c18441ecbe3f8e05125a928ca5b88d5b874ee80a16d3d8e88b67fa411,10544,189792,1,1,24624,870555,967728,3382177,2288074,2288074,2288074,2026-07-24T00:24:11.352699+08:00
scaling-k24624-p18-r0-w6,parallel_scaling,24624k_18p,0,3,factorized,6,24624,complete_grid,18,view_00_exact_exact_d0|view_01_exact_exact_d1|view_02_exact_coarse_d0|view_03_exact_coarse_d1|view_04_exact_hidden_d0|view_05_exact_hidden_d1|view_06_coarse_exact_d0|view_07_coarse_exact_d1|view_08_coarse_coarse_d0|view_09_coarse_coarse_d1|view_10_coarse_hidden_d0|view_11_coarse_hidden_d1|view_12_hidden_exact_d0|view_13_hidden_exact_d1|view_14_hidden_coarse_d0|view_15_hidden_coarse_d1|view_16_hidden_hidden_d0|view_17_hidden_hidden_d1,12.964966499999719,77.78979899999831,241.375,a171500c18441ecbe3f8e05125a928ca5b88d5b874ee80a16d3d8e88b67fa411,10544,189792,1,1,24624,870555,967728,3382177,2288074,2288074,2288074,2026-07-24T00:24:24.705171+08:00
scaling-k24624-p18-r0-w8,parallel_scaling,24624k_18p,0,4,factorized,8,24624,complete_grid,18,view_00_exact_exact_d0|view_01_exact_exact_d1|view_02_exact_coarse_d0|view_03_exact_coarse_d1|view_04_exact_hidden_d0|view_05_exact_hidden_d1|view_06_coarse_exact_d0|view_07_coarse_exact_d1|view_08_coarse_coarse_d0|view_09_coarse_coarse_d1|view_10_coarse_hidden_d0|view_11_coarse_hidden_d1|view_12_hidden_exact_d0|view_13_hidden_exact_d1|view_14_hidden_coarse_d0|view_15_hidden_coarse_d1|view_16_hidden_hidden_d0|view_17_hidden_hidden_d1,11.27810109999973,90.22480879999785,291.1796875,a171500c18441ecbe3f8e05125a928ca5b88d5b874ee80a16d3d8e88b67fa411,10544,189792,1,1,24624,870555,967728,3382177,2288074,2288074,2288074,2026-07-24T00:24:36.361204+08:00
scaling-k24624-p18-r0-w12,parallel_scaling,24624k_18p,0,5,factorized,12,24624,complete_grid,18,view_00_exact_exact_d0|view_01_exact_exact_d1|view_02_exact_coarse_d0|view_03_exact_coarse_d1|view_04_exact_hidden_d0|view_05_exact_hidden_d1|view_06_coarse_exact_d0|view_07_coarse_exact_d1|view_08_coarse_coarse_d0|view_09_coarse_coarse_d1|view_10_coarse_hidden_d0|view_11_coarse_hidden_d1|view_12_hidden_exact_d0|view_13_hidden_exact_d1|view_14_hidden_coarse_d0|view_15_hidden_coarse_d1|view_16_hidden_hidden_d0|view_17_hidden_hidden_d1,8.298508900000343,99.58210680000411,390.99609375,a171500c18441ecbe3f8e05125a928ca5b88d5b874ee80a16d3d8e88b67fa411,10544,189792,1,1,24624,870555,967728,3382177,2288074,2288074,2288074,2026-07-24T00:24:45.045064+08:00
scaling-k24624-p18-r0-w16,parallel_scaling,24624k_18p,0,6,factorized,16,24624,complete_grid,18,view_00_exact_exact_d0|view_01_exact_exact_d1|view_02_exact_coarse_d0|view_03_exact_coarse_d1|view_04_exact_hidden_d0|view_05_exact_hidden_d1|view_06_coarse_exact_d0|view_07_coarse_exact_d1|view_08_coarse_coarse_d0|view_09_coarse_coarse_d1|view_10_coarse_hidden_d0|view_11_coarse_hidden_d1|view_12_hidden_exact_d0|view_13_hidden_exact_d1|view_14_hidden_coarse_d0|view_15_hidden_coarse_d1|view_16_hidden_hidden_d0|view_17_hidden_hidden_d1,7.697989100000086,123.16782560000138,495.4921875,a171500c18441ecbe3f8e05125a928ca5b88d5b874ee80a16d3d8e88b67fa411,10544,189792,1,1,24624,870555,967728,3382177,2288074,2288074,2288074,2026-07-24T00:24:53.115532+08:00
scaling-k24624-p18-r1-w2,parallel_scaling,24624k_18p,1,0,factorized,2,24624,complete_grid,18,view_00_exact_exact_d0|view_01_exact_exact_d1|view_02_exact_coarse_d0|view_03_exact_coarse_d1|view_04_exact_hidden_d0|view_05_exact_hidden_d1|view_06_coarse_exact_d0|view_07_coarse_exact_d1|view_08_coarse_coarse_d0|view_09_coarse_coarse_d1|view_10_coarse_hidden_d0|view_11_coarse_hidden_d1|view_12_hidden_exact_d0|view_13_hidden_exact_d1|view_14_hidden_coarse_d0|view_15_hidden_coarse_d1|view_16_hidden_hidden_d0|view_17_hidden_hidden_d1,30.537524499999563,61.075048999999126,142.8203125,a171500c18441ecbe3f8e05125a928ca5b88d5b874ee80a16d3d8e88b67fa411,10544,189792,1,1,24624,870555,967728,3382177,2288074,2288074,2288074,2026-07-24T00:25:24.072653+08:00
scaling-k24624-p18-r1-w4,parallel_scaling,24624k_18p,1,1,factorized,4,24624,complete_grid,18,view_00_exact_exact_d0|view_01_exact_exact_d1|view_02_exact_coarse_d0|view_03_exact_coarse_d1|view_04_exact_hidden_d0|view_05_exact_hidden_d1|view_06_coarse_exact_d0|view_07_coarse_exact_d1|view_08_coarse_coarse_d0|view_09_coarse_coarse_d1|view_10_coarse_hidden_d0|view_11_coarse_hidden_d1|view_12_hidden_exact_d0|view_13_hidden_exact_d1|view_14_hidden_coarse_d0|view_15_hidden_coarse_d1|view_16_hidden_hidden_d0|view_17_hidden_hidden_d1,17.555755000000318,70.22302000000127,190.2734375,a171500c18441ecbe3f8e05125a928ca5b88d5b874ee80a16d3d8e88b67fa411,10544,189792,1,1,24624,870555,967728,3382177,2288074,2288074,2288074,2026-07-24T00:25:41.990966+08:00
scaling-k24624-p18-r1-w6,parallel_scaling,24624k_18p,1,2,factorized,6,24624,complete_grid,18,view_00_exact_exact_d0|view_01_exact_exact_d1|view_02_exact_coarse_d0|view_03_exact_coarse_d1|view_04_exact_hidden_d0|view_05_exact_hidden_d1|view_06_coarse_exact_d0|view_07_coarse_exact_d1|view_08_coarse_coarse_d0|view_09_coarse_coarse_d1|view_10_coarse_hidden_d0|view_11_coarse_hidden_d1|view_12_hidden_exact_d0|view_13_hidden_exact_d1|view_14_hidden_coarse_d0|view_15_hidden_coarse_d1|view_16_hidden_hidden_d0|view_17_hidden_hidden_d1,12.670794599999681,76.02476759999809,241.34375,a171500c18441ecbe3f8e05125a928ca5b88d5b874ee80a16d3d8e88b67fa411,10544,189792,1,1,24624,870555,967728,3382177,2288074,2288074,2288074,2026-07-24T00:25:55.039036+08:00
scaling-k24624-p18-r1-w8,parallel_scaling,24624k_18p,1,3,factorized,8,24624,complete_grid,18,view_00_exact_exact_d0|view_01_exact_exact_d1|view_02_exact_coarse_d0|view_03_exact_coarse_d1|view_04_exact_hidden_d0|view_05_exact_hidden_d1|view_06_coarse_exact_d0|view_07_coarse_exact_d1|view_08_coarse_coarse_d0|view_09_coarse_coarse_d1|view_10_coarse_hidden_d0|view_11_coarse_hidden_d1|view_12_hidden_exact_d0|view_13_hidden_exact_d1|view_14_hidden_coarse_d0|view_15_hidden_coarse_d1|view_16_hidden_hidden_d0|view_17_hidden_hidden_d1,10.55814349999946,84.46514799999568,290.80078125,a171500c18441ecbe3f8e05125a928ca5b88d5b874ee80a16d3d8e88b67fa411,10544,189792,1,1,24624,870555,967728,3382177,2288074,2288074,2288074,2026-07-24T00:26:05.998298+08:00
scaling-k24624-p18-r1-w12,parallel_scaling,24624k_18p,1,4,factorized,12,24624,complete_grid,18,view_00_exact_exact_d0|view_01_exact_exact_d1|view_02_exact_coarse_d0|view_03_exact_coarse_d1|view_04_exact_hidden_d0|view_05_exact_hidden_d1|view_06_coarse_exact_d0|view_07_coarse_exact_d1|view_08_coarse_coarse_d0|view_09_coarse_coarse_d1|view_10_coarse_hidden_d0|view_11_coarse_hidden_d1|view_12_hidden_exact_d0|view_13_hidden_exact_d1|view_14_hidden_coarse_d0|view_15_hidden_coarse_d1|view_16_hidden_hidden_d0|view_17_hidden_hidden_d1,8.107514699999228,97.29017639999074,391.23828125,a171500c18441ecbe3f8e05125a928ca5b88d5b874ee80a16d3d8e88b67fa411,10544,189792,1,1,24624,870555,967728,3382177,2288074,2288074,2288074,2026-07-24T00:26:14.489676+08:00
scaling-k24624-p18-r1-w16,parallel_scaling,24624k_18p,1,5,factorized,16,24624,complete_grid,18,view_00_exact_exact_d0|view_01_exact_exact_d1|view_02_exact_coarse_d0|view_03_exact_coarse_d1|view_04_exact_hidden_d0|view_05_exact_hidden_d1|view_06_coarse_exact_d0|view_07_coarse_exact_d1|view_08_coarse_coarse_d0|view_09_coarse_coarse_d1|view_10_coarse_hidden_d0|view_11_coarse_hidden_d1|view_12_hidden_exact_d0|view_13_hidden_exact_d1|view_14_hidden_coarse_d0|view_15_hidden_coarse_d1|view_16_hidden_hidden_d0|view_17_hidden_hidden_d1,7.7610476999998355,124.17676319999737,497.0546875,a171500c18441ecbe3f8e05125a928ca5b88d5b874ee80a16d3d8e88b67fa411,10544,189792,1,1,24624,870555,967728,3382177,2288074,2288074,2288074,2026-07-24T00:26:22.648579+08:00
scaling-k24624-p18-r1-w1,parallel_scaling,24624k_18p,1,6,factorized,1,24624,complete_grid,18,view_00_exact_exact_d0|view_01_exact_exact_d1|view_02_exact_coarse_d0|view_03_exact_coarse_d1|view_04_exact_hidden_d0|view_05_exact_hidden_d1|view_06_coarse_exact_d0|view_07_coarse_exact_d1|view_08_coarse_coarse_d0|view_09_coarse_coarse_d1|view_10_coarse_hidden_d0|view_11_coarse_hidden_d1|view_12_hidden_exact_d0|view_13_hidden_exact_d1|view_14_hidden_coarse_d0|view_15_hidden_coarse_d1|view_16_hidden_hidden_d0|view_17_hidden_hidden_d1,62.18923910000012,62.18923910000012,103.3359375,a171500c18441ecbe3f8e05125a928ca5b88d5b874ee80a16d3d8e88b67fa411,10544,189792,1,1,24624,870555,967728,3382177,2288074,2288074,2288074,2026-07-24T00:27:25.234205+08:00
scaling-k24624-p18-r2-w4,parallel_scaling,24624k_18p,2,0,factorized,4,24624,complete_grid,18,view_00_exact_exact_d0|view_01_exact_exact_d1|view_02_exact_coarse_d0|view_03_exact_coarse_d1|view_04_exact_hidden_d0|view_05_exact_hidden_d1|view_06_coarse_exact_d0|view_07_coarse_exact_d1|view_08_coarse_coarse_d0|view_09_coarse_coarse_d1|view_10_coarse_hidden_d0|view_11_coarse_hidden_d1|view_12_hidden_exact_d0|view_13_hidden_exact_d1|view_14_hidden_coarse_d0|view_15_hidden_coarse_d1|view_16_hidden_hidden_d0|view_17_hidden_hidden_d1,17.83957829999963,71.35831319999852,191.55859375,a171500c18441ecbe3f8e05125a928ca5b88d5b874ee80a16d3d8e88b67fa411,10544,189792,1,1,24624,870555,967728,3382177,2288074,2288074,2288074,2026-07-24T00:27:43.501971+08:00
scaling-k24624-p18-r2-w6,parallel_scaling,24624k_18p,2,1,factorized,6,24624,complete_grid,18,view_00_exact_exact_d0|view_01_exact_exact_d1|view_02_exact_coarse_d0|view_03_exact_coarse_d1|view_04_exact_hidden_d0|view_05_exact_hidden_d1|view_06_coarse_exact_d0|view_07_coarse_exact_d1|view_08_coarse_coarse_d0|view_09_coarse_coarse_d1|view_10_coarse_hidden_d0|view_11_coarse_hidden_d1|view_12_hidden_exact_d0|view_13_hidden_exact_d1|view_14_hidden_coarse_d0|view_15_hidden_coarse_d1|view_16_hidden_hidden_d0|view_17_hidden_hidden_d1,13.205474200000026,79.23284520000016,241.08984375,a171500c18441ecbe3f8e05125a928ca5b88d5b874ee80a16d3d8e88b67fa411,10544,189792,1,1,24624,870555,967728,3382177,2288074,2288074,2288074,2026-07-24T00:27:57.109296+08:00
scaling-k24624-p18-r2-w8,parallel_scaling,24624k_18p,2,2,factorized,8,24624,complete_grid,18,view_00_exact_exact_d0|view_01_exact_exact_d1|view_02_exact_coarse_d0|view_03_exact_coarse_d1|view_04_exact_hidden_d0|view_05_exact_hidden_d1|view_06_coarse_exact_d0|view_07_coarse_exact_d1|view_08_coarse_coarse_d0|view_09_coarse_coarse_d1|view_10_coarse_hidden_d0|view_11_coarse_hidden_d1|view_12_hidden_exact_d0|view_13_hidden_exact_d1|view_14_hidden_coarse_d0|view_15_hidden_coarse_d1|view_16_hidden_hidden_d0|view_17_hidden_hidden_d1,11.133474900000692,89.06779920000554,291.60546875,a171500c18441ecbe3f8e05125a928ca5b88d5b874ee80a16d3d8e88b67fa411,10544,189792,1,1,24624,870555,967728,3382177,2288074,2288074,2288074,2026-07-24T00:28:08.622032+08:00
scaling-k24624-p18-r2-w12,parallel_scaling,24624k_18p,2,3,factorized,12,24624,complete_grid,18,view_00_exact_exact_d0|view_01_exact_exact_d1|view_02_exact_coarse_d0|view_03_exact_coarse_d1|view_04_exact_hidden_d0|view_05_exact_hidden_d1|view_06_coarse_exact_d0|view_07_coarse_exact_d1|view_08_coarse_coarse_d0|view_09_coarse_coarse_d1|view_10_coarse_hidden_d0|view_11_coarse_hidden_d1|view_12_hidden_exact_d0|view_13_hidden_exact_d1|view_14_hidden_coarse_d0|view_15_hidden_coarse_d1|view_16_hidden_hidden_d0|view_17_hidden_hidden_d1,8.531891100000394,102.38269320000472,390.6328125,a171500c18441ecbe3f8e05125a928ca5b88d5b874ee80a16d3d8e88b67fa411,10544,189792,1,1,24624,870555,967728,3382177,2288074,2288074,2288074,2026-07-24T00:28:17.567130+08:00
scaling-k24624-p18-r2-w16,parallel_scaling,24624k_18p,2,4,factorized,16,24624,complete_grid,18,view_00_exact_exact_d0|view_01_exact_exact_d1|view_02_exact_coarse_d0|view_03_exact_coarse_d1|view_04_exact_hidden_d0|view_05_exact_hidden_d1|view_06_coarse_exact_d0|view_07_coarse_exact_d1|view_08_coarse_coarse_d0|view_09_coarse_coarse_d1|view_10_coarse_hidden_d0|view_11_coarse_hidden_d1|view_12_hidden_exact_d0|view_13_hidden_exact_d1|view_14_hidden_coarse_d0|view_15_hidden_coarse_d1|view_16_hidden_hidden_d0|view_17_hidden_hidden_d1,8.189520699999775,131.0323311999964,496.09765625,a171500c18441ecbe3f8e05125a928ca5b88d5b874ee80a16d3d8e88b67fa411,10544,189792,1,1,24624,870555,967728,3382177,2288074,2288074,2288074,2026-07-24T00:28:26.171368+08:00
scaling-k24624-p18-r2-w1,parallel_scaling,24624k_18p,2,5,factorized,1,24624,complete_grid,18,view_00_exact_exact_d0|view_01_exact_exact_d1|view_02_exact_coarse_d0|view_03_exact_coarse_d1|view_04_exact_hidden_d0|view_05_exact_hidden_d1|view_06_coarse_exact_d0|view_07_coarse_exact_d1|view_08_coarse_coarse_d0|view_09_coarse_coarse_d1|view_10_coarse_hidden_d0|view_11_coarse_hidden_d1|view_12_hidden_exact_d0|view_13_hidden_exact_d1|view_14_hidden_coarse_d0|view_15_hidden_coarse_d1|view_16_hidden_hidden_d0|view_17_hidden_hidden_d1,63.94503590000022,63.94503590000022,103.0625,a171500c18441ecbe3f8e05125a928ca5b88d5b874ee80a16d3d8e88b67fa411,10544,189792,1,1,24624,870555,967728,3382177,2288074,2288074,2288074,2026-07-24T00:29:30.509481+08:00
scaling-k24624-p18-r2-w2,parallel_scaling,24624k_18p,2,6,factorized,2,24624,complete_grid,18,view_00_exact_exact_d0|view_01_exact_exact_d1|view_02_exact_coarse_d0|view_03_exact_coarse_d1|view_04_exact_hidden_d0|view_05_exact_hidden_d1|view_06_coarse_exact_d0|view_07_coarse_exact_d1|view_08_coarse_coarse_d0|view_09_coarse_coarse_d1|view_10_coarse_hidden_d0|view_11_coarse_hidden_d1|view_12_hidden_exact_d0|view_13_hidden_exact_d1|view_14_hidden_coarse_d0|view_15_hidden_coarse_d1|view_16_hidden_hidden_d0|view_17_hidden_hidden_d1,31.00411570000051,62.00823140000102,143.41796875,a171500c18441ecbe3f8e05125a928ca5b88d5b874ee80a16d3d8e88b67fa411,10544,189792,1,1,24624,870555,967728,3382177,2288074,2288074,2288074,2026-07-24T00:30:01.890150+08:00
scaling-k24624-p18-r3-w6,parallel_scaling,24624k_18p,3,0,factorized,6,24624,complete_grid,18,view_00_exact_exact_d0|view_01_exact_exact_d1|view_02_exact_coarse_d0|view_03_exact_coarse_d1|view_04_exact_hidden_d0|view_05_exact_hidden_d1|view_06_coarse_exact_d0|view_07_coarse_exact_d1|view_08_coarse_coarse_d0|view_09_coarse_coarse_d1|view_10_coarse_hidden_d0|view_11_coarse_hidden_d1|view_12_hidden_exact_d0|view_13_hidden_exact_d1|view_14_hidden_coarse_d0|view_15_hidden_coarse_d1|view_16_hidden_hidden_d0|view_17_hidden_hidden_d1,13.156062200000633,78.9363732000038,242.24609375,a171500c18441ecbe3f8e05125a928ca5b88d5b874ee80a16d3d8e88b67fa411,10544,189792,1,1,24624,870555,967728,3382177,2288074,2288074,2288074,2026-07-24T00:30:15.414559+08:00
scaling-k24624-p18-r3-w8,parallel_scaling,24624k_18p,3,1,factorized,8,24624,complete_grid,18,view_00_exact_exact_d0|view_01_exact_exact_d1|view_02_exact_coarse_d0|view_03_exact_coarse_d1|view_04_exact_hidden_d0|view_05_exact_hidden_d1|view_06_coarse_exact_d0|view_07_coarse_exact_d1|view_08_coarse_coarse_d0|view_09_coarse_coarse_d1|view_10_coarse_hidden_d0|view_11_coarse_hidden_d1|view_12_hidden_exact_d0|view_13_hidden_exact_d1|view_14_hidden_coarse_d0|view_15_hidden_coarse_d1|view_16_hidden_hidden_d0|view_17_hidden_hidden_d1,10.380923000000621,83.04738400000497,292.59765625,a171500c18441ecbe3f8e05125a928ca5b88d5b874ee80a16d3d8e88b67fa411,10544,189792,1,1,24624,870555,967728,3382177,2288074,2288074,2288074,2026-07-24T00:30:26.233877+08:00
scaling-k24624-p18-r3-w12,parallel_scaling,24624k_18p,3,2,factorized,12,24624,complete_grid,18,view_00_exact_exact_d0|view_01_exact_exact_d1|view_02_exact_coarse_d0|view_03_exact_coarse_d1|view_04_exact_hidden_d0|view_05_exact_hidden_d1|view_06_coarse_exact_d0|view_07_coarse_exact_d1|view_08_coarse_coarse_d0|view_09_coarse_coarse_d1|view_10_coarse_hidden_d0|view_11_coarse_hidden_d1|view_12_hidden_exact_d0|view_13_hidden_exact_d1|view_14_hidden_coarse_d0|view_15_hidden_coarse_d1|view_16_hidden_hidden_d0|view_17_hidden_hidden_d1,9.455398500000229,113.46478200000274,392.1484375,a171500c18441ecbe3f8e05125a928ca5b88d5b874ee80a16d3d8e88b67fa411,10544,189792,1,1,24624,870555,967728,3382177,2288074,2288074,2288074,2026-07-24T00:30:36.073841+08:00
scaling-k24624-p18-r3-w16,parallel_scaling,24624k_18p,3,3,factorized,16,24624,complete_grid,18,view_00_exact_exact_d0|view_01_exact_exact_d1|view_02_exact_coarse_d0|view_03_exact_coarse_d1|view_04_exact_hidden_d0|view_05_exact_hidden_d1|view_06_coarse_exact_d0|view_07_coarse_exact_d1|view_08_coarse_coarse_d0|view_09_coarse_coarse_d1|view_10_coarse_hidden_d0|view_11_coarse_hidden_d1|view_12_hidden_exact_d0|view_13_hidden_exact_d1|view_14_hidden_coarse_d0|view_15_hidden_coarse_d1|view_16_hidden_hidden_d0|view_17_hidden_hidden_d1,7.68299289999959,122.92788639999344,495.66796875,a171500c18441ecbe3f8e05125a928ca5b88d5b874ee80a16d3d8e88b67fa411,10544,189792,1,1,24624,870555,967728,3382177,2288074,2288074,2288074,2026-07-24T00:30:44.147302+08:00
scaling-k24624-p18-r3-w1,parallel_scaling,24624k_18p,3,4,factorized,1,24624,complete_grid,18,view_00_exact_exact_d0|view_01_exact_exact_d1|view_02_exact_coarse_d0|view_03_exact_coarse_d1|view_04_exact_hidden_d0|view_05_exact_hidden_d1|view_06_coarse_exact_d0|view_07_coarse_exact_d1|view_08_coarse_coarse_d0|view_09_coarse_coarse_d1|view_10_coarse_hidden_d0|view_11_coarse_hidden_d1|view_12_hidden_exact_d0|view_13_hidden_exact_d1|view_14_hidden_coarse_d0|view_15_hidden_coarse_d1|view_16_hidden_hidden_d0|view_17_hidden_hidden_d1,63.38823079999929,63.38823079999929,103.7421875,a171500c18441ecbe3f8e05125a928ca5b88d5b874ee80a16d3d8e88b67fa411,10544,189792,1,1,24624,870555,967728,3382177,2288074,2288074,2288074,2026-07-24T00:31:47.935087+08:00
scaling-k24624-p18-r3-w2,parallel_scaling,24624k_18p,3,5,factorized,2,24624,complete_grid,18,view_00_exact_exact_d0|view_01_exact_exact_d1|view_02_exact_coarse_d0|view_03_exact_coarse_d1|view_04_exact_hidden_d0|view_05_exact_hidden_d1|view_06_coarse_exact_d0|view_07_coarse_exact_d1|view_08_coarse_coarse_d0|view_09_coarse_coarse_d1|view_10_coarse_hidden_d0|view_11_coarse_hidden_d1|view_12_hidden_exact_d0|view_13_hidden_exact_d1|view_14_hidden_coarse_d0|view_15_hidden_coarse_d1|view_16_hidden_hidden_d0|view_17_hidden_hidden_d1,31.737959999999475,63.47591999999895,143.46484375,a171500c18441ecbe3f8e05125a928ca5b88d5b874ee80a16d3d8e88b67fa411,10544,189792,1,1,24624,870555,967728,3382177,2288074,2288074,2288074,2026-07-24T00:32:20.059256+08:00
scaling-k24624-p18-r3-w4,parallel_scaling,24624k_18p,3,6,factorized,4,24624,complete_grid,18,view_00_exact_exact_d0|view_01_exact_exact_d1|view_02_exact_coarse_d0|view_03_exact_coarse_d1|view_04_exact_hidden_d0|view_05_exact_hidden_d1|view_06_coarse_exact_d0|view_07_coarse_exact_d1|view_08_coarse_coarse_d0|view_09_coarse_coarse_d1|view_10_coarse_hidden_d0|view_11_coarse_hidden_d1|view_12_hidden_exact_d0|view_13_hidden_exact_d1|view_14_hidden_coarse_d0|view_15_hidden_coarse_d1|view_16_hidden_hidden_d0|view_17_hidden_hidden_d1,17.57850090000011,70.31400360000043,191.3671875,a171500c18441ecbe3f8e05125a928ca5b88d5b874ee80a16d3d8e88b67fa411,10544,189792,1,1,24624,870555,967728,3382177,2288074,2288074,2288074,2026-07-24T00:32:38.001954+08:00
scaling-k24624-p18-r4-w8,parallel_scaling,24624k_18p,4,0,factorized,8,24624,complete_grid,18,view_00_exact_exact_d0|view_01_exact_exact_d1|view_02_exact_coarse_d0|view_03_exact_coarse_d1|view_04_exact_hidden_d0|view_05_exact_hidden_d1|view_06_coarse_exact_d0|view_07_coarse_exact_d1|view_08_coarse_coarse_d0|view_09_coarse_coarse_d1|view_10_coarse_hidden_d0|view_11_coarse_hidden_d1|view_12_hidden_exact_d0|view_13_hidden_exact_d1|view_14_hidden_coarse_d0|view_15_hidden_coarse_d1|view_16_hidden_hidden_d0|view_17_hidden_hidden_d1,11.6423405000005,93.138724000004,291.46875,a171500c18441ecbe3f8e05125a928ca5b88d5b874ee80a16d3d8e88b67fa411,10544,189792,1,1,24624,870555,967728,3382177,2288074,2288074,2288074,2026-07-24T00:32:50.018954+08:00
scaling-k24624-p18-r4-w12,parallel_scaling,24624k_18p,4,1,factorized,12,24624,complete_grid,18,view_00_exact_exact_d0|view_01_exact_exact_d1|view_02_exact_coarse_d0|view_03_exact_coarse_d1|view_04_exact_hidden_d0|view_05_exact_hidden_d1|view_06_coarse_exact_d0|view_07_coarse_exact_d1|view_08_coarse_coarse_d0|view_09_coarse_coarse_d1|view_10_coarse_hidden_d0|view_11_coarse_hidden_d1|view_12_hidden_exact_d0|view_13_hidden_exact_d1|view_14_hidden_coarse_d0|view_15_hidden_coarse_d1|view_16_hidden_hidden_d0|view_17_hidden_hidden_d1,8.027462500000183,96.3295500000022,391.4765625,a171500c18441ecbe3f8e05125a928ca5b88d5b874ee80a16d3d8e88b67fa411,10544,189792,1,1,24624,870555,967728,3382177,2288074,2288074,2288074,2026-07-24T00:32:58.418225+08:00
scaling-k24624-p18-r4-w16,parallel_scaling,24624k_18p,4,2,factorized,16,24624,complete_grid,18,view_00_exact_exact_d0|view_01_exact_exact_d1|view_02_exact_coarse_d0|view_03_exact_coarse_d1|view_04_exact_hidden_d0|view_05_exact_hidden_d1|view_06_coarse_exact_d0|view_07_coarse_exact_d1|view_08_coarse_coarse_d0|view_09_coarse_coarse_d1|view_10_coarse_hidden_d0|view_11_coarse_hidden_d1|view_12_hidden_exact_d0|view_13_hidden_exact_d1|view_14_hidden_coarse_d0|view_15_hidden_coarse_d1|view_16_hidden_hidden_d0|view_17_hidden_hidden_d1,7.82418830000006,125.18701280000096,496.73046875,a171500c18441ecbe3f8e05125a928ca5b88d5b874ee80a16d3d8e88b67fa411,10544,189792,1,1,24624,870555,967728,3382177,2288074,2288074,2288074,2026-07-24T00:33:06.624009+08:00
scaling-k24624-p18-r4-w1,parallel_scaling,24624k_18p,4,3,factorized,1,24624,complete_grid,18,view_00_exact_exact_d0|view_01_exact_exact_d1|view_02_exact_coarse_d0|view_03_exact_coarse_d1|view_04_exact_hidden_d0|view_05_exact_hidden_d1|view_06_coarse_exact_d0|view_07_coarse_exact_d1|view_08_coarse_coarse_d0|view_09_coarse_coarse_d1|view_10_coarse_hidden_d0|view_11_coarse_hidden_d1|view_12_hidden_exact_d0|view_13_hidden_exact_d1|view_14_hidden_coarse_d0|view_15_hidden_coarse_d1|view_16_hidden_hidden_d0|view_17_hidden_hidden_d1,63.836517200000344,63.836517200000344,103.55859375,a171500c18441ecbe3f8e05125a928ca5b88d5b874ee80a16d3d8e88b67fa411,10544,189792,1,1,24624,870555,967728,3382177,2288074,2288074,2288074,2026-07-24T00:34:10.897262+08:00
scaling-k24624-p18-r4-w2,parallel_scaling,24624k_18p,4,4,factorized,2,24624,complete_grid,18,view_00_exact_exact_d0|view_01_exact_exact_d1|view_02_exact_coarse_d0|view_03_exact_coarse_d1|view_04_exact_hidden_d0|view_05_exact_hidden_d1|view_06_coarse_exact_d0|view_07_coarse_exact_d1|view_08_coarse_coarse_d0|view_09_coarse_coarse_d1|view_10_coarse_hidden_d0|view_11_coarse_hidden_d1|view_12_hidden_exact_d0|view_13_hidden_exact_d1|view_14_hidden_coarse_d0|view_15_hidden_coarse_d1|view_16_hidden_hidden_d0|view_17_hidden_hidden_d1,31.154370199999903,62.308740399999806,143.3828125,a171500c18441ecbe3f8e05125a928ca5b88d5b874ee80a16d3d8e88b67fa411,10544,189792,1,1,24624,870555,967728,3382177,2288074,2288074,2288074,2026-07-24T00:34:42.442025+08:00
scaling-k24624-p18-r4-w4,parallel_scaling,24624k_18p,4,5,factorized,4,24624,complete_grid,18,view_00_exact_exact_d0|view_01_exact_exact_d1|view_02_exact_coarse_d0|view_03_exact_coarse_d1|view_04_exact_hidden_d0|view_05_exact_hidden_d1|view_06_coarse_exact_d0|view_07_coarse_exact_d1|view_08_coarse_coarse_d0|view_09_coarse_coarse_d1|view_10_coarse_hidden_d0|view_11_coarse_hidden_d1|view_12_hidden_exact_d0|view_13_hidden_exact_d1|view_14_hidden_coarse_d0|view_15_hidden_coarse_d1|view_16_hidden_hidden_d0|view_17_hidden_hidden_d1,18.870802800000092,75.48321120000037,191.3984375,a171500c18441ecbe3f8e05125a928ca5b88d5b874ee80a16d3d8e88b67fa411,10544,189792,1,1,24624,870555,967728,3382177,2288074,2288074,2288074,2026-07-24T00:35:01.679515+08:00
scaling-k24624-p18-r4-w6,parallel_scaling,24624k_18p,4,6,factorized,6,24624,complete_grid,18,view_00_exact_exact_d0|view_01_exact_exact_d1|view_02_exact_coarse_d0|view_03_exact_coarse_d1|view_04_exact_hidden_d0|view_05_exact_hidden_d1|view_06_coarse_exact_d0|view_07_coarse_exact_d1|view_08_coarse_coarse_d0|view_09_coarse_coarse_d1|view_10_coarse_hidden_d0|view_11_coarse_hidden_d1|view_12_hidden_exact_d0|view_13_hidden_exact_d1|view_14_hidden_coarse_d0|view_15_hidden_coarse_d1|view_16_hidden_hidden_d0|view_17_hidden_hidden_d1,12.826812700001028,76.96087620000617,241.9453125,a171500c18441ecbe3f8e05125a928ca5b88d5b874ee80a16d3d8e88b67fa411,10544,189792,1,1,24624,870555,967728,3382177,2288074,2288074,2288074,2026-07-24T00:35:14.897833+08:00
present-k24624-p2-seff18e10-r0-kernel_memo,presentation_scaling,24624k_2p_seff18e10,0,0,kernel_memo,1,24624,complete_grid,2,view_04_exact_hidden_d0|view_13_hidden_exact_d1,12.557379899999432,12.557379899999432,79.4453125,c97c4de7d735c479617239fa0ba26de65141f872df4921319e7b079a24e0157d,10544,21088,1,1,24624,870555,967728,379623,379623,379623,0,2026-07-24T00:35:27.677510+08:00
present-k24624-p2-seff18e10-r0-factorized,presentation_scaling,24624k_2p_seff18e10,0,1,factorized,1,24624,complete_grid,2,view_04_exact_hidden_d0|view_13_hidden_exact_d1,14.010228799999823,14.010228799999823,78.984375,c97c4de7d735c479617239fa0ba26de65141f872df4921319e7b079a24e0157d,10544,21088,1,1,24624,870555,967728,379623,379623,379623,379623,2026-07-24T00:35:41.876151+08:00
present-k24624-p2-seff18e10-r1-factorized,presentation_scaling,24624k_2p_seff18e10,1,0,factorized,1,24624,complete_grid,2,view_04_exact_hidden_d0|view_13_hidden_exact_d1,14.0567544000005,14.0567544000005,78.67578125,c97c4de7d735c479617239fa0ba26de65141f872df4921319e7b079a24e0157d,10544,21088,1,1,24624,870555,967728,379623,379623,379623,379623,2026-07-24T00:35:56.128230+08:00
present-k24624-p2-seff18e10-r1-kernel_memo,presentation_scaling,24624k_2p_seff18e10,1,1,kernel_memo,1,24624,complete_grid,2,view_04_exact_hidden_d0|view_13_hidden_exact_d1,12.935686599999826,12.935686599999826,79.4453125,c97c4de7d735c479617239fa0ba26de65141f872df4921319e7b079a24e0157d,10544,21088,1,1,24624,870555,967728,379623,379623,379623,0,2026-07-24T00:36:09.258388+08:00
present-k24624-p2-seff18e10-r2-kernel_memo,presentation_scaling,24624k_2p_seff18e10,2,0,kernel_memo,1,24624,complete_grid,2,view_04_exact_hidden_d0|view_13_hidden_exact_d1,12.794679099999485,12.794679099999485,79.4609375,c97c4de7d735c479617239fa0ba26de65141f872df4921319e7b079a24e0157d,10544,21088,1,1,24624,870555,967728,379623,379623,379623,0,2026-07-24T00:36:22.285942+08:00
present-k24624-p2-seff18e10-r2-factorized,presentation_scaling,24624k_2p_seff18e10,2,1,factorized,1,24624,complete_grid,2,view_04_exact_hidden_d0|view_13_hidden_exact_d1,14.247301200000948,14.247301200000948,79.44140625,c97c4de7d735c479617239fa0ba26de65141f872df4921319e7b079a24e0157d,10544,21088,1,1,24624,870555,967728,379623,379623,379623,379623,2026-07-24T00:36:36.715197+08:00
present-k24624-p2-sceeff93d-r0-kernel_memo,presentation_scaling,24624k_2p_sceeff93d,0,0,kernel_memo,1,24624,complete_grid,2,view_00_exact_exact_d0|view_09_coarse_coarse_d1,12.455230999999912,12.455230999999912,79.46484375,60ff8290eab507f5466b8908b35d51c1293372fcaee14ba9cca8b4ba59f82dc1,10544,21088,1,1,24624,870555,967728,373805,373805,373805,0,2026-07-24T00:36:49.361925+08:00
present-k24624-p2-sceeff93d-r0-factorized,presentation_scaling,24624k_2p_sceeff93d,0,1,factorized,1,24624,complete_grid,2,view_00_exact_exact_d0|view_09_coarse_coarse_d1,13.784240099999806,13.784240099999806,78.78515625,60ff8290eab507f5466b8908b35d51c1293372fcaee14ba9cca8b4ba59f82dc1,10544,21088,1,1,24624,870555,967728,373805,373628,373628,373628,2026-07-24T00:37:03.392048+08:00
present-k24624-p2-sceeff93d-r1-factorized,presentation_scaling,24624k_2p_sceeff93d,1,0,factorized,1,24624,complete_grid,2,view_00_exact_exact_d0|view_09_coarse_coarse_d1,13.973683600001095,13.973683600001095,79.44921875,60ff8290eab507f5466b8908b35d51c1293372fcaee14ba9cca8b4ba59f82dc1,10544,21088,1,1,24624,870555,967728,373805,373628,373628,373628,2026-07-24T00:37:17.556737+08:00
present-k24624-p2-sceeff93d-r1-kernel_memo,presentation_scaling,24624k_2p_sceeff93d,1,1,kernel_memo,1,24624,complete_grid,2,view_00_exact_exact_d0|view_09_coarse_coarse_d1,12.481662400001369,12.481662400001369,47.51171875,60ff8290eab507f5466b8908b35d51c1293372fcaee14ba9cca8b4ba59f82dc1,10544,21088,1,1,24624,870555,967728,373805,373805,373805,0,2026-07-24T00:40:38.268715+08:00
present-k24624-p2-sceeff93d-r2-kernel_memo,presentation_scaling,24624k_2p_sceeff93d,2,0,kernel_memo,1,24624,complete_grid,2,view_00_exact_exact_d0|view_09_coarse_coarse_d1,12.494506700000784,12.494506700000784,47.59765625,60ff8290eab507f5466b8908b35d51c1293372fcaee14ba9cca8b4ba59f82dc1,10544,21088,1,1,24624,870555,967728,373805,373805,373805,0,2026-07-24T00:40:50.972910+08:00
present-k24624-p2-sceeff93d-r2-factorized,presentation_scaling,24624k_2p_sceeff93d,2,1,factorized,1,24624,complete_grid,2,view_00_exact_exact_d0|view_09_coarse_coarse_d1,14.139913299999535,14.139913299999535,56.09375,60ff8290eab507f5466b8908b35d51c1293372fcaee14ba9cca8b4ba59f82dc1,10544,21088,1,1,24624,870555,967728,373805,373628,373628,373628,2026-07-24T00:41:05.308023+08:00
present-k24624-p2-sa26aa940-r0-kernel_memo,presentation_scaling,24624k_2p_sa26aa940,0,0,kernel_memo,1,24624,complete_grid,2,view_05_exact_hidden_d1|view_14_hidden_coarse_d0,12.65395129999888,12.65395129999888,49.53515625,bdf49726e9ac048d973316ce8da328e34dd526db4183801ed2340c0dac759780,10544,21088,1,1,24624,870555,967728,372739,372739,372739,0,2026-07-24T00:41:18.149864+08:00
present-k24624-p2-sa26aa940-r0-factorized,presentation_scaling,24624k_2p_sa26aa940,0,1,factorized,1,24624,complete_grid,2,view_05_exact_hidden_d1|view_14_hidden_coarse_d0,13.942158899999413,13.942158899999413,57.35546875,bdf49726e9ac048d973316ce8da328e34dd526db4183801ed2340c0dac759780,10544,21088,1,1,24624,870555,967728,372739,372739,372739,372739,2026-07-24T00:41:32.286253+08:00
present-k24624-p2-sa26aa940-r1-factorized,presentation_scaling,24624k_2p_sa26aa940,1,0,factorized,1,24624,complete_grid,2,view_05_exact_hidden_d1|view_14_hidden_coarse_d0,13.923883600000408,13.923883600000408,56.4375,bdf49726e9ac048d973316ce8da328e34dd526db4183801ed2340c0dac759780,10544,21088,1,1,24624,870555,967728,372739,372739,372739,372739,2026-07-24T00:41:46.431567+08:00
present-k24624-p2-sa26aa940-r1-kernel_memo,presentation_scaling,24624k_2p_sa26aa940,1,1,kernel_memo,1,24624,complete_grid,2,view_05_exact_hidden_d1|view_14_hidden_coarse_d0,12.329566300000806,12.329566300000806,50.46484375,bdf49726e9ac048d973316ce8da328e34dd526db4183801ed2340c0dac759780,10544,21088,1,1,24624,870555,967728,372739,372739,372739,0,2026-07-24T00:41:58.978510+08:00
present-k24624-p2-sa26aa940-r2-kernel_memo,presentation_scaling,24624k_2p_sa26aa940,2,0,kernel_memo,1,24624,complete_grid,2,view_05_exact_hidden_d1|view_14_hidden_coarse_d0,12.42746729999999,12.42746729999999,50.4609375,bdf49726e9ac048d973316ce8da328e34dd526db4183801ed2340c0dac759780,10544,21088,1,1,24624,870555,967728,372739,372739,372739,0,2026-07-24T00:42:11.597850+08:00
present-k24624-p2-sa26aa940-r2-factorized,presentation_scaling,24624k_2p_sa26aa940,2,1,factorized,1,24624,complete_grid,2,view_05_exact_hidden_d1|view_14_hidden_coarse_d0,13.522539800000231,13.522539800000231,57.5390625,bdf49726e9ac048d973316ce8da328e34dd526db4183801ed2340c0dac759780,10544,21088,1,1,24624,870555,967728,372739,372739,372739,372739,2026-07-24T00:42:25.331346+08:00
present-k24624-p6-sc937edc2-r0-kernel_memo,presentation_scaling,24624k_6p_sc937edc2,0,0,kernel_memo,1,24624,complete_grid,6,view_01_exact_exact_d1|view_04_exact_hidden_d0|view_07_coarse_exact_d1|view_10_coarse_hidden_d0|view_13_hidden_exact_d1|view_16_hidden_hidden_d0,25.19885670000076,25.19885670000076,57.1015625,dc52c264019f5abaf17b1b79c767d45ef96bd528a97fa42d0d2a5f08fc048101,10544,63264,1,1,24624,870555,967728,1106495,1106495,1106495,0,2026-07-24T00:42:50.794448+08:00
present-k24624-p6-sc937edc2-r0-factorized,presentation_scaling,24624k_6p_sc937edc2,0,1,factorized,1,24624,complete_grid,6,view_01_exact_exact_d1|view_04_exact_hidden_d0|view_07_coarse_exact_d1|view_10_coarse_hidden_d0|view_13_hidden_exact_d1|view_16_hidden_hidden_d0,26.150928799999747,26.150928799999747,63.4453125,dc52c264019f5abaf17b1b79c767d45ef96bd528a97fa42d0d2a5f08fc048101,10544,63264,1,1,24624,870555,967728,1106495,859737,859737,859737,2026-07-24T00:43:17.179233+08:00
present-k24624-p6-sc937edc2-r1-factorized,presentation_scaling,24624k_6p_sc937edc2,1,0,factorized,1,24624,complete_grid,6,view_01_exact_exact_d1|view_04_exact_hidden_d0|view_07_coarse_exact_d1|view_10_coarse_hidden_d0|view_13_hidden_exact_d1|view_16_hidden_hidden_d0,26.367970100000093,26.367970100000093,65.2890625,dc52c264019f5abaf17b1b79c767d45ef96bd528a97fa42d0d2a5f08fc048101,10544,63264,1,1,24624,870555,967728,1106495,859737,859737,859737,2026-07-24T00:43:43.790725+08:00
present-k24624-p6-sc937edc2-r1-kernel_memo,presentation_scaling,24624k_6p_sc937edc2,1,1,kernel_memo,1,24624,complete_grid,6,view_01_exact_exact_d1|view_04_exact_hidden_d0|view_07_coarse_exact_d1|view_10_coarse_hidden_d0|view_13_hidden_exact_d1|view_16_hidden_hidden_d0,24.68613809999988,24.68613809999988,57.78125,dc52c264019f5abaf17b1b79c767d45ef96bd528a97fa42d0d2a5f08fc048101,10544,63264,1,1,24624,870555,967728,1106495,1106495,1106495,0,2026-07-24T00:44:08.720860+08:00
present-k24624-p6-sc937edc2-r2-kernel_memo,presentation_scaling,24624k_6p_sc937edc2,2,0,kernel_memo,1,24624,complete_grid,6,view_01_exact_exact_d1|view_04_exact_hidden_d0|view_07_coarse_exact_d1|view_10_coarse_hidden_d0|view_13_hidden_exact_d1|view_16_hidden_hidden_d0,24.709919200000513,24.709919200000513,57.23828125,dc52c264019f5abaf17b1b79c767d45ef96bd528a97fa42d0d2a5f08fc048101,10544,63264,1,1,24624,870555,967728,1106495,1106495,1106495,0,2026-07-24T00:44:33.643892+08:00
present-k24624-p6-sc937edc2-r2-factorized,presentation_scaling,24624k_6p_sc937edc2,2,1,factorized,1,24624,complete_grid,6,view_01_exact_exact_d1|view_04_exact_hidden_d0|view_07_coarse_exact_d1|view_10_coarse_hidden_d0|view_13_hidden_exact_d1|view_16_hidden_hidden_d0,26.20521600000029,26.20521600000029,63.28515625,dc52c264019f5abaf17b1b79c767d45ef96bd528a97fa42d0d2a5f08fc048101,10544,63264,1,1,24624,870555,967728,1106495,859737,859737,859737,2026-07-24T00:45:00.081263+08:00
present-k24624-p6-sbc4d21f2-r0-kernel_memo,presentation_scaling,24624k_6p_sbc4d21f2,0,0,kernel_memo,1,24624,complete_grid,6,view_00_exact_exact_d0|view_03_exact_coarse_d1|view_06_coarse_exact_d0|view_09_coarse_coarse_d1|view_12_hidden_exact_d0|view_15_hidden_coarse_d1,25.207264900000155,25.207264900000155,56.6796875,59ac169aaa3ae41813ba7f51748af56e2aa912a6fd07e029eeddce367881b3ca,10544,63264,1,1,24624,870555,967728,1126187,1126187,1126187,0,2026-07-24T00:45:25.531496+08:00
present-k24624-p6-sbc4d21f2-r0-factorized,presentation_scaling,24624k_6p_sbc4d21f2,0,1,factorized,1,24624,complete_grid,6,view_00_exact_exact_d0|view_03_exact_coarse_d1|view_06_coarse_exact_d0|view_09_coarse_coarse_d1|view_12_hidden_exact_d0|view_15_hidden_coarse_d1,26.38160869999956,26.38160869999956,63.62109375,59ac169aaa3ae41813ba7f51748af56e2aa912a6fd07e029eeddce367881b3ca,10544,63264,1,1,24624,870555,967728,1126187,913496,913496,913496,2026-07-24T00:45:52.162263+08:00
present-k24624-p6-sbc4d21f2-r1-factorized,presentation_scaling,24624k_6p_sbc4d21f2,1,0,factorized,1,24624,complete_grid,6,view_00_exact_exact_d0|view_03_exact_coarse_d1|view_06_coarse_exact_d0|view_09_coarse_coarse_d1|view_12_hidden_exact_d0|view_15_hidden_coarse_d1,26.3163839000008,26.3163839000008,63.34765625,59ac169aaa3ae41813ba7f51748af56e2aa912a6fd07e029eeddce367881b3ca,10544,63264,1,1,24624,870555,967728,1126187,913496,913496,913496,2026-07-24T00:46:18.735736+08:00
present-k24624-p6-sbc4d21f2-r1-kernel_memo,presentation_scaling,24624k_6p_sbc4d21f2,1,1,kernel_memo,1,24624,complete_grid,6,view_00_exact_exact_d0|view_03_exact_coarse_d1|view_06_coarse_exact_d0|view_09_coarse_coarse_d1|view_12_hidden_exact_d0|view_15_hidden_coarse_d1,25.395633799998905,25.395633799998905,59.3671875,59ac169aaa3ae41813ba7f51748af56e2aa912a6fd07e029eeddce367881b3ca,10544,63264,1,1,24624,870555,967728,1126187,1126187,1126187,0,2026-07-24T00:46:44.396207+08:00
present-k24624-p6-sbc4d21f2-r2-kernel_memo,presentation_scaling,24624k_6p_sbc4d21f2,2,0,kernel_memo,1,24624,complete_grid,6,view_00_exact_exact_d0|view_03_exact_coarse_d1|view_06_coarse_exact_d0|view_09_coarse_coarse_d1|view_12_hidden_exact_d0|view_15_hidden_coarse_d1,25.488565699999526,25.488565699999526,59.33984375,59ac169aaa3ae41813ba7f51748af56e2aa912a6fd07e029eeddce367881b3ca,10544,63264,1,1,24624,870555,967728,1126187,1126187,1126187,0,2026-07-24T00:47:10.121272+08:00
present-k24624-p6-sbc4d21f2-r2-factorized,presentation_scaling,24624k_6p_sbc4d21f2,2,1,factorized,1,24624,complete_grid,6,view_00_exact_exact_d0|view_03_exact_coarse_d1|view_06_coarse_exact_d0|view_09_coarse_coarse_d1|view_12_hidden_exact_d0|view_15_hidden_coarse_d1,27.10853159999897,27.10853159999897,63.67578125,59ac169aaa3ae41813ba7f51748af56e2aa912a6fd07e029eeddce367881b3ca,10544,63264,1,1,24624,870555,967728,1126187,913496,913496,913496,2026-07-24T00:47:37.482877+08:00
present-k24624-p6-s5679532e-r0-kernel_memo,presentation_scaling,24624k_6p_s5679532e,0,0,kernel_memo,1,24624,complete_grid,6,view_02_exact_coarse_d0|view_05_exact_hidden_d1|view_08_coarse_coarse_d0|view_11_coarse_hidden_d1|view_14_hidden_coarse_d0|view_17_hidden_hidden_d1,25.55794380000043,25.55794380000043,59.7421875,22bd5dd80185b5ae06deec28245b01f9918c1c0513ba33b3665d0d16069c85c7,10544,63264,1,1,24624,870555,967728,1149495,1149495,1149495,0,2026-07-24T00:48:03.284778+08:00
present-k24624-p6-s5679532e-r0-factorized,presentation_scaling,24624k_6p_s5679532e,0,1,factorized,1,24624,complete_grid,6,view_02_exact_coarse_d0|view_05_exact_hidden_d1|view_08_coarse_coarse_d0|view_11_coarse_hidden_d1|view_14_hidden_coarse_d0|view_17_hidden_hidden_d1,26.918729099999837,26.918729099999837,63.71875,22bd5dd80185b5ae06deec28245b01f9918c1c0513ba33b3665d0d16069c85c7,10544,63264,1,1,24624,870555,967728,1149495,938596,938596,938596,2026-07-24T00:48:30.447061+08:00
present-k24624-p6-s5679532e-r1-factorized,presentation_scaling,24624k_6p_s5679532e,1,0,factorized,1,24624,complete_grid,6,view_02_exact_coarse_d0|view_05_exact_hidden_d1|view_08_coarse_coarse_d0|view_11_coarse_hidden_d1|view_14_hidden_coarse_d0|view_17_hidden_hidden_d1,27.032032600000093,27.032032600000093,67.2109375,22bd5dd80185b5ae06deec28245b01f9918c1c0513ba33b3665d0d16069c85c7,10544,63264,1,1,24624,870555,967728,1149495,938596,938596,938596,2026-07-24T00:48:57.759854+08:00
present-k24624-p6-s5679532e-r1-kernel_memo,presentation_scaling,24624k_6p_s5679532e,1,1,kernel_memo,1,24624,complete_grid,6,view_02_exact_coarse_d0|view_05_exact_hidden_d1|view_08_coarse_coarse_d0|view_11_coarse_hidden_d1|view_14_hidden_coarse_d0|view_17_hidden_hidden_d1,25.663207200001125,25.663207200001125,60.83203125,22bd5dd80185b5ae06deec28245b01f9918c1c0513ba33b3665d0d16069c85c7,10544,63264,1,1,24624,870555,967728,1149495,1149495,1149495,0,2026-07-24T00:49:23.660944+08:00
present-k24624-p6-s5679532e-r2-kernel_memo,presentation_scaling,24624k_6p_s5679532e,2,0,kernel_memo,1,24624,complete_grid,6,view_02_exact_coarse_d0|view_05_exact_hidden_d1|view_08_coarse_coarse_d0|view_11_coarse_hidden_d1|view_14_hidden_coarse_d0|view_17_hidden_hidden_d1,26.02182029999858,26.02182029999858,61.48046875,22bd5dd80185b5ae06deec28245b01f9918c1c0513ba33b3665d0d16069c85c7,10544,63264,1,1,24624,870555,967728,1149495,1149495,1149495,0,2026-07-24T00:49:49.912310+08:00
present-k24624-p6-s5679532e-r2-factorized,presentation_scaling,24624k_6p_s5679532e,2,1,factorized,1,24624,complete_grid,6,view_02_exact_coarse_d0|view_05_exact_hidden_d1|view_08_coarse_coarse_d0|view_11_coarse_hidden_d1|view_14_hidden_coarse_d0|view_17_hidden_hidden_d1,27.679915200000323,27.679915200000323,66.14453125,22bd5dd80185b5ae06deec28245b01f9918c1c0513ba33b3665d0d16069c85c7,10544,63264,1,1,24624,870555,967728,1149495,938596,938596,938596,2026-07-24T00:50:17.828935+08:00
present-k24624-p10-sebd02a5c-r0-kernel_memo,presentation_scaling,24624k_10p_sebd02a5c,0,0,kernel_memo,1,24624,complete_grid,10,view_00_exact_exact_d0|view_02_exact_coarse_d0|view_04_exact_hidden_d0|view_06_coarse_exact_d0|view_08_coarse_coarse_d0|view_09_coarse_coarse_d1|view_11_coarse_hidden_d1|view_13_hidden_exact_d1|view_15_hidden_coarse_d1|view_17_hidden_hidden_d1,39.43091420000019,39.43091420000019,67.296875,8962c57ef73f6b3df0be0548a1a8fbb0defc7baab792fd0be5215964f1f28dee,10544,105440,1,1,24624,870555,967728,1916695,1916695,1916695,0,2026-07-24T00:50:57.545437+08:00
present-k24624-p10-sebd02a5c-r0-factorized,presentation_scaling,24624k_10p_sebd02a5c,0,1,factorized,1,24624,complete_grid,10,view_00_exact_exact_d0|view_02_exact_coarse_d0|view_04_exact_hidden_d0|view_06_coarse_exact_d0|view_08_coarse_coarse_d0|view_09_coarse_coarse_d1|view_11_coarse_hidden_d1|view_13_hidden_exact_d1|view_15_hidden_coarse_d1|view_17_hidden_hidden_d1,40.55145810000067,40.55145810000067,73.83984375,8962c57ef73f6b3df0be0548a1a8fbb0defc7baab792fd0be5215964f1f28dee,10544,105440,1,1,24624,870555,967728,1916695,1488895,1488895,1488895,2026-07-24T00:51:38.387027+08:00
present-k24624-p10-sebd02a5c-r1-factorized,presentation_scaling,24624k_10p_sebd02a5c,1,0,factorized,1,24624,complete_grid,10,view_00_exact_exact_d0|view_02_exact_coarse_d0|view_04_exact_hidden_d0|view_06_coarse_exact_d0|view_08_coarse_coarse_d0|view_09_coarse_coarse_d1|view_11_coarse_hidden_d1|view_13_hidden_exact_d1|view_15_hidden_coarse_d1|view_17_hidden_hidden_d1,40.34086910000042,40.34086910000042,77.125,8962c57ef73f6b3df0be0548a1a8fbb0defc7baab792fd0be5215964f1f28dee,10544,105440,1,1,24624,870555,967728,1916695,1488895,1488895,1488895,2026-07-24T00:52:19.014233+08:00
present-k24624-p10-sebd02a5c-r1-kernel_memo,presentation_scaling,24624k_10p_sebd02a5c,1,1,kernel_memo,1,24624,complete_grid,10,view_00_exact_exact_d0|view_02_exact_coarse_d0|view_04_exact_hidden_d0|view_06_coarse_exact_d0|view_08_coarse_coarse_d0|view_09_coarse_coarse_d1|view_11_coarse_hidden_d1|view_13_hidden_exact_d1|view_15_hidden_coarse_d1|view_17_hidden_hidden_d1,38.63762329999918,38.63762329999918,70.4609375,8962c57ef73f6b3df0be0548a1a8fbb0defc7baab792fd0be5215964f1f28dee,10544,105440,1,1,24624,870555,967728,1916695,1916695,1916695,0,2026-07-24T00:52:57.933882+08:00
present-k24624-p10-sebd02a5c-r2-kernel_memo,presentation_scaling,24624k_10p_sebd02a5c,2,0,kernel_memo,1,24624,complete_grid,10,view_00_exact_exact_d0|view_02_exact_coarse_d0|view_04_exact_hidden_d0|view_06_coarse_exact_d0|view_08_coarse_coarse_d0|view_09_coarse_coarse_d1|view_11_coarse_hidden_d1|view_13_hidden_exact_d1|view_15_hidden_coarse_d1|view_17_hidden_hidden_d1,39.01545040000019,39.01545040000019,69.4609375,8962c57ef73f6b3df0be0548a1a8fbb0defc7baab792fd0be5215964f1f28dee,10544,105440,1,1,24624,870555,967728,1916695,1916695,1916695,0,2026-07-24T00:53:37.245960+08:00
present-k24624-p10-sebd02a5c-r2-factorized,presentation_scaling,24624k_10p_sebd02a5c,2,1,factorized,1,24624,complete_grid,10,view_00_exact_exact_d0|view_02_exact_coarse_d0|view_04_exact_hidden_d0|view_06_coarse_exact_d0|view_08_coarse_coarse_d0|view_09_coarse_coarse_d1|view_11_coarse_hidden_d1|view_13_hidden_exact_d1|view_15_hidden_coarse_d1|view_17_hidden_hidden_d1,39.99170620000041,39.99170620000041,77.140625,8962c57ef73f6b3df0be0548a1a8fbb0defc7baab792fd0be5215964f1f28dee,10544,105440,1,1,24624,870555,967728,1916695,1488895,1488895,1488895,2026-07-24T00:54:17.516976+08:00
present-k24624-p10-s36b06149-r0-kernel_memo,presentation_scaling,24624k_10p_s36b06149,0,0,kernel_memo,1,24624,complete_grid,10,view_00_exact_exact_d0|view_02_exact_coarse_d0|view_04_exact_hidden_d0|view_05_exact_hidden_d1|view_07_coarse_exact_d1|view_09_coarse_coarse_d1|view_11_coarse_hidden_d1|view_13_hidden_exact_d1|view_14_hidden_coarse_d0|view_16_hidden_hidden_d0,37.60024449999946,37.60024449999946,68.14453125,cdfa2b5cccacfabfff90fd8a31353441cafc7dea01130117928516358a35e742,10544,105440,1,1,24624,870555,967728,1868403,1868403,1868403,0,2026-07-24T00:54:55.446482+08:00
present-k24624-p10-s36b06149-r0-factorized,presentation_scaling,24624k_10p_s36b06149,0,1,factorized,1,24624,complete_grid,10,view_00_exact_exact_d0|view_02_exact_coarse_d0|view_04_exact_hidden_d0|view_05_exact_hidden_d1|view_07_coarse_exact_d1|view_09_coarse_coarse_d1|view_11_coarse_hidden_d1|view_13_hidden_exact_d1|view_14_hidden_coarse_d0|view_16_hidden_hidden_d0,39.66110329999901,39.66110329999901,77.09375,cdfa2b5cccacfabfff90fd8a31353441cafc7dea01130117928516358a35e742,10544,105440,1,1,24624,870555,967728,1868403,1501691,1501691,1501691,2026-07-24T00:55:35.389199+08:00
present-k24624-p10-s36b06149-r1-factorized,presentation_scaling,24624k_10p_s36b06149,1,0,factorized,1,24624,complete_grid,10,view_00_exact_exact_d0|view_02_exact_coarse_d0|view_04_exact_hidden_d0|view_05_exact_hidden_d1|view_07_coarse_exact_d1|view_09_coarse_coarse_d1|view_11_coarse_hidden_d1|view_13_hidden_exact_d1|view_14_hidden_coarse_d0|view_16_hidden_hidden_d0,40.38793919999989,40.38793919999989,71.28125,cdfa2b5cccacfabfff90fd8a31353441cafc7dea01130117928516358a35e742,10544,105440,1,1,24624,870555,967728,1868403,1501691,1501691,1501691,2026-07-24T00:56:16.055885+08:00
present-k24624-p10-s36b06149-r1-kernel_memo,presentation_scaling,24624k_10p_s36b06149,1,1,kernel_memo,1,24624,complete_grid,10,view_00_exact_exact_d0|view_02_exact_coarse_d0|view_04_exact_hidden_d0|view_05_exact_hidden_d1|view_07_coarse_exact_d1|view_09_coarse_coarse_d1|view_11_coarse_hidden_d1|view_13_hidden_exact_d1|view_14_hidden_coarse_d0|view_16_hidden_hidden_d0,37.982814200000576,37.982814200000576,68.13671875,cdfa2b5cccacfabfff90fd8a31353441cafc7dea01130117928516358a35e742,10544,105440,1,1,24624,870555,967728,1868403,1868403,1868403,0,2026-07-24T00:56:54.324743+08:00
present-k24624-p10-s36b06149-r2-kernel_memo,presentation_scaling,24624k_10p_s36b06149,2,0,kernel_memo,1,24624,complete_grid,10,view_00_exact_exact_d0|view_02_exact_coarse_d0|view_04_exact_hidden_d0|view_05_exact_hidden_d1|view_07_coarse_exact_d1|view_09_coarse_coarse_d1|view_11_coarse_hidden_d1|view_13_hidden_exact_d1|view_14_hidden_coarse_d0|view_16_hidden_hidden_d0,39.38350779999928,39.38350779999928,68.14453125,cdfa2b5cccacfabfff90fd8a31353441cafc7dea01130117928516358a35e742,10544,105440,1,1,24624,870555,967728,1868403,1868403,1868403,0,2026-07-24T00:57:34.011842+08:00
present-k24624-p10-s36b06149-r2-factorized,presentation_scaling,24624k_10p_s36b06149,2,1,factorized,1,24624,complete_grid,10,view_00_exact_exact_d0|view_02_exact_coarse_d0|view_04_exact_hidden_d0|view_05_exact_hidden_d1|view_07_coarse_exact_d1|view_09_coarse_coarse_d1|view_11_coarse_hidden_d1|view_13_hidden_exact_d1|view_14_hidden_coarse_d0|view_16_hidden_hidden_d0,42.09776559999955,42.09776559999955,77.09375,cdfa2b5cccacfabfff90fd8a31353441cafc7dea01130117928516358a35e742,10544,105440,1,1,24624,870555,967728,1868403,1501691,1501691,1501691,2026-07-24T00:58:16.416939+08:00
present-k24624-p10-s07ca2bbd-r0-kernel_memo,presentation_scaling,24624k_10p_s07ca2bbd,0,0,kernel_memo,1,24624,complete_grid,10,view_00_exact_exact_d0|view_01_exact_exact_d1|view_03_exact_coarse_d1|view_05_exact_hidden_d1|view_07_coarse_exact_d1|view_09_coarse_coarse_d1|view_10_coarse_hidden_d0|view_12_hidden_exact_d0|view_14_hidden_coarse_d0|view_16_hidden_hidden_d0,39.506566199999725,39.506566199999725,68.14453125,68574ed71b12dfbee9822fcbd40228f9b1b89b01d6981f1f8fbfd92c2aee949c,10544,105440,1,1,24624,870555,967728,1839287,1839287,1839287,0,2026-07-24T00:58:56.237758+08:00
present-k24624-p10-s07ca2bbd-r0-factorized,presentation_scaling,24624k_10p_s07ca2bbd,0,1,factorized,1,24624,complete_grid,10,view_00_exact_exact_d0|view_01_exact_exact_d1|view_03_exact_coarse_d1|view_05_exact_hidden_d1|view_07_coarse_exact_d1|view_09_coarse_coarse_d1|view_10_coarse_hidden_d0|view_12_hidden_exact_d0|view_14_hidden_coarse_d0|view_16_hidden_hidden_d0,42.05800799999997,42.05800799999997,77.11328125,68574ed71b12dfbee9822fcbd40228f9b1b89b01d6981f1f8fbfd92c2aee949c,10544,105440,1,1,24624,870555,967728,1839287,1438362,1438362,1438362,2026-07-24T00:59:38.649660+08:00
present-k24624-p10-s07ca2bbd-r1-factorized,presentation_scaling,24624k_10p_s07ca2bbd,1,0,factorized,1,24624,complete_grid,10,view_00_exact_exact_d0|view_01_exact_exact_d1|view_03_exact_coarse_d1|view_05_exact_hidden_d1|view_07_coarse_exact_d1|view_09_coarse_coarse_d1|view_10_coarse_hidden_d0|view_12_hidden_exact_d0|view_14_hidden_coarse_d0|view_16_hidden_hidden_d0,40.71725770000012,40.71725770000012,77.109375,68574ed71b12dfbee9822fcbd40228f9b1b89b01d6981f1f8fbfd92c2aee949c,10544,105440,1,1,24624,870555,967728,1839287,1438362,1438362,1438362,2026-07-24T01:00:19.724462+08:00
present-k24624-p10-s07ca2bbd-r1-kernel_memo,presentation_scaling,24624k_10p_s07ca2bbd,1,1,kernel_memo,1,24624,complete_grid,10,view_00_exact_exact_d0|view_01_exact_exact_d1|view_03_exact_coarse_d1|view_05_exact_hidden_d1|view_07_coarse_exact_d1|view_09_coarse_coarse_d1|view_10_coarse_hidden_d0|view_12_hidden_exact_d0|view_14_hidden_coarse_d0|view_16_hidden_hidden_d0,39.71753509999871,39.71753509999871,70.67578125,68574ed71b12dfbee9822fcbd40228f9b1b89b01d6981f1f8fbfd92c2aee949c,10544,105440,1,1,24624,870555,967728,1839287,1839287,1839287,0,2026-07-24T01:00:59.774436+08:00
present-k24624-p10-s07ca2bbd-r2-kernel_memo,presentation_scaling,24624k_10p_s07ca2bbd,2,0,kernel_memo,1,24624,complete_grid,10,view_00_exact_exact_d0|view_01_exact_exact_d1|view_03_exact_coarse_d1|view_05_exact_hidden_d1|view_07_coarse_exact_d1|view_09_coarse_coarse_d1|view_10_coarse_hidden_d0|view_12_hidden_exact_d0|view_14_hidden_coarse_d0|view_16_hidden_hidden_d0,40.08955919999971,40.08955919999971,71.46484375,68574ed71b12dfbee9822fcbd40228f9b1b89b01d6981f1f8fbfd92c2aee949c,10544,105440,1,1,24624,870555,967728,1839287,1839287,1839287,0,2026-07-24T01:01:40.141985+08:00
present-k24624-p10-s07ca2bbd-r2-factorized,presentation_scaling,24624k_10p_s07ca2bbd,2,1,factorized,1,24624,complete_grid,10,view_00_exact_exact_d0|view_01_exact_exact_d1|view_03_exact_coarse_d1|view_05_exact_hidden_d1|view_07_coarse_exact_d1|view_09_coarse_coarse_d1|view_10_coarse_hidden_d0|view_12_hidden_exact_d0|view_14_hidden_coarse_d0|view_16_hidden_hidden_d0,41.35031530000015,41.35031530000015,77.10546875,68574ed71b12dfbee9822fcbd40228f9b1b89b01d6981f1f8fbfd92c2aee949c,10544,105440,1,1,24624,870555,967728,1839287,1438362,1438362,1438362,2026-07-24T01:02:21.797488+08:00
present-k24624-p14-sfad31aed-r0-kernel_memo,presentation_scaling,24624k_14p_sfad31aed,0,0,kernel_memo,1,24624,complete_grid,14,view_00_exact_exact_d0|view_01_exact_exact_d1|view_03_exact_coarse_d1|view_04_exact_hidden_d0|view_05_exact_hidden_d1|view_07_coarse_exact_d1|view_08_coarse_coarse_d0|view_09_coarse_coarse_d1|view_10_coarse_hidden_d0|view_12_hidden_exact_d0|view_13_hidden_exact_d1|view_14_hidden_coarse_d0|view_16_hidden_hidden_d0|view_17_hidden_hidden_d1,55.95800699999927,55.95800699999927,73.546875,f0d1d66366014487f848fca7eb45fef185feadf4ee7e95a0a1f05eea749b3eec,10544,147616,1,1,24624,870555,967728,2617061,2617061,2617061,0,2026-07-24T01:03:18.124987+08:00
present-k24624-p14-sfad31aed-r0-factorized,presentation_scaling,24624k_14p_sfad31aed,0,1,factorized,1,24624,complete_grid,14,view_00_exact_exact_d0|view_01_exact_exact_d1|view_03_exact_coarse_d1|view_04_exact_hidden_d0|view_05_exact_hidden_d1|view_07_coarse_exact_d1|view_08_coarse_coarse_d0|view_09_coarse_coarse_d1|view_10_coarse_hidden_d0|view_12_hidden_exact_d0|view_13_hidden_exact_d1|view_14_hidden_coarse_d0|view_16_hidden_hidden_d0|view_17_hidden_hidden_d1,54.55338560000018,54.55338560000018,85.46484375,f0d1d66366014487f848fca7eb45fef185feadf4ee7e95a0a1f05eea749b3eec,10544,147616,1,1,24624,870555,967728,2617061,1898076,1898076,1898076,2026-07-24T01:04:13.025094+08:00
present-k24624-p14-sfad31aed-r1-factorized,presentation_scaling,24624k_14p_sfad31aed,1,0,factorized,1,24624,complete_grid,14,view_00_exact_exact_d0|view_01_exact_exact_d1|view_03_exact_coarse_d1|view_04_exact_hidden_d0|view_05_exact_hidden_d1|view_07_coarse_exact_d1|view_08_coarse_coarse_d0|view_09_coarse_coarse_d1|view_10_coarse_hidden_d0|view_12_hidden_exact_d0|view_13_hidden_exact_d1|view_14_hidden_coarse_d0|view_16_hidden_hidden_d0|view_17_hidden_hidden_d1,52.86477699999887,52.86477699999887,85.48046875,f0d1d66366014487f848fca7eb45fef185feadf4ee7e95a0a1f05eea749b3eec,10544,147616,1,1,24624,870555,967728,2617061,1898076,1898076,1898076,2026-07-24T01:05:06.225299+08:00
present-k24624-p14-sfad31aed-r1-kernel_memo,presentation_scaling,24624k_14p_sfad31aed,1,1,kernel_memo,1,24624,complete_grid,14,view_00_exact_exact_d0|view_01_exact_exact_d1|view_03_exact_coarse_d1|view_04_exact_hidden_d0|view_05_exact_hidden_d1|view_07_coarse_exact_d1|view_08_coarse_coarse_d0|view_09_coarse_coarse_d1|view_10_coarse_hidden_d0|view_12_hidden_exact_d0|view_13_hidden_exact_d1|view_14_hidden_coarse_d0|view_16_hidden_hidden_d0|view_17_hidden_hidden_d1,51.805393799999365,51.805393799999365,72.66796875,f0d1d66366014487f848fca7eb45fef185feadf4ee7e95a0a1f05eea749b3eec,10544,147616,1,1,24624,870555,967728,2617061,2617061,2617061,0,2026-07-24T01:05:58.348434+08:00
present-k24624-p14-sfad31aed-r2-kernel_memo,presentation_scaling,24624k_14p_sfad31aed,2,0,kernel_memo,1,24624,complete_grid,14,view_00_exact_exact_d0|view_01_exact_exact_d1|view_03_exact_coarse_d1|view_04_exact_hidden_d0|view_05_exact_hidden_d1|view_07_coarse_exact_d1|view_08_coarse_coarse_d0|view_09_coarse_coarse_d1|view_10_coarse_hidden_d0|view_12_hidden_exact_d0|view_13_hidden_exact_d1|view_14_hidden_coarse_d0|view_16_hidden_hidden_d0|view_17_hidden_hidden_d1,53.62946159999956,53.62946159999956,73.80078125,f0d1d66366014487f848fca7eb45fef185feadf4ee7e95a0a1f05eea749b3eec,10544,147616,1,1,24624,870555,967728,2617061,2617061,2617061,0,2026-07-24T01:06:52.372875+08:00
present-k24624-p14-sfad31aed-r2-factorized,presentation_scaling,24624k_14p_sfad31aed,2,1,factorized,1,24624,complete_grid,14,view_00_exact_exact_d0|view_01_exact_exact_d1|view_03_exact_coarse_d1|view_04_exact_hidden_d0|view_05_exact_hidden_d1|view_07_coarse_exact_d1|view_08_coarse_coarse_d0|view_09_coarse_coarse_d1|view_10_coarse_hidden_d0|view_12_hidden_exact_d0|view_13_hidden_exact_d1|view_14_hidden_coarse_d0|view_16_hidden_hidden_d0|view_17_hidden_hidden_d1,51.901868200000536,51.901868200000536,77.28515625,f0d1d66366014487f848fca7eb45fef185feadf4ee7e95a0a1f05eea749b3eec,10544,147616,1,1,24624,870555,967728,2617061,1898076,1898076,1898076,2026-07-24T01:07:44.604280+08:00
present-k24624-p14-s5fe45127-r0-kernel_memo,presentation_scaling,24624k_14p_s5fe45127,0,0,kernel_memo,1,24624,complete_grid,14,view_00_exact_exact_d0|view_01_exact_exact_d1|view_03_exact_coarse_d1|view_04_exact_hidden_d0|view_05_exact_hidden_d1|view_06_coarse_exact_d0|view_08_coarse_coarse_d0|view_09_coarse_coarse_d1|view_10_coarse_hidden_d0|view_12_hidden_exact_d0|view_13_hidden_exact_d1|view_14_hidden_coarse_d0|view_15_hidden_coarse_d1|view_17_hidden_hidden_d1,51.47124609999992,51.47124609999992,74.80078125,e26b99b27234ba6aa320dbc159c4eb9b233856f4996159511c694e155865c680,10544,147616,1,1,24624,870555,967728,2639941,2639941,2639941,0,2026-07-24T01:08:36.408574+08:00
present-k24624-p14-s5fe45127-r0-factorized,presentation_scaling,24624k_14p_s5fe45127,0,1,factorized,1,24624,complete_grid,14,view_00_exact_exact_d0|view_01_exact_exact_d1|view_03_exact_coarse_d1|view_04_exact_hidden_d0|view_05_exact_hidden_d1|view_06_coarse_exact_d0|view_08_coarse_coarse_d0|view_09_coarse_coarse_d1|view_10_coarse_hidden_d0|view_12_hidden_exact_d0|view_13_hidden_exact_d1|view_14_hidden_coarse_d0|view_15_hidden_coarse_d1|view_17_hidden_hidden_d1,54.19849030000114,54.19849030000114,85.55078125,e26b99b27234ba6aa320dbc159c4eb9b233856f4996159511c694e155865c680,10544,147616,1,1,24624,870555,967728,2639941,2027376,2027376,2027376,2026-07-24T01:09:30.975827+08:00
present-k24624-p14-s5fe45127-r1-factorized,presentation_scaling,24624k_14p_s5fe45127,1,0,factorized,1,24624,complete_grid,14,view_00_exact_exact_d0|view_01_exact_exact_d1|view_03_exact_coarse_d1|view_04_exact_hidden_d0|view_05_exact_hidden_d1|view_06_coarse_exact_d0|view_08_coarse_coarse_d0|view_09_coarse_coarse_d1|view_10_coarse_hidden_d0|view_12_hidden_exact_d0|view_13_hidden_exact_d1|view_14_hidden_coarse_d0|view_15_hidden_coarse_d1|view_17_hidden_hidden_d1,54.07070870000098,54.07070870000098,77.359375,e26b99b27234ba6aa320dbc159c4eb9b233856f4996159511c694e155865c680,10544,147616,1,1,24624,870555,967728,2639941,2027376,2027376,2027376,2026-07-24T01:10:25.384940+08:00
present-k24624-p14-s5fe45127-r1-kernel_memo,presentation_scaling,24624k_14p_s5fe45127,1,1,kernel_memo,1,24624,complete_grid,14,view_00_exact_exact_d0|view_01_exact_exact_d1|view_03_exact_coarse_d1|view_04_exact_hidden_d0|view_05_exact_hidden_d1|view_06_coarse_exact_d0|view_08_coarse_coarse_d0|view_09_coarse_coarse_d1|view_10_coarse_hidden_d0|view_12_hidden_exact_d0|view_13_hidden_exact_d1|view_14_hidden_coarse_d0|view_15_hidden_coarse_d1|view_17_hidden_hidden_d1,51.50574890000098,51.50574890000098,76.80078125,e26b99b27234ba6aa320dbc159c4eb9b233856f4996159511c694e155865c680,10544,147616,1,1,24624,870555,967728,2639941,2639941,2639941,0,2026-07-24T01:11:17.232910+08:00
present-k24624-p14-s5fe45127-r2-kernel_memo,presentation_scaling,24624k_14p_s5fe45127,2,0,kernel_memo,1,24624,complete_grid,14,view_00_exact_exact_d0|view_01_exact_exact_d1|view_03_exact_coarse_d1|view_04_exact_hidden_d0|view_05_exact_hidden_d1|view_06_coarse_exact_d0|view_08_coarse_coarse_d0|view_09_coarse_coarse_d1|view_10_coarse_hidden_d0|view_12_hidden_exact_d0|view_13_hidden_exact_d1|view_14_hidden_coarse_d0|view_15_hidden_coarse_d1|view_17_hidden_hidden_d1,51.434897200000705,51.434897200000705,76.80078125,e26b99b27234ba6aa320dbc159c4eb9b233856f4996159511c694e155865c680,10544,147616,1,1,24624,870555,967728,2639941,2639941,2639941,0,2026-07-24T01:12:09.003761+08:00
present-k24624-p14-s5fe45127-r2-factorized,presentation_scaling,24624k_14p_s5fe45127,2,1,factorized,1,24624,complete_grid,14,view_00_exact_exact_d0|view_01_exact_exact_d1|view_03_exact_coarse_d1|view_04_exact_hidden_d0|view_05_exact_hidden_d1|view_06_coarse_exact_d0|view_08_coarse_coarse_d0|view_09_coarse_coarse_d1|view_10_coarse_hidden_d0|view_12_hidden_exact_d0|view_13_hidden_exact_d1|view_14_hidden_coarse_d0|view_15_hidden_coarse_d1|view_17_hidden_hidden_d1,54.10926660000041,54.10926660000041,77.42578125,e26b99b27234ba6aa320dbc159c4eb9b233856f4996159511c694e155865c680,10544,147616,1,1,24624,870555,967728,2639941,2027376,2027376,2027376,2026-07-24T01:13:03.469628+08:00
present-k24624-p14-sa127b5b8-r0-kernel_memo,presentation_scaling,24624k_14p_sa127b5b8,0,0,kernel_memo,1,24624,complete_grid,14,view_00_exact_exact_d0|view_01_exact_exact_d1|view_02_exact_coarse_d0|view_04_exact_hidden_d0|view_05_exact_hidden_d1|view_06_coarse_exact_d0|view_08_coarse_coarse_d0|view_09_coarse_coarse_d1|view_10_coarse_hidden_d0|view_11_coarse_hidden_d1|view_13_hidden_exact_d1|view_14_hidden_coarse_d0|view_15_hidden_coarse_d1|view_17_hidden_hidden_d1,52.14609329999985,52.14609329999985,76.671875,1ddea369d89028ec3d40d79a727334cd9dcbee115ac272eecfaa0bf7aac86582,10544,147616,1,1,24624,870555,967728,2652675,2652675,2652675,0,2026-07-24T01:13:55.950626+08:00
present-k24624-p14-sa127b5b8-r0-factorized,presentation_scaling,24624k_14p_sa127b5b8,0,1,factorized,1,24624,complete_grid,14,view_00_exact_exact_d0|view_01_exact_exact_d1|view_02_exact_coarse_d0|view_04_exact_hidden_d0|view_05_exact_hidden_d1|view_06_coarse_exact_d0|view_08_coarse_coarse_d0|view_09_coarse_coarse_d1|view_10_coarse_hidden_d0|view_11_coarse_hidden_d1|view_13_hidden_exact_d1|view_14_hidden_coarse_d0|view_15_hidden_coarse_d1|view_17_hidden_hidden_d1,54.14538940000057,54.14538940000057,77.359375,1ddea369d89028ec3d40d79a727334cd9dcbee115ac272eecfaa0bf7aac86582,10544,147616,1,1,24624,870555,967728,2652675,1976451,1976451,1976451,2026-07-24T01:14:50.425918+08:00
present-k24624-p14-sa127b5b8-r1-factorized,presentation_scaling,24624k_14p_sa127b5b8,1,0,factorized,1,24624,complete_grid,14,view_00_exact_exact_d0|view_01_exact_exact_d1|view_02_exact_coarse_d0|view_04_exact_hidden_d0|view_05_exact_hidden_d1|view_06_coarse_exact_d0|view_08_coarse_coarse_d0|view_09_coarse_coarse_d1|view_10_coarse_hidden_d0|view_11_coarse_hidden_d1|view_13_hidden_exact_d1|view_14_hidden_coarse_d0|view_15_hidden_coarse_d1|view_17_hidden_hidden_d1,52.30501489999915,52.30501489999915,77.359375,1ddea369d89028ec3d40d79a727334cd9dcbee115ac272eecfaa0bf7aac86582,10544,147616,1,1,24624,870555,967728,2652675,1976451,1976451,1976451,2026-07-24T01:15:43.062251+08:00
present-k24624-p14-sa127b5b8-r1-kernel_memo,presentation_scaling,24624k_14p_sa127b5b8,1,1,kernel_memo,1,24624,complete_grid,14,view_00_exact_exact_d0|view_01_exact_exact_d1|view_02_exact_coarse_d0|view_04_exact_hidden_d0|view_05_exact_hidden_d1|view_06_coarse_exact_d0|view_08_coarse_coarse_d0|view_09_coarse_coarse_d1|view_10_coarse_hidden_d0|view_11_coarse_hidden_d1|view_13_hidden_exact_d1|view_14_hidden_coarse_d0|view_15_hidden_coarse_d1|view_17_hidden_hidden_d1,50.82209689999945,50.82209689999945,76.703125,1ddea369d89028ec3d40d79a727334cd9dcbee115ac272eecfaa0bf7aac86582,10544,147616,1,1,24624,870555,967728,2652675,2652675,2652675,0,2026-07-24T01:16:34.225472+08:00
present-k24624-p14-sa127b5b8-r2-kernel_memo,presentation_scaling,24624k_14p_sa127b5b8,2,0,kernel_memo,1,24624,complete_grid,14,view_00_exact_exact_d0|view_01_exact_exact_d1|view_02_exact_coarse_d0|view_04_exact_hidden_d0|view_05_exact_hidden_d1|view_06_coarse_exact_d0|view_08_coarse_coarse_d0|view_09_coarse_coarse_d1|view_10_coarse_hidden_d0|view_11_coarse_hidden_d1|view_13_hidden_exact_d1|view_14_hidden_coarse_d0|view_15_hidden_coarse_d1|view_17_hidden_hidden_d1,53.79191089999949,53.79191089999949,77.83203125,1ddea369d89028ec3d40d79a727334cd9dcbee115ac272eecfaa0bf7aac86582,10544,147616,1,1,24624,870555,967728,2652675,2652675,2652675,0,2026-07-24T01:17:28.350895+08:00
present-k24624-p14-sa127b5b8-r2-factorized,presentation_scaling,24624k_14p_sa127b5b8,2,1,factorized,1,24624,complete_grid,14,view_00_exact_exact_d0|view_01_exact_exact_d1|view_02_exact_coarse_d0|view_04_exact_hidden_d0|view_05_exact_hidden_d1|view_06_coarse_exact_d0|view_08_coarse_coarse_d0|view_09_coarse_coarse_d1|view_10_coarse_hidden_d0|view_11_coarse_hidden_d1|view_13_hidden_exact_d1|view_14_hidden_coarse_d0|view_15_hidden_coarse_d1|view_17_hidden_hidden_d1,52.64853100000073,52.64853100000073,78.37890625,1ddea369d89028ec3d40d79a727334cd9dcbee115ac272eecfaa0bf7aac86582,10544,147616,1,1,24624,870555,967728,2652675,1976451,1976451,1976451,2026-07-24T01:18:21.327447+08:00
present-k24624-p18-s15f13d6a-r0-kernel_memo,presentation_scaling,24624k_18p_s15f13d6a,0,0,kernel_memo,1,24624,complete_grid,18,view_00_exact_exact_d0|view_01_exact_exact_d1|view_02_exact_coarse_d0|view_03_exact_coarse_d1|view_04_exact_hidden_d0|view_05_exact_hidden_d1|view_06_coarse_exact_d0|view_07_coarse_exact_d1|view_08_coarse_coarse_d0|view_09_coarse_coarse_d1|view_10_coarse_hidden_d0|view_11_coarse_hidden_d1|view_12_hidden_exact_d0|view_13_hidden_exact_d1|view_14_hidden_coarse_d0|view_15_hidden_coarse_d1|view_16_hidden_hidden_d0|view_17_hidden_hidden_d1,65.98401600000034,65.98401600000034,87.2265625,a171500c18441ecbe3f8e05125a928ca5b88d5b874ee80a16d3d8e88b67fa411,10544,189792,1,1,24624,870555,967728,3382177,3382177,3382177,0,2026-07-24T01:19:27.667410+08:00
present-k24624-p18-s15f13d6a-r0-factorized,presentation_scaling,24624k_18p_s15f13d6a,0,1,factorized,1,24624,complete_grid,18,view_00_exact_exact_d0|view_01_exact_exact_d1|view_02_exact_coarse_d0|view_03_exact_coarse_d1|view_04_exact_hidden_d0|view_05_exact_hidden_d1|view_06_coarse_exact_d0|view_07_coarse_exact_d1|view_08_coarse_coarse_d0|view_09_coarse_coarse_d1|view_10_coarse_hidden_d0|view_11_coarse_hidden_d1|view_12_hidden_exact_d0|view_13_hidden_exact_d1|view_14_hidden_coarse_d0|view_15_hidden_coarse_d1|view_16_hidden_hidden_d0|view_17_hidden_hidden_d1,64.09128690000034,64.09128690000034,99.21875,a171500c18441ecbe3f8e05125a928ca5b88d5b874ee80a16d3d8e88b67fa411,10544,189792,1,1,24624,870555,967728,3382177,2288074,2288074,2288074,2026-07-24T01:20:32.154025+08:00
present-k24624-p18-s15f13d6a-r1-factorized,presentation_scaling,24624k_18p_s15f13d6a,1,0,factorized,1,24624,complete_grid,18,view_00_exact_exact_d0|view_01_exact_exact_d1|view_02_exact_coarse_d0|view_03_exact_coarse_d1|view_04_exact_hidden_d0|view_05_exact_hidden_d1|view_06_coarse_exact_d0|view_07_coarse_exact_d1|view_08_coarse_coarse_d0|view_09_coarse_coarse_d1|view_10_coarse_hidden_d0|view_11_coarse_hidden_d1|view_12_hidden_exact_d0|view_13_hidden_exact_d1|view_14_hidden_coarse_d0|view_15_hidden_coarse_d1|view_16_hidden_hidden_d0|view_17_hidden_hidden_d1,63.176141500000085,63.176141500000085,99.24609375,a171500c18441ecbe3f8e05125a928ca5b88d5b874ee80a16d3d8e88b67fa411,10544,189792,1,1,24624,870555,967728,3382177,2288074,2288074,2288074,2026-07-24T01:21:35.698321+08:00
present-k24624-p18-s15f13d6a-r1-kernel_memo,presentation_scaling,24624k_18p_s15f13d6a,1,1,kernel_memo,1,24624,complete_grid,18,view_00_exact_exact_d0|view_01_exact_exact_d1|view_02_exact_coarse_d0|view_03_exact_coarse_d1|view_04_exact_hidden_d0|view_05_exact_hidden_d1|view_06_coarse_exact_d0|view_07_coarse_exact_d1|view_08_coarse_coarse_d0|view_09_coarse_coarse_d1|view_10_coarse_hidden_d0|view_11_coarse_hidden_d1|view_12_hidden_exact_d0|view_13_hidden_exact_d1|view_14_hidden_coarse_d0|view_15_hidden_coarse_d1|view_16_hidden_hidden_d0|view_17_hidden_hidden_d1,64.6022879000011,64.6022879000011,86.0546875,a171500c18441ecbe3f8e05125a928ca5b88d5b874ee80a16d3d8e88b67fa411,10544,189792,1,1,24624,870555,967728,3382177,3382177,3382177,0,2026-07-24T01:22:40.661448+08:00
present-k24624-p18-s15f13d6a-r2-kernel_memo,presentation_scaling,24624k_18p_s15f13d6a,2,0,kernel_memo,1,24624,complete_grid,18,view_00_exact_exact_d0|view_01_exact_exact_d1|view_02_exact_coarse_d0|view_03_exact_coarse_d1|view_04_exact_hidden_d0|view_05_exact_hidden_d1|view_06_coarse_exact_d0|view_07_coarse_exact_d1|view_08_coarse_coarse_d0|view_09_coarse_coarse_d1|view_10_coarse_hidden_d0|view_11_coarse_hidden_d1|view_12_hidden_exact_d0|view_13_hidden_exact_d1|view_14_hidden_coarse_d0|view_15_hidden_coarse_d1|view_16_hidden_hidden_d0|view_17_hidden_hidden_d1,63.74106380000012,63.74106380000012,87.2578125,a171500c18441ecbe3f8e05125a928ca5b88d5b874ee80a16d3d8e88b67fa411,10544,189792,1,1,24624,870555,967728,3382177,3382177,3382177,0,2026-07-24T01:23:44.773317+08:00
present-k24624-p18-s15f13d6a-r2-factorized,presentation_scaling,24624k_18p_s15f13d6a,2,1,factorized,1,24624,complete_grid,18,view_00_exact_exact_d0|view_01_exact_exact_d1|view_02_exact_coarse_d0|view_03_exact_coarse_d1|view_04_exact_hidden_d0|view_05_exact_hidden_d1|view_06_coarse_exact_d0|view_07_coarse_exact_d1|view_08_coarse_coarse_d0|view_09_coarse_coarse_d1|view_10_coarse_hidden_d0|view_11_coarse_hidden_d1|view_12_hidden_exact_d0|view_13_hidden_exact_d1|view_14_hidden_coarse_d0|view_15_hidden_coarse_d1|view_16_hidden_hidden_d0|view_17_hidden_hidden_d1,62.018612399999256,62.018612399999256,99.3125,a171500c18441ecbe3f8e05125a928ca5b88d5b874ee80a16d3d8e88b67fa411,10544,189792,1,1,24624,870555,967728,3382177,2288074,2288074,2288074,2026-07-24T01:24:47.177052+08:00
capacity-k1000-p18-r0-w16,capacity_scan,1000k_18p,0,0,factorized,16,1000,stratified_midpoint,18,view_00_exact_exact_d0|view_01_exact_exact_d1|view_02_exact_coarse_d0|view_03_exact_coarse_d1|view_04_exact_hidden_d0|view_05_exact_hidden_d1|view_06_coarse_exact_d0|view_07_coarse_exact_d1|view_08_coarse_coarse_d0|view_09_coarse_coarse_d1|view_10_coarse_hidden_d0|view_11_coarse_hidden_d1|view_12_hidden_exact_d0|view_13_hidden_exact_d1|view_14_hidden_coarse_d0|view_15_hidden_coarse_d1|view_16_hidden_hidden_d0|view_17_hidden_hidden_d1,1.1023418000004312,17.6374688000069,470.71875,481aa85e3082e7ec3d82a40a58a02689998a80c1052638d9533728edb7eefe0d,433,7794,1,1,1000,35197,39132,138375,93871,93871,93871,2026-07-24T01:24:48.479312+08:00
capacity-k1000-p18-r1-w16,capacity_scan,1000k_18p,1,0,factorized,16,1000,stratified_midpoint,18,view_00_exact_exact_d0|view_01_exact_exact_d1|view_02_exact_coarse_d0|view_03_exact_coarse_d1|view_04_exact_hidden_d0|view_05_exact_hidden_d1|view_06_coarse_exact_d0|view_07_coarse_exact_d1|view_08_coarse_coarse_d0|view_09_coarse_coarse_d1|view_10_coarse_hidden_d0|view_11_coarse_hidden_d1|view_12_hidden_exact_d0|view_13_hidden_exact_d1|view_14_hidden_coarse_d0|view_15_hidden_coarse_d1|view_16_hidden_hidden_d0|view_17_hidden_hidden_d1,1.1188481999997748,17.901571199996397,470.83203125,481aa85e3082e7ec3d82a40a58a02689998a80c1052638d9533728edb7eefe0d,433,7794,1,1,1000,35197,39132,138375,93871,93871,93871,2026-07-24T01:24:49.790295+08:00
capacity-k1000-p18-r2-w16,capacity_scan,1000k_18p,2,0,factorized,16,1000,stratified_midpoint,18,view_00_exact_exact_d0|view_01_exact_exact_d1|view_02_exact_coarse_d0|view_03_exact_coarse_d1|view_04_exact_hidden_d0|view_05_exact_hidden_d1|view_06_coarse_exact_d0|view_07_coarse_exact_d1|view_08_coarse_coarse_d0|view_09_coarse_coarse_d1|view_10_coarse_hidden_d0|view_11_coarse_hidden_d1|view_12_hidden_exact_d0|view_13_hidden_exact_d1|view_14_hidden_coarse_d0|view_15_hidden_coarse_d1|view_16_hidden_hidden_d0|view_17_hidden_hidden_d1,0.9288933999996516,14.862294399994425,470.13671875,481aa85e3082e7ec3d82a40a58a02689998a80c1052638d9533728edb7eefe0d,433,7794,1,1,1000,35197,39132,138375,93871,93871,93871,2026-07-24T01:24:50.898860+08:00
capacity-k5000-p18-r0-w16,capacity_scan,5000k_18p,0,0,factorized,16,5000,stratified_midpoint,18,view_00_exact_exact_d0|view_01_exact_exact_d1|view_02_exact_coarse_d0|view_03_exact_coarse_d1|view_04_exact_hidden_d0|view_05_exact_hidden_d1|view_06_coarse_exact_d0|view_07_coarse_exact_d1|view_08_coarse_coarse_d0|view_09_coarse_coarse_d1|view_10_coarse_hidden_d0|view_11_coarse_hidden_d1|view_12_hidden_exact_d0|view_13_hidden_exact_d1|view_14_hidden_coarse_d0|view_15_hidden_coarse_d1|view_16_hidden_hidden_d0|view_17_hidden_hidden_d1,2.2924896999993507,36.67983519998961,474.75390625,790f853705ee51949978512d8b54b0d0b07fdd8f8a56ab78ea4a32de93b7f747,2145,38610,1,1,5000,174867,194014,687429,464794,464794,464794,2026-07-24T01:24:53.402708+08:00
capacity-k5000-p18-r1-w16,capacity_scan,5000k_18p,1,0,factorized,16,5000,stratified_midpoint,18,view_00_exact_exact_d0|view_01_exact_exact_d1|view_02_exact_coarse_d0|view_03_exact_coarse_d1|view_04_exact_hidden_d0|view_05_exact_hidden_d1|view_06_coarse_exact_d0|view_07_coarse_exact_d1|view_08_coarse_coarse_d0|view_09_coarse_coarse_d1|view_10_coarse_hidden_d0|view_11_coarse_hidden_d1|view_12_hidden_exact_d0|view_13_hidden_exact_d1|view_14_hidden_coarse_d0|view_15_hidden_coarse_d1|view_16_hidden_hidden_d0|view_17_hidden_hidden_d1,2.07782220000081,33.24515520001296,473.890625,790f853705ee51949978512d8b54b0d0b07fdd8f8a56ab78ea4a32de93b7f747,2145,38610,1,1,5000,174867,194014,687429,464794,464794,464794,2026-07-24T01:24:55.702569+08:00
capacity-k5000-p18-r2-w16,capacity_scan,5000k_18p,2,0,factorized,16,5000,stratified_midpoint,18,view_00_exact_exact_d0|view_01_exact_exact_d1|view_02_exact_coarse_d0|view_03_exact_coarse_d1|view_04_exact_hidden_d0|view_05_exact_hidden_d1|view_06_coarse_exact_d0|view_07_coarse_exact_d1|view_08_coarse_coarse_d0|view_09_coarse_coarse_d1|view_10_coarse_hidden_d0|view_11_coarse_hidden_d1|view_12_hidden_exact_d0|view_13_hidden_exact_d1|view_14_hidden_coarse_d0|view_15_hidden_coarse_d1|view_16_hidden_hidden_d0|view_17_hidden_hidden_d1,2.158127800001239,34.53004480001982,474.515625,790f853705ee51949978512d8b54b0d0b07fdd8f8a56ab78ea4a32de93b7f747,2145,38610,1,1,5000,174867,194014,687429,464794,464794,464794,2026-07-24T01:24:58.070363+08:00
capacity-k10000-p18-r0-w16,capacity_scan,10000k_18p,0,0,factorized,16,10000,stratified_midpoint,18,view_00_exact_exact_d0|view_01_exact_exact_d1|view_02_exact_coarse_d0|view_03_exact_coarse_d1|view_04_exact_hidden_d0|view_05_exact_hidden_d1|view_06_coarse_exact_d0|view_07_coarse_exact_d1|view_08_coarse_coarse_d0|view_09_coarse_coarse_d1|view_10_coarse_hidden_d0|view_11_coarse_hidden_d1|view_12_hidden_exact_d0|view_13_hidden_exact_d1|view_14_hidden_coarse_d0|view_15_hidden_coarse_d1|view_16_hidden_hidden_d0|view_17_hidden_hidden_d1,3.7893112000001565,60.628979200002505,481.10546875,bb930b8c78a002b9e9d7827ff8ecb304dbfd4cfc550bb54cea9059d525ba0d6d,4293,77274,1,1,10000,353450,392826,1376653,931712,931712,931712,2026-07-24T01:25:02.114553+08:00
capacity-k10000-p18-r1-w16,capacity_scan,10000k_18p,1,0,factorized,16,10000,stratified_midpoint,18,view_00_exact_exact_d0|view_01_exact_exact_d1|view_02_exact_coarse_d0|view_03_exact_coarse_d1|view_04_exact_hidden_d0|view_05_exact_hidden_d1|view_06_coarse_exact_d0|view_07_coarse_exact_d1|view_08_coarse_coarse_d0|view_09_coarse_coarse_d1|view_10_coarse_hidden_d0|view_11_coarse_hidden_d1|view_12_hidden_exact_d0|view_13_hidden_exact_d1|view_14_hidden_coarse_d0|view_15_hidden_coarse_d1|view_16_hidden_hidden_d0|view_17_hidden_hidden_d1,3.6057715000006283,57.69234400001005,481.41796875,bb930b8c78a002b9e9d7827ff8ecb304dbfd4cfc550bb54cea9059d525ba0d6d,4293,77274,1,1,10000,353450,392826,1376653,931712,931712,931712,2026-07-24T01:25:06.011450+08:00
capacity-k10000-p18-r2-w16,capacity_scan,10000k_18p,2,0,factorized,16,10000,stratified_midpoint,18,view_00_exact_exact_d0|view_01_exact_exact_d1|view_02_exact_coarse_d0|view_03_exact_coarse_d1|view_04_exact_hidden_d0|view_05_exact_hidden_d1|view_06_coarse_exact_d0|view_07_coarse_exact_d1|view_08_coarse_coarse_d0|view_09_coarse_coarse_d1|view_10_coarse_hidden_d0|view_11_coarse_hidden_d1|view_12_hidden_exact_d0|view_13_hidden_exact_d1|view_14_hidden_coarse_d0|view_15_hidden_coarse_d1|view_16_hidden_hidden_d0|view_17_hidden_hidden_d1,3.685096200000771,58.96153920001234,481.3046875,bb930b8c78a002b9e9d7827ff8ecb304dbfd4cfc550bb54cea9059d525ba0d6d,4293,77274,1,1,10000,353450,392826,1376653,931712,931712,931712,2026-07-24T01:25:09.956747+08:00
capacity-k24624-p18-r0-w16,capacity_scan,24624k_18p,0,0,factorized,16,24624,complete_grid,18,view_00_exact_exact_d0|view_01_exact_exact_d1|view_02_exact_coarse_d0|view_03_exact_coarse_d1|view_04_exact_hidden_d0|view_05_exact_hidden_d1|view_06_coarse_exact_d0|view_07_coarse_exact_d1|view_08_coarse_coarse_d0|view_09_coarse_coarse_d1|view_10_coarse_hidden_d0|view_11_coarse_hidden_d1|view_12_hidden_exact_d0|view_13_hidden_exact_d1|view_14_hidden_coarse_d0|view_15_hidden_coarse_d1|view_16_hidden_hidden_d0|view_17_hidden_hidden_d1,7.974227599999722,127.58764159999555,492.546875,a171500c18441ecbe3f8e05125a928ca5b88d5b874ee80a16d3d8e88b67fa411,10544,189792,1,1,24624,870555,967728,3382177,2288074,2288074,2288074,2026-07-24T01:25:18.315926+08:00
capacity-k24624-p18-r1-w16,capacity_scan,24624k_18p,1,0,factorized,16,24624,complete_grid,18,view_00_exact_exact_d0|view_01_exact_exact_d1|view_02_exact_coarse_d0|view_03_exact_coarse_d1|view_04_exact_hidden_d0|view_05_exact_hidden_d1|view_06_coarse_exact_d0|view_07_coarse_exact_d1|view_08_coarse_coarse_d0|view_09_coarse_coarse_d1|view_10_coarse_hidden_d0|view_11_coarse_hidden_d1|view_12_hidden_exact_d0|view_13_hidden_exact_d1|view_14_hidden_coarse_d0|view_15_hidden_coarse_d1|view_16_hidden_hidden_d0|view_17_hidden_hidden_d1,7.789524699999674,124.63239519999479,494.00390625,a171500c18441ecbe3f8e05125a928ca5b88d5b874ee80a16d3d8e88b67fa411,10544,189792,1,1,24624,870555,967728,3382177,2288074,2288074,2288074,2026-07-24T01:25:26.498855+08:00
capacity-k24624-p18-r2-w16,capacity_scan,24624k_18p,2,0,factorized,16,24624,complete_grid,18,view_00_exact_exact_d0|view_01_exact_exact_d1|view_02_exact_coarse_d0|view_03_exact_coarse_d1|view_04_exact_hidden_d0|view_05_exact_hidden_d1|view_06_coarse_exact_d0|view_07_coarse_exact_d1|view_08_coarse_coarse_d0|view_09_coarse_coarse_d1|view_10_coarse_hidden_d0|view_11_coarse_hidden_d1|view_12_hidden_exact_d0|view_13_hidden_exact_d1|view_14_hidden_coarse_d0|view_15_hidden_coarse_d1|view_16_hidden_hidden_d0|view_17_hidden_hidden_d1,8.633936000000176,138.14297600000282,494.26171875,a171500c18441ecbe3f8e05125a928ca5b88d5b874ee80a16d3d8e88b67fa411,10544,189792,1,1,24624,870555,967728,3382177,2288074,2288074,2288074,2026-07-24T01:25:35.525518+08:00
